SEXO;IDADE;RENDA;PERFIL_CONSUMIDOR_A;PERFIL_CONSUMIDOR_B;PERFIL_CONSUMIDOR_C;ESTADO_CIVIL_CASADO(A);ESTADO_CIVIL_DESQUITADO(A);ESTADO_CIVIL_DIVORCIADO(A);ESTADO_CIVIL_OUTROS;ESTADO_CIVIL_SEPARADO(A) JUDICIALMENTE;ESTADO_CIVIL_SOLTEIRO(A);AREA_CBO_0;AREA_CBO_1;AREA_CBO_2;AREA_CBO_3;AREA_CBO_4;AREA_CBO_5;AREA_CBO_6;AREA_CBO_7;AREA_CBO_8;AREA_CBO_9
0;-0.045363190002033205;-0.7557873868540548;0;0;1;0;0;0;0;0;1;0;0;0;0;0;0;0;1;0;0
0;0.5090456171485633;0.614722106228511;0;1;0;0;0;0;0;1;0;0;0;0;1;0;0;0;0;0;0
0;0.6938485528654289;-0.4989936005820585;0;0;1;0;0;0;0;1;0;0;0;0;0;0;1;0;0;0;0
0;-0.41496906143576423;-0.42145432673856936;0;0;1;1;0;0;0;0;0;0;0;0;0;1;0;0;0;0;0
0;0.23184121357326506;-0.5531727156684909;0;0;1;0;0;0;1;0;0;0;0;0;0;0;1;0;0;0;0
0;-0.13776465786046596;2.7193198750867555;1;0;0;1;0;0;0;0;0;0;1;0;0;0;0;0;0;0;0
0;1.802666167166622;-0.770026286263712;0;0;1;1;0;0;0;0;0;0;0;0;0;0;1;0;0;0;0
1;-0.045363190002033205;0.7042242493401037;0;1;0;0;0;0;0;0;1;0;0;1;0;0;0;0;0;0;0
0;0.4166441492901306;2.4104516160580154;1;0;0;1;0;0;0;0;0;0;1;0;0;0;0;0;0;0;0
0;-0.41496906143576423;-0.8265362755914942;0;0;1;0;0;0;0;0;1;0;0;0;0;0;1;0;0;0;0
0;0.7862500207238616;2.2465294572788577;0;1;0;1;0;0;0;0;0;0;1;0;0;0;0;0;0;0;0
0;3.4658925886184115;0.6961484556450745;0;1;0;1;0;0;0;0;0;0;0;0;0;0;1;0;0;0;0
0;2.172272038600353;-0.5739483462226391;0;0;1;0;0;0;0;0;1;0;0;0;0;0;1;0;0;0;0
0;-0.13776465786046596;-0.6551484637275423;0;0;1;0;0;0;0;0;1;0;0;0;0;1;0;0;0;0;0
0;0.23184121357326506;-0.7543854345530078;0;0;1;0;0;0;0;0;1;0;0;0;0;1;0;0;0;0;0
0;0.8786514885822944;-0.09434012125879354;0;0;1;0;0;0;0;0;1;0;0;0;0;0;0;0;0;0;1
1;0.1394397457148323;-0.32160378754663094;0;0;1;0;0;0;0;0;1;0;0;0;0;0;1;0;0;0;0
0;1.802666167166622;-0.7588380899052332;0;0;1;1;0;0;0;0;0;0;0;0;0;0;0;0;1;0;0
1;-0.507370529294197;-0.7922587132187038;0;0;1;0;0;0;0;0;1;0;0;0;0;1;0;0;0;0;0
0;0.9710529564407272;1.0146487097005679;0;1;0;1;0;0;0;0;0;0;1;0;0;0;0;0;0;0;0
0;0.04703827785639956;-0.4837606518635904;0;0;1;1;0;0;0;0;0;0;0;0;0;0;1;0;0;0;0
0;2.2646735064587857;-0.4319398330684059;0;0;1;1;0;0;0;0;0;0;0;0;1;0;0;0;0;0;0
0;-0.3225675935773315;-0.8265362755914942;0;0;1;0;0;0;0;0;1;0;0;0;0;0;1;0;0;0;0
1;0.04703827785639956;-0.6581717447288223;0;0;1;1;0;0;0;0;0;0;0;0;0;1;0;0;0;0;0
0;-0.045363190002033205;-0.33497203687201915;0;0;1;1;0;0;0;0;0;0;0;0;0;0;0;0;0;0;1
0;-0.507370529294197;-0.6581648892163479;0;0;1;0;0;0;0;0;1;0;0;0;0;1;0;0;0;0;0
1;-0.507370529294197;-0.7784002947513847;0;0;1;0;0;0;0;0;1;0;0;0;0;1;0;0;0;0;0
0;3.2810896529015463;0.3219677292712203;0;1;0;1;0;0;0;0;0;0;1;0;0;0;0;0;0;0;0
0;-0.7845749328694953;-0.7649120739576917;0;0;1;0;0;0;0;0;1;0;0;0;0;0;0;0;0;0;1
0;0.4166441492901306;-0.7069075829104557;0;0;1;1;0;0;0;0;0;0;0;0;0;0;0;0;0;0;1
0;1.802666167166622;-0.5072613486263755;0;0;1;0;0;0;1;0;0;0;0;0;0;0;1;0;0;0;0
0;1.3406588278744582;-0.12039449641835141;0;0;1;1;0;0;0;0;0;0;0;0;0;1;0;0;0;0;0
1;-0.41496906143576423;-0.6146015351967685;0;0;1;0;0;0;0;0;1;0;0;0;0;1;0;0;0;0;0
0;0.7862500207238616;2.868636364538868;1;0;0;0;0;0;0;0;1;0;1;0;0;0;0;0;0;0;0
1;-0.13776465786046596;-0.43596401889097147;0;0;1;1;0;0;0;0;0;0;0;0;0;1;0;0;0;0;0
0;1.8950676350250548;1.2872513077388954;0;1;0;0;0;0;0;0;1;0;0;0;0;0;1;0;0;0;0
1;-0.41496906143576423;-0.7922587132187038;0;0;1;0;0;0;0;0;1;1;0;0;0;0;0;0;0;0;0
0;-0.3225675935773315;-0.5440308897836678;0;0;1;0;0;0;0;0;1;0;0;0;0;1;0;0;0;0;0
0;-0.41496906143576423;0.6906434791280043;0;1;0;0;0;0;0;1;0;0;1;0;0;0;0;0;0;0;0
1;-0.507370529294197;-0.7922587132187038;0;0;1;0;0;0;0;0;1;1;0;0;0;0;0;0;0;0;0
0;2.172272038600353;1.8731645368894758;0;1;0;1;0;0;0;0;0;0;1;0;0;0;0;0;0;0;0
0;-0.41496906143576423;-0.17778541909911444;0;0;1;1;0;0;0;0;0;0;0;0;0;0;1;0;0;0;0
1;0.1394397457148323;-0.7586667020933693;0;0;1;0;0;0;0;0;1;0;0;0;0;0;1;0;0;0;0
0;2.541877910034084;-0.4152055271180097;0;0;1;0;0;0;1;0;0;0;0;0;0;1;0;0;0;0;0
0;0.6938485528654289;-0.2831203682706992;0;0;1;1;0;0;0;0;0;0;0;0;0;0;0;0;1;0;0
0;0.4166441492901306;-0.2438177152540578;0;0;1;1;0;0;0;0;0;0;0;0;0;0;0;0;0;0;1
0;0.4166441492901306;-0.248955921853739;0;0;1;1;0;0;0;0;0;0;0;0;0;0;1;0;0;0;0
0;0.5090456171485633;-0.622824722410001;0;0;1;0;0;0;1;0;0;0;0;0;0;0;0;0;0;0;1
0;0.1394397457148323;-0.20655457719859735;0;0;1;1;0;0;0;0;0;0;0;0;0;0;1;0;0;0;0
0;-0.507370529294197;-0.09773702768993701;0;0;1;0;0;0;0;0;1;0;0;0;0;1;0;0;0;0;0
0;1.06345442429916;0.03183215807921061;0;1;0;0;0;0;0;0;1;0;0;1;0;0;0;0;0;0;0
0;-0.3225675935773315;-0.5883483501754484;0;0;1;0;0;0;0;0;1;0;0;0;1;0;0;0;0;0;0
1;1.433060295732891;0.08146606839501098;0;1;0;0;0;0;0;0;1;0;0;0;0;1;0;0;0;0;0
1;1.2482573600160254;-0.6980708273307504;0;0;1;1;0;0;0;0;0;0;0;0;0;1;0;0;0;0;0
1;-0.876976400727928;-0.9590738982621254;0;0;1;0;0;0;0;0;1;0;0;0;0;1;0;0;0;0;0
0;-0.045363190002033205;-0.2840081571361545;0;0;1;1;0;0;0;0;0;0;0;0;0;0;1;0;0;0;0
0;1.433060295732891;-0.40813406600050295;0;0;1;0;0;0;0;0;1;0;0;0;0;0;0;0;1;0;0
1;-0.41496906143576423;-0.3739250587524583;0;0;1;0;0;0;0;0;1;0;0;0;0;1;0;0;0;0;0
0;-0.41496906143576423;-0.7858213870050939;0;0;1;1;0;0;0;0;0;0;0;0;0;0;0;0;0;0;1
1;0.04703827785639956;-0.6885759425534874;0;0;1;0;0;0;0;0;1;0;0;0;0;1;0;0;0;0;0
1;0.04703827785639956;-0.3966956434367029;0;0;1;0;0;0;0;0;1;0;0;0;0;1;0;0;0;0;0
1;1.2482573600160254;0.648811142008251;0;1;0;0;0;0;0;0;1;0;0;1;0;0;0;0;0;0;0
0;1.5254617635913237;-0.4837606518635904;0;0;1;0;0;0;0;0;1;0;1;0;0;0;0;0;0;0;0
0;1.1558558921575928;0.09461151356497621;0;1;0;1;0;0;0;0;0;0;1;0;0;0;0;0;0;0;0
1;0.4166441492901306;-0.21936753001354642;0;0;1;0;0;0;0;0;1;0;0;1;0;0;0;0;0;0;0
0;-0.045363190002033205;-0.1792902040872799;0;0;1;1;0;0;0;0;0;0;0;0;0;0;0;0;0;0;1
0;2.07987057074192;-0.7535147844687389;0;0;1;1;0;0;0;0;0;0;0;0;0;0;1;0;0;0;0
1;-1.246582272161659;-0.9452463296009419;0;0;1;0;0;0;0;0;1;0;0;0;0;1;0;0;0;0;0
0;0.1394397457148323;1.2943878962249102;0;1;0;0;0;0;0;0;1;0;1;0;0;0;0;0;0;0;0
0;-0.5997719971526297;-0.6958633523139427;0;0;1;0;0;0;0;0;1;0;0;0;0;0;1;0;0;0;0
0;1.8950676350250548;4.845488513946196;1;0;0;1;0;0;0;0;0;0;0;1;0;0;0;0;0;0;0
0;0.7862500207238616;-0.22020047477920518;0;0;1;1;0;0;0;0;0;0;0;0;0;0;1;0;0;0;0
0;0.5090456171485633;-0.5989606834860642;0;0;1;0;0;0;0;1;0;0;0;0;1;0;0;0;0;0;0
0;-1.0617793364447936;-0.9498703727650312;0;0;1;0;0;0;0;0;1;0;0;0;0;1;0;0;0;0;0
1;-0.3225675935773315;-0.6681979317228636;0;0;1;0;0;0;0;0;1;0;0;0;0;1;0;0;0;0;0
1;-0.13776465786046596;-0.6213405039592591;0;0;1;0;0;0;0;0;1;0;0;0;0;1;0;0;0;0;0
0;0.04703827785639956;-0.46976169539054285;0;0;1;0;0;0;0;0;1;0;0;0;0;0;0;0;0;0;1
0;0.4166441492901306;0.07301322151388093;0;1;0;0;0;0;0;0;1;0;0;0;0;0;0;0;0;0;1
1;-0.41496906143576423;-0.8258507243440384;0;0;1;0;0;0;0;0;1;0;0;0;0;1;0;0;0;0;0
0;-0.045363190002033205;0.3830777674694309;0;1;0;1;0;0;0;0;0;0;0;0;1;0;0;0;0;0;0
0;1.1558558921575928;-0.3860181827575786;0;0;1;0;0;0;0;0;1;0;0;0;0;1;0;0;0;0;0
0;1.3406588278744582;0.06802583618864001;0;1;0;0;0;0;0;0;1;0;0;0;0;0;0;0;0;0;1
0;-1.0617793364447936;-0.7922587132187038;0;0;1;0;0;0;0;0;1;0;0;0;0;1;0;0;0;0;0
0;0.23184121357326506;2.222668846111158;0;1;0;1;0;0;0;0;0;0;0;0;0;0;0;0;0;0;1
0;0.4166441492901306;-0.16036213414502512;0;0;1;1;0;0;0;0;0;0;0;0;0;0;0;0;0;0;1
1;0.1394397457148323;-0.22128707350642265;0;0;1;0;0;0;0;0;1;0;0;1;0;0;0;0;0;0;0
0;-0.6921734650110625;0.03537303027231983;0;1;0;0;0;0;0;0;1;0;0;1;0;0;0;0;0;0;0
0;0.6938485528654289;-0.6134429535885683;0;0;1;0;0;0;0;1;0;0;0;0;0;0;0;0;0;0;1
0;0.3242426814316978;-0.39054624874702426;0;0;1;1;0;0;0;0;0;0;0;0;1;0;0;0;0;0;0
0;1.3406588278744582;0.29870011993257;0;1;0;0;0;0;0;0;1;0;0;0;0;0;1;0;0;0;0
0;1.06345442429916;0.2476436907782988;0;1;0;1;0;0;0;0;0;0;0;0;1;0;0;0;0;0;0
0;-0.507370529294197;0.5830222165461543;0;1;0;0;0;0;0;0;1;0;0;0;0;0;1;0;0;0;0
0;0.8786514885822944;-0.636816823370574;0;0;1;0;0;0;0;0;1;0;0;0;0;1;0;0;0;0;0
0;-0.507370529294197;-0.6365323196028798;0;0;1;0;0;0;0;0;1;0;0;0;1;0;0;0;0;0;0
0;0.23184121357326506;0.10602936959135267;0;1;0;1;0;0;0;0;0;0;0;0;0;0;1;0;0;0;0
0;0.6938485528654289;-0.551798185417342;0;0;1;1;0;0;0;0;0;0;0;0;0;0;1;0;0;0;0
1;-1.1541808043032262;-0.9470356183568015;0;0;1;0;0;0;0;0;1;0;0;0;0;1;0;0;0;0;0
1;0.3242426814316978;0.34710346575918744;0;1;0;0;0;0;0;0;1;0;0;0;0;1;0;0;0;0;0
0;-0.41496906143576423;-0.13781778137244088;0;0;1;0;0;0;0;0;1;0;0;1;0;0;0;0;0;0;0
0;-0.41496906143576423;-0.5721179243919322;0;0;1;1;0;0;0;0;0;0;0;0;1;0;0;0;0;0;0
1;0.5090456171485633;0.5645945990145423;0;1;0;1;0;0;0;0;0;0;0;0;0;0;1;0;0;0;0
0;0.04703827785639956;-0.2292326124644354;0;0;1;0;0;0;0;1;0;0;0;0;0;0;1;0;0;0;0
0;-1.1541808043032262;-0.9375681556294367;0;0;1;0;0;0;0;0;1;0;0;0;0;1;0;0;0;0;0
0;-0.13776465786046596;-0.5895891979333434;0;0;1;1;0;0;0;0;0;0;0;0;0;0;1;0;0;0;0
0;0.8786514885822944;-0.043976098864452536;0;1;0;1;0;0;0;0;0;0;0;0;0;0;0;0;1;0;0
0;0.1394397457148323;-0.6631282802479279;0;0;1;1;0;0;0;0;0;0;0;0;0;1;0;0;0;0;0
0;-0.6921734650110625;-0.43737282670449323;0;0;1;1;0;0;0;0;0;0;0;0;0;0;0;0;0;0;1
1;-0.13776465786046596;-0.2960909978725631;0;0;1;1;0;0;0;0;0;0;0;0;0;0;1;0;0;0;0
1;-1.4313852078785245;-0.9148044264576668;0;0;1;0;0;0;0;0;1;0;0;0;0;1;0;0;0;0;0
1;0.8786514885822944;-0.31292128099760314;0;0;1;0;0;0;0;0;1;0;0;0;0;0;1;0;0;0;0
0;-0.507370529294197;-0.10502100969415497;0;0;1;0;0;0;0;0;1;0;0;0;0;0;1;0;0;0;0
0;-1.5237866757369574;-0.9187771959366731;0;0;1;0;0;0;0;0;1;0;0;0;0;1;0;0;0;0;0
0;0.23184121357326506;-0.5843721529402047;0;0;1;1;0;0;0;0;0;0;0;0;0;0;0;0;0;0;1
1;-0.41496906143576423;-0.03560551813301726;0;1;0;1;0;0;0;0;0;0;0;0;0;1;0;0;0;0;0
1;-1.338983740020092;-0.9148044264576668;0;0;1;0;0;0;0;0;1;0;0;0;0;1;0;0;0;0;0
0;1.06345442429916;0.19557607353403017;0;1;0;1;0;0;0;0;0;0;0;0;0;0;0;0;0;0;1
1;-0.6921734650110625;0.0016267701163077684;0;1;0;0;0;0;0;0;1;0;0;1;0;0;0;0;0;0;0
0;-0.23016612571889872;-0.4249780601504922;0;0;1;0;0;0;0;0;1;0;0;0;1;0;0;0;0;0;0
0;0.23184121357326506;1.2439964517806712;0;1;0;1;0;0;0;0;0;0;0;1;0;0;0;0;0;0;0
0;1.2482573600160254;-0.5721179243919322;0;0;1;1;0;0;0;0;0;0;0;0;0;0;1;0;0;0;0
0;-0.13776465786046596;-0.565262411917374;0;0;1;1;0;0;0;0;0;0;0;0;1;0;0;0;0;0;0
0;-0.5997719971526297;-0.3053013788821318;0;0;1;0;0;0;0;0;1;0;0;0;0;0;0;0;0;0;1
0;1.6178632314497565;-0.2960909978725631;0;0;1;1;0;0;0;0;0;0;0;0;0;0;1;0;0;0;0
1;0.9710529564407272;-0.5451174885108852;0;0;1;1;0;0;0;0;0;0;1;0;0;0;0;0;0;0;0
1;-0.9693778685863608;-0.22727879140918641;0;0;1;0;0;0;0;0;1;0;0;0;0;1;0;0;0;0;0
0;-0.6921734650110625;0.7459194762103661;0;1;0;0;0;0;0;0;1;0;0;1;0;0;0;0;0;0;0
0;-0.6921734650110625;-0.04056890916459731;0;1;0;0;0;0;0;0;1;0;0;0;0;0;0;0;0;0;1
0;1.433060295732891;5.061416590357352;1;0;0;1;0;0;0;0;0;0;1;0;0;0;0;0;0;0;0
0;0.1394397457148323;-0.3856102797653424;0;0;1;0;0;0;1;0;0;0;0;0;1;0;0;0;0;0;0
0;0.1394397457148323;0.4963068392554693;0;1;0;1;0;0;0;0;0;0;0;0;0;0;0;0;0;0;1
0;-0.507370529294197;0.11715243858132308;0;1;0;0;0;0;0;0;1;0;0;0;0;0;0;0;0;0;1
0;-1.4313852078785245;-0.9108796455659821;0;0;1;0;0;0;0;0;1;0;0;0;0;1;0;0;0;0;0
0;-0.7845749328694953;-0.17196508900821464;0;0;1;0;0;0;0;0;1;0;0;0;0;0;0;0;0;0;1
0;-0.5997719971526297;-0.42145089898233207;0;0;1;0;0;0;0;0;1;0;0;0;0;1;0;0;0;0;0
0;0.6014470850069961;0.7628080311914398;0;1;0;1;0;0;0;0;0;0;0;0;0;0;0;0;0;0;1
0;0.6938485528654289;-0.5500740240299907;0;0;1;1;0;0;0;0;0;0;0;0;0;0;0;0;0;0;1
0;0.23184121357326506;0.11898286041203014;0;1;0;0;0;0;0;0;1;0;0;0;0;0;0;0;0;0;1
0;0.5090456171485633;-0.5008994330499856;0;0;1;0;0;0;0;0;1;0;0;0;0;0;0;1;0;0;0
1;0.23184121357326506;3.6174742754035583;1;0;0;0;0;0;1;0;0;0;0;1;0;0;0;0;0;0;0
1;0.4166441492901306;-0.2856603356425231;0;0;1;0;0;0;0;0;1;0;0;0;0;1;0;0;0;0;0
0;-0.9693778685863608;-0.1326144474042512;0;0;1;0;0;0;0;0;1;0;0;1;0;0;0;0;0;0;0
0;-0.6921734650110625;0.009068428907440572;0;1;0;0;0;0;0;0;1;0;0;0;0;0;1;0;0;0;0
0;0.7862500207238616;-0.16331686002155962;0;0;1;1;0;0;0;0;0;0;0;0;0;0;1;0;0;0;0
1;-0.3225675935773315;-0.19862960477800826;0;0;1;0;0;0;0;0;1;0;0;0;0;1;0;0;0;0;0
1;-0.507370529294197;-0.36535909591549787;0;0;1;0;0;0;0;0;1;0;0;1;0;0;0;0;0;0;0
0;-1.1541808043032262;-0.3672375063335268;0;0;1;0;0;0;0;0;1;0;0;0;0;1;0;0;0;0;0
0;0.3242426814316978;-0.3349309037971719;0;0;1;1;0;0;0;0;0;0;0;0;0;0;0;0;0;0;1
1;0.6014470850069961;0.6679894381558271;0;1;0;0;1;0;0;0;0;0;0;0;0;1;0;0;0;0;0
0;0.8786514885822944;-0.5439383403652612;0;0;1;0;0;0;0;0;1;0;0;0;0;0;1;0;0;0;0
0;-1.6161881435953902;-0.8934357940744692;0;0;1;0;0;0;0;0;1;0;0;0;0;1;0;0;0;0;0
0;-0.7845749328694953;-0.568073172031943;0;0;1;1;0;0;0;0;0;0;0;0;1;0;0;0;0;0;0
0;0.23184121357326506;0.08704988330553867;0;1;0;1;0;0;0;0;0;0;0;0;0;0;1;0;0;0;0
0;-1.5237866757369574;-0.8899806157872919;0;0;1;0;0;0;0;0;1;0;0;0;0;1;0;0;0;0;0
0;-0.507370529294197;-0.2768955629438005;0;0;1;0;0;0;0;0;1;0;0;1;0;0;0;0;0;0;0
0;0.04703827785639956;-0.208220466729915;0;0;1;1;0;0;0;0;0;0;0;0;0;1;0;0;0;0;0
1;-1.246582272161659;-0.7922587132187038;0;0;1;0;0;0;0;0;1;0;0;0;0;1;0;0;0;0;0
0;-1.4313852078785245;-0.7922587132187038;0;0;1;0;0;0;0;0;1;1;0;0;0;0;0;0;0;0;0
0;-0.23016612571889872;0.252178612280219;0;1;0;1;0;0;0;0;0;0;0;1;0;0;0;0;0;0;0
0;0.04703827785639956;-0.33602435803686387;0;0;1;1;0;0;0;0;0;0;0;0;0;0;0;0;0;0;1
0;0.3242426814316978;-0.09435040452750529;0;0;1;1;0;0;0;0;0;0;0;0;1;0;0;0;0;0;0
0;-0.5997719971526297;-0.6572908113758417;0;0;1;0;0;0;1;0;0;0;0;0;0;0;0;0;0;0;1
0;-0.045363190002033205;-0.5173081021578403;0;0;1;0;0;0;0;0;1;0;0;0;0;1;0;0;0;0;0
0;0.1394397457148323;1.3181696689991524;0;1;0;1;0;0;0;0;0;0;0;1;0;0;0;0;0;0;0
0;-0.045363190002033205;0.12950607206047673;0;1;0;0;0;0;0;1;0;0;0;0;1;0;0;0;0;0;0
0;-0.23016612571889872;-0.6475217060995965;0;0;1;1;0;0;0;0;0;0;0;0;0;0;0;0;0;0;1
0;0.8786514885822944;-0.0356020903767799;0;1;0;1;0;0;0;0;0;0;0;0;1;0;0;0;0;0;0
1;-0.23016612571889872;0.009678569517676153;0;1;0;1;0;0;0;0;0;0;0;0;0;0;1;0;0;0;0
0;0.5090456171485633;0.5191973954080187;0;1;0;1;0;0;0;0;0;0;0;0;0;0;1;0;0;0;0
0;0.8786514885822944;-0.6688594886766585;0;0;1;0;0;0;0;0;1;0;0;0;0;0;0;1;0;0;0
0;-0.5997719971526297;-0.4788589604442814;0;0;1;0;0;0;0;0;1;0;0;0;0;1;0;0;0;0;0
0;1.3406588278744582;0.6753179809911297;0;1;0;0;0;0;1;0;0;0;0;0;1;0;0;0;0;0;0
0;-0.41496906143576423;0.07889525121705171;0;1;0;1;0;0;0;0;0;0;0;0;1;0;0;0;0;0;0
1;1.7102646993081891;-0.3633058699293678;0;0;1;0;0;0;1;0;0;0;0;0;0;0;1;0;0;0;0
0;-1.338983740020092;0.665446043027766;0;1;0;0;0;0;0;0;1;0;0;0;1;0;0;0;0;0;0
1;-1.6161881435953902;-0.8755943228594317;0;0;1;0;0;0;0;0;1;0;0;0;0;1;0;0;0;0;0
0;-1.0617793364447936;-0.5649059252686971;0;0;1;0;0;0;0;0;1;0;0;0;1;0;0;0;0;0;0
0;0.7862500207238616;1.0374775662408464;0;1;0;1;0;0;0;0;0;0;0;0;1;0;0;0;0;0;0
0;-0.045363190002033205;0.4799427309786993;0;1;0;0;0;0;0;0;1;0;0;0;0;0;1;0;0;0;0
1;0.23184121357326506;3.4020260848656214;1;0;0;0;0;0;0;0;1;0;1;0;0;0;0;0;0;0;0
1;-0.876976400727928;0.14079710110607388;0;1;0;0;0;0;0;0;1;0;0;0;0;1;0;0;0;0;0
0;0.04703827785639956;0.22603854321472894;0;1;0;0;0;0;0;0;1;0;0;0;0;0;0;0;0;0;1
1;1.1558558921575928;-0.4152809377552298;0;0;1;0;0;0;0;0;1;0;0;0;0;0;1;0;0;0;0
0;0.9710529564407272;1.0516547660382325;0;1;0;1;0;0;0;0;0;0;0;0;0;1;0;0;0;0;0
0;-0.7845749328694953;0.4196484987649608;0;1;0;0;0;0;0;0;1;0;0;0;0;1;0;0;0;0;0
1;-0.41496906143576423;0.37169418900542717;0;1;0;0;0;0;0;0;1;0;0;1;0;0;0;0;0;0;0
0;0.7862500207238616;-0.1326144474042512;0;0;1;0;0;0;0;0;1;0;0;0;0;1;0;0;0;0;0
0;-1.1541808043032262;-0.4988119295014827;0;0;1;0;0;0;0;0;1;0;0;0;0;1;0;0;0;0;0
0;-1.0617793364447936;-0.32135356134130955;0;0;1;0;0;0;0;0;1;0;0;0;0;0;0;0;0;0;1
0;-0.13776465786046596;0.23140640948230803;0;1;0;0;0;0;0;0;1;0;0;1;0;0;0;0;0;0;0
0;0.9710529564407272;0.07708539592376845;0;1;0;0;0;0;0;0;1;0;0;0;1;0;0;0;0;0;0
0;-1.1541808043032262;-0.046313828618276896;0;1;0;0;0;0;0;0;1;0;0;0;0;0;0;0;0;0;1
0;-1.6161881435953902;-0.24689584035513437;0;0;1;0;0;0;0;0;1;0;0;0;0;1;0;0;0;0;0
0;0.5090456171485633;0.006219963474261554;0;1;0;0;0;0;0;0;1;0;0;0;0;0;0;0;0;0;1
0;-0.9693778685863608;0.4727273040992268;0;1;0;0;0;0;0;0;1;0;0;1;0;0;0;0;0;0;0
0;0.23184121357326506;-0.3236090249454393;0;0;1;0;0;0;0;0;1;0;0;0;0;1;0;0;0;0;0
0;-0.6921734650110625;-0.5564222285814314;0;0;1;0;0;0;0;1;0;0;0;0;0;0;0;0;0;0;1
0;-0.5997719971526297;0.22150019395657158;0;1;0;0;0;0;0;0;1;0;0;0;0;1;0;0;0;0;0
0;-1.338983740020092;-0.33833809349702726;0;0;1;0;0;0;0;0;1;0;0;0;0;1;0;0;0;0;0
0;0.5090456171485633;-0.38333082186755196;0;0;1;0;0;0;0;0;1;0;0;0;0;0;0;1;0;0;0
0;-1.8933925471706885;-0.8591959370202887;0;0;1;0;0;0;0;0;1;0;0;0;0;1;0;0;0;0;0
0;-1.246582272161659;-0.1326144474042512;0;0;1;0;0;0;0;0;1;0;0;0;1;0;0;0;0;0;0
1;-0.3225675935773315;1.2228574790653712;0;1;0;1;0;0;0;0;0;0;0;0;0;1;0;0;0;0;0
0;-1.1541808043032262;-0.5352112729851487;0;0;1;0;0;0;0;0;1;0;0;0;0;1;0;0;0;0;0
0;1.06345442429916;0.5284694760298585;0;1;0;1;0;0;0;0;0;0;0;0;0;0;0;0;0;0;1
0;-1.0617793364447936;-0.07333140328051033;0;0;1;0;0;0;0;0;1;0;0;0;0;0;0;0;0;0;1
0;-1.8009910793122557;-0.4982394942098571;0;0;1;0;0;0;0;0;1;0;0;0;0;1;0;0;0;0;0
0;-0.41496906143576423;0.37669185759938;0;1;0;0;0;0;0;0;1;0;0;1;0;0;0;0;0;0;0
0;-0.41496906143576423;-0.19473567369245923;0;0;1;0;0;0;0;1;0;0;0;0;0;0;0;0;1;0;0
0;0.1394397457148323;0.5793510896160284;0;1;0;1;0;0;0;0;0;0;0;0;0;0;0;0;0;0;1
0;-1.7085896114538228;-0.5103840345585368;0;0;1;0;0;0;0;0;1;0;0;0;0;1;0;0;0;0;0
1;-1.8009910793122557;-0.8087222264263549;0;0;1;0;0;0;0;0;1;0;0;0;0;1;0;0;0;0;0
0;0.23184121357326506;-0.17526259050847703;0;0;1;0;0;0;0;0;1;0;0;0;0;0;0;1;0;0;0
0;-0.5997719971526297;0.11026264854439224;0;1;0;1;0;0;0;0;0;0;0;0;0;0;1;0;0;0;0
0;-1.338983740020092;-0.29869266485665796;0;0;1;0;0;0;0;0;1;0;0;0;0;1;0;0;0;0;0
0;1.433060295732891;-0.39103984564519245;0;0;1;0;0;0;0;1;0;0;0;0;0;0;1;0;0;0;0
0;-0.5997719971526297;-0.31025448664500016;0;0;1;1;0;0;0;0;0;0;0;0;0;0;1;0;0;0;0
0;0.7862500207238616;1.1486636953094667;0;1;0;1;0;0;0;0;0;0;0;0;1;0;0;0;0;0;0
0;0.7862500207238616;0.1577953442867407;0;1;0;0;0;0;0;0;1;0;0;1;0;0;0;0;0;0;0
1;0.23184121357326506;0.14079710110607388;0;1;0;0;0;0;0;0;1;0;0;0;1;0;0;0;0;0;0
0;0.3242426814316978;0.3792386804836784;0;1;0;0;0;0;1;0;0;0;0;0;0;1;0;0;0;0;0
0;0.5090456171485633;0.7995741445924948;0;1;0;0;0;0;0;1;0;0;0;0;1;0;0;0;0;0;0
0;-0.41496906143576423;0.1996242536502567;0;1;0;1;0;0;0;0;0;0;0;0;0;0;0;0;0;0;1
1;-1.338983740020092;0.4826986469934716;0;1;0;0;0;0;0;0;1;0;0;1;0;0;0;0;0;0;0
0;-0.045363190002033205;0.36999402191173675;0;1;0;1;0;0;0;0;0;0;0;0;0;0;0;0;0;0;1
1;-0.41496906143576423;0.9416477851152365;0;1;0;0;0;0;0;0;1;0;0;0;0;1;0;0;0;0;0
1;-0.13776465786046596;0.022614921557167322;0;1;0;1;0;0;0;0;0;0;0;0;0;0;1;0;0;0;0
0;-0.7845749328694953;-0.26168660851899345;0;0;1;0;0;0;0;0;1;0;0;0;0;1;0;0;0;0;0
1;0.4166441492901306;0.37669185759938;0;1;0;0;0;0;0;0;1;0;0;0;0;1;0;0;0;0;0
0;-1.338983740020092;0.17909884930142994;0;1;0;0;0;0;0;0;1;0;0;0;1;0;0;0;0;0;0
0;-0.9693778685863608;-0.286716084563605;0;0;1;0;0;0;0;0;1;0;0;0;0;0;1;0;0;0;0
0;0.4166441492901306;4.670861472438016;1;0;0;1;0;0;0;0;0;0;1;0;0;0;0;0;0;0;0
0;0.9710529564407272;0.28899614202483304;0;1;0;0;0;0;1;0;0;0;0;0;0;0;0;0;0;0;1
0;-0.13776465786046596;3.034471211298427;1;0;0;1;0;0;0;0;0;0;0;0;0;0;0;0;1;0;0
0;0.3242426814316978;0.6705739663587355;0;1;0;1;0;0;0;0;0;0;0;1;0;0;0;0;0;0;0
0;0.6014470850069961;-0.29548085726232737;0;0;1;1;0;0;0;0;0;0;0;0;0;0;0;1;0;0;0
0;-0.5997719971526297;-0.32769491038027576;0;0;1;0;0;0;0;0;1;0;0;0;0;0;1;0;0;0;0
0;-0.41496906143576423;-0.054835230624152624;0;1;0;1;0;0;0;0;0;0;0;0;1;0;0;0;0;0;0
0;-1.5237866757369574;-0.5612416538510457;0;0;1;0;0;0;0;0;1;0;0;0;0;1;0;0;0;0;0
0;-1.8933925471706885;-0.8538143597277608;0;0;1;0;0;0;0;0;1;0;0;0;0;1;0;0;0;0;0
1;-1.0617793364447936;-0.2630131501828204;0;0;1;0;0;0;0;0;1;0;0;0;1;0;0;0;0;0;0
0;0.4166441492901306;0.9627867578305364;0;1;0;0;0;0;0;0;1;0;0;0;0;0;0;0;0;0;1
0;-1.7085896114538228;-0.22355282037926416;0;0;1;0;0;0;0;0;1;0;0;0;0;1;0;0;0;0;0
1;-0.5997719971526297;0.8973029026735576;0;1;0;1;0;0;0;0;0;0;0;0;0;1;0;0;0;0;0
0;1.433060295732891;1.16881547422843;0;1;0;0;0;0;1;0;0;0;0;1;0;0;0;0;0;0;0
0;-1.8009910793122557;-0.8421942660833848;0;0;1;0;0;0;0;0;1;0;0;0;0;1;0;0;0;0;0
0;0.4166441492901306;0.33046170922719764;0;1;0;0;0;0;0;0;1;0;0;0;0;0;1;0;0;0;0
0;-0.876976400727928;-0.28671951231984216;0;0;1;1;0;0;0;0;0;0;0;0;0;0;1;0;0;0;0
0;0.6938485528654289;0.3471137490278992;0;1;0;1;0;0;0;0;0;0;0;1;0;0;0;0;0;0;0
0;-1.4313852078785245;-0.4024474184028571;0;0;1;0;0;0;0;0;1;0;0;0;0;1;0;0;0;0;0
0;-0.13776465786046596;-0.3650608811228546;0;0;1;0;0;0;1;0;0;0;0;0;0;0;0;0;0;0;1
0;-1.338983740020092;-0.1285662672880247;0;0;1;0;0;0;0;0;1;0;0;0;1;0;0;0;0;0;0
0;-1.6161881435953902;-0.1449338033210321;0;0;1;0;0;0;0;0;1;0;0;0;0;0;0;0;0;0;1
0;1.1558558921575928;0.4077816066715008;0;1;0;1;0;0;0;0;0;0;0;0;1;0;0;0;0;0;0
1;-0.7845749328694953;-0.535176995422776;0;0;1;1;0;0;0;0;0;0;0;0;0;1;0;0;0;0;0
0;-1.5237866757369574;-0.535176995422776;0;0;1;0;0;0;0;0;1;0;0;0;0;1;0;0;0;0;0
0;0.04703827785639956;-0.07333140328051033;0;0;1;0;0;0;0;0;1;0;0;0;1;0;0;0;0;0;0
1;0.6938485528654289;0.37669528535561736;0;1;0;0;0;0;1;0;0;0;0;0;0;1;0;0;0;0;0
0;0.6938485528654289;3.577791141444579;1;0;0;1;0;0;0;0;0;0;0;1;0;0;0;0;0;0;0
0;-0.045363190002033205;0.9029381339276442;0;1;0;1;0;0;0;0;0;0;0;1;0;0;0;0;0;0;0
0;-0.23016612571889872;2.542927539116376;1;0;0;0;0;0;0;0;1;0;1;0;0;0;0;0;0;0;0
0;1.9874691028834874;0.10699599685026526;0;1;0;1;0;0;0;0;0;0;0;0;0;0;1;0;0;0;0
1;0.7862500207238616;-0.5319446212910218;0;0;1;1;0;0;0;0;0;0;0;0;0;1;0;0;0;0;0
0;1.06345442429916;-0.8059697381678199;0;0;1;0;0;0;0;0;1;0;0;0;1;0;0;0;0;0;0
0;2.172272038600353;-0.21634424901226626;0;0;1;1;0;0;0;0;0;0;0;0;0;0;1;0;0;0;0
0;0.4166441492901306;-0.7678462332968025;0;0;1;0;0;0;0;0;1;0;0;0;0;0;0;0;0;0;1
0;0.6014470850069961;-0.5899216902883595;0;0;1;1;0;0;0;0;0;0;0;0;0;0;1;0;0;0;0
0;-0.507370529294197;-0.3994961202825599;0;0;1;1;0;0;0;0;0;0;0;0;0;0;0;0;0;0;1
0;0.4166441492901306;-0.8100727623838431;0;0;1;1;0;0;0;0;0;0;0;0;0;0;0;0;1;0;0
0;0.04703827785639956;0.598985277343163;0;1;0;0;0;0;0;0;1;0;0;0;1;0;0;0;0;0;0
0;-0.13776465786046596;-0.4411262197843137;0;0;1;0;0;0;0;0;1;0;0;1;0;0;0;0;0;0;0
0;2.6342793778925166;1.0060381860325232;0;1;0;1;0;0;0;0;0;0;0;0;0;0;1;0;0;0;0
0;0.5090456171485633;-0.6582265888286188;0;0;1;0;0;0;0;0;1;0;0;0;0;0;0;0;0;0;1
1;-0.045363190002033205;0.816490121623467;0;1;0;0;0;0;0;0;1;0;0;1;0;0;0;0;0;0;0
0;1.7102646993081891;-0.7885156034075951;0;0;1;0;0;0;0;1;0;0;0;0;0;1;0;0;0;0;0
0;2.172272038600353;-0.30486605383999743;0;0;1;0;0;0;0;0;1;0;0;0;0;1;0;0;0;0;0
0;0.4166441492901306;-0.24759510262753928;0;0;1;0;0;0;0;0;1;0;0;0;0;0;0;0;0;0;1
0;0.5090456171485633;-0.1822723520137126;0;0;1;0;0;0;0;0;1;0;0;0;0;0;0;0;0;0;1
0;0.6938485528654289;-0.5513148717878856;0;0;1;1;0;0;0;0;0;0;0;0;0;0;0;0;1;0;0
0;1.8950676350250548;-0.5749766730938228;0;0;1;1;0;0;0;0;0;0;0;0;0;0;0;0;1;0;0
1;-0.13776465786046596;-0.2586770385426624;0;0;1;0;0;0;0;0;1;0;0;0;0;1;0;0;0;0;0
0;0.9710529564407272;1.0786106410881948;0;1;0;1;0;0;0;0;0;0;1;0;0;0;0;0;0;0;0
0;-0.5997719971526297;-0.6598170677227163;0;0;1;0;0;0;0;0;1;0;0;0;0;1;0;0;0;0;0
0;2.07987057074192;0.7564838209336601;0;1;0;0;0;0;1;0;0;0;1;0;0;0;0;0;0;0;0
1;0.5090456171485633;-0.29338992595758717;0;0;1;1;0;0;0;0;0;0;0;1;0;0;0;0;0;0;0
0;0.7862500207238616;0.44855133935769786;0;1;0;1;0;0;0;0;0;0;0;0;0;0;1;0;0;0;0
0;1.5254617635913237;0.10199490050007524;0;1;0;1;0;0;0;0;0;0;0;0;0;0;1;0;0;0;0
0;0.23184121357326506;-0.4973791273943;0;0;1;0;0;0;0;1;0;0;0;0;0;0;0;0;0;0;1
0;2.07987057074192;-0.14660312060858696;0;0;1;0;0;0;1;0;0;0;0;0;0;0;1;0;0;0;0
0;-0.6921734650110625;-0.8525872229948148;0;0;1;0;0;0;0;0;1;0;0;0;0;1;0;0;0;0;0
0;0.04703827785639956;-0.7543854345530078;0;0;1;1;0;0;0;0;0;0;0;0;0;0;0;0;1;0;0
0;1.1558558921575928;-0.49808867293541675;0;0;1;1;0;0;0;0;0;0;0;0;0;0;0;0;1;0;0
0;-0.3225675935773315;1.2249141328077386;0;1;0;1;0;0;0;0;0;0;1;0;0;0;0;0;0;0;0
0;0.6938485528654289;-0.19789949269946777;0;0;1;1;0;0;0;0;0;0;0;0;1;0;0;0;0;0;0
0;2.172272038600353;-0.5001727487276825;0;0;1;1;0;0;0;0;0;0;0;0;0;0;0;0;0;0;1
0;1.9874691028834874;-0.6750123111225743;0;0;1;1;0;0;0;0;0;0;0;0;0;0;0;0;0;0;1
0;-0.6921734650110625;-0.6558237317062863;0;0;1;0;0;0;0;0;1;0;0;0;1;0;0;0;0;0;0
1;-0.23016612571889872;-0.5354820657278938;0;0;1;1;0;0;0;0;0;0;0;0;0;1;0;0;0;0;0
0;-0.41496906143576423;-0.3407169563256989;0;0;1;0;0;0;0;0;1;0;0;1;0;0;0;0;0;0;0
1;-0.3225675935773315;-0.8042215824868076;0;0;1;1;0;0;0;0;0;0;0;0;0;1;0;0;0;0;0
0;1.3406588278744582;-0.21989197671785005;0;0;1;1;0;0;0;0;0;0;0;0;0;0;1;0;0;0;0
0;0.6938485528654289;0.35091855845127906;0;1;0;1;0;0;0;0;0;0;1;0;0;0;0;0;0;0;0
0;-0.13776465786046596;-0.2760454793969553;0;0;1;1;0;0;0;0;0;0;0;0;0;0;0;0;0;0;1
0;1.7102646993081891;-0.3160062616111543;0;0;1;1;0;0;0;0;0;0;0;0;0;0;0;0;0;0;1
0;0.8786514885822944;-0.37143993548043097;0;0;1;0;0;0;0;0;1;0;0;0;0;0;0;0;0;0;1
1;1.06345442429916;-0.5641998074838176;0;0;1;1;0;0;0;0;0;0;0;0;0;1;0;0;0;0;0
0;0.04703827785639956;2.5375768116299837;1;0;0;1;0;0;0;0;0;0;1;0;0;0;0;0;0;0;0
0;0.8786514885822944;-0.414091506340894;0;0;1;0;0;0;0;0;1;0;0;0;0;0;1;0;0;0;0
0;0.04703827785639956;-0.7486679371492263;0;0;1;0;0;0;0;0;1;0;0;0;0;1;0;0;0;0;0
0;1.3406588278744582;-0.5867647267938255;0;0;1;1;0;0;0;0;0;0;0;0;0;0;1;0;0;0;0
1;1.3406588278744582;-0.29338992595758717;0;0;1;1;0;0;0;0;0;0;0;0;0;1;0;0;0;0;0
0;-0.5997719971526297;-0.5166568284727574;0;0;1;1;0;0;0;0;0;0;0;0;1;0;0;0;0;0;0
0;0.23184121357326506;-0.5601036387802691;0;0;1;0;0;0;0;0;1;0;0;0;1;0;0;0;0;0;0
0;1.3406588278744582;0.9164777710648965;0;1;0;0;0;0;0;0;1;0;1;0;0;0;0;0;0;0;0
1;0.1394397457148323;-0.5635553893112091;0;0;1;0;0;0;0;0;1;0;0;0;0;1;0;0;0;0;0
0;-0.41496906143576423;-0.24324527996243217;0;0;1;0;0;0;0;0;1;0;0;1;0;0;0;0;0;0;0
0;-0.045363190002033205;-0.34270162718708347;0;0;1;0;0;0;0;1;0;0;0;0;1;0;0;0;0;0;0
1;-0.23016612571889872;-0.7922587132187038;0;0;1;1;0;0;0;0;0;0;0;0;0;1;0;0;0;0;0
1;-0.23016612571889872;-0.5426803538261799;0;0;1;0;0;0;0;0;1;0;0;0;0;1;0;0;0;0;0
0;-0.045363190002033205;-0.5227068182315548;0;0;1;0;0;0;0;0;1;0;0;0;0;1;0;0;0;0;0
0;0.04703827785639956;-0.7018310759230455;0;0;1;0;0;0;0;0;1;0;0;0;0;1;0;0;0;0;0
1;-0.23016612571889872;0.14417686875603106;0;1;0;1;0;0;0;0;0;0;0;0;0;1;0;0;0;0;0
0;3.2810896529015463;-0.3295116211860337;0;0;1;0;1;0;0;0;0;0;1;0;0;0;0;0;0;0;0
1;0.6938485528654289;-0.23686622560485582;0;0;1;0;0;0;0;0;1;0;0;0;0;0;1;0;0;0;0
0;-0.045363190002033205;-0.4662790950534673;0;0;1;1;0;0;0;0;0;0;0;0;0;0;1;0;0;0;0
0;-0.23016612571889872;-0.4620663826378514;0;0;1;0;0;0;0;0;1;0;0;0;0;1;0;0;0;0;0
0;-0.6921734650110625;-0.7922587132187038;0;0;1;0;0;0;0;0;1;0;0;0;0;1;0;0;0;0;0
0;-0.41496906143576423;-0.043976098864452536;0;1;0;0;0;0;0;0;1;0;0;0;0;0;0;0;1;0;0
0;-0.23016612571889872;0.6378594608301444;0;1;0;0;0;0;0;1;0;0;0;0;0;0;1;0;0;0;0
1;-0.13776465786046596;1.8871600656062861;0;1;0;0;0;0;0;0;1;0;0;1;0;0;0;0;0;0;0
0;0.3242426814316978;-0.6505141372947411;0;0;1;0;0;0;0;0;1;0;0;0;0;0;0;0;0;0;1
0;1.5254617635913237;-0.08271317210194301;0;0;1;0;0;0;0;1;0;0;0;0;0;0;1;0;0;0;0
0;1.433060295732891;0.05297455855074766;0;1;0;1;0;0;0;0;0;0;0;0;0;0;0;0;0;0;1
0;2.6342793778925166;-0.14264063439829242;0;0;1;0;0;0;1;0;0;0;0;0;0;0;1;0;0;0;0
0;0.1394397457148323;-0.30180849527634446;0;0;1;0;0;0;0;0;1;0;0;1;0;0;0;0;0;0;0
1;-0.045363190002033205;-0.7922587132187038;0;0;1;0;0;0;0;0;1;0;0;0;0;1;0;0;0;0;0
0;1.433060295732891;-0.4600748562639923;0;0;1;0;0;0;0;1;0;0;0;0;0;0;1;0;0;0;0
0;1.1558558921575928;0.2610427899098226;0;1;0;1;0;0;0;0;0;0;0;0;1;0;0;0;0;0;0
1;-0.7845749328694953;-0.7922587132187038;0;0;1;0;0;0;0;0;1;0;0;0;0;1;0;0;0;0;0
1;-0.3225675935773315;-0.7922587132187038;0;0;1;0;0;0;0;0;1;0;0;0;0;1;0;0;0;0;0
0;0.3242426814316978;-0.31909466998094277;0;0;1;1;0;0;0;0;0;0;0;0;1;0;0;0;0;0;0
0;0.23184121357326506;0.5725092881664198;0;1;0;1;0;0;0;0;0;0;0;0;1;0;0;0;0;0;0
0;0.23184121357326506;4.897816640664498;1;0;0;1;0;0;0;0;0;0;1;0;0;0;0;0;0;0;0
0;-0.41496906143576423;-0.6208709013547519;0;0;1;0;0;0;0;0;1;0;0;0;0;0;0;1;0;0;0
1;-0.13776465786046596;0.10601908632264076;0;1;0;0;0;0;0;0;1;0;0;0;0;0;1;0;0;0;0
1;0.4166441492901306;0.05399260215321962;0;1;0;0;0;0;0;0;1;0;0;0;0;1;0;0;0;0;0
0;-0.6921734650110625;-0.16861959892063022;0;0;1;0;0;0;0;0;1;0;0;1;0;0;0;0;0;0;0
0;2.4494764421756514;-0.6976286467761414;0;0;1;1;0;0;0;0;0;0;0;0;0;0;1;0;0;0;0
0;0.1394397457148323;2.122345276558476;0;1;0;0;0;0;0;0;1;0;0;0;0;0;1;0;0;0;0
0;0.9710529564407272;0.27820213763364143;0;1;0;1;0;0;0;0;0;0;0;0;0;0;1;0;0;0;0
1;-0.13776465786046596;-0.36535909591549787;0;0;1;1;0;0;0;0;0;0;0;0;0;1;0;0;0;0;0
0;-0.23016612571889872;0.07386330506072614;0;1;0;1;0;0;0;0;0;0;0;0;0;0;0;0;0;0;1
0;-0.045363190002033205;1.238686857369126;0;1;0;1;0;0;0;0;0;0;0;0;0;0;1;0;0;0;0
0;-0.7845749328694953;-0.5218944400033197;0;0;1;0;0;0;0;0;1;0;0;0;0;1;0;0;0;0;0
1;-0.7845749328694953;-0.4549503606892601;0;0;1;0;0;0;0;0;1;0;0;0;0;0;1;0;0;0;0
1;-0.41496906143576423;-0.5302924427846534;0;0;1;0;0;0;1;0;0;0;0;0;0;1;0;0;0;0;0
0;-0.13776465786046596;-0.3231359945846947;0;0;1;0;0;0;0;1;0;0;0;0;0;0;1;0;0;0;0
0;0.9710529564407272;5.411980076256354;1;0;0;1;0;0;0;0;0;0;1;0;0;0;0;0;0;0;0
0;0.5090456171485633;-0.1365289450272239;0;0;1;0;0;0;1;0;0;0;0;0;0;0;0;0;0;0;1
0;0.7862500207238616;-0.00987677981600082;0;1;0;1;0;0;0;0;0;0;0;0;0;0;1;0;0;0;0
0;0.23184121357326506;0.06028596260486382;0;1;0;1;0;0;0;0;0;0;0;0;0;0;1;0;0;0;0
0;0.3242426814316978;-0.20954358063750475;0;0;1;1;0;0;0;0;0;0;0;0;0;0;1;0;0;0;0
0;1.433060295732891;0.032514281570429064;0;1;0;0;0;0;0;0;1;0;0;0;0;0;0;0;1;0;0
0;-1.338983740020092;-0.7922587132187038;0;0;1;0;0;0;0;0;1;0;0;0;0;1;0;0;0;0;0
1;-0.3225675935773315;-0.051575434442500186;0;1;0;0;0;0;0;0;1;0;0;0;0;1;0;0;0;0;0
0;-0.876976400727928;0.7429784613587808;0;1;0;0;0;0;0;0;1;0;0;1;0;0;0;0;0;0;0
1;-0.876976400727928;-0.5141031500759844;0;0;1;0;0;0;0;0;1;0;0;0;0;1;0;0;0;0;0
1;-1.4313852078785245;-0.8934357940744692;0;0;1;0;0;0;0;0;1;0;0;0;0;1;0;0;0;0;0
0;-0.3225675935773315;-0.32161064305910547;0;0;1;0;0;0;0;0;1;0;0;0;0;0;1;0;0;0;0
0;0.5090456171485633;-0.6364294869157615;0;0;1;0;0;0;0;0;1;0;0;0;0;0;0;0;0;0;1
0;0.23184121357326506;0.06027910709238927;0;1;0;0;0;0;0;0;1;0;0;0;0;0;1;0;0;0;0
1;-1.4313852078785245;-0.8850206525119491;0;0;1;0;0;0;0;0;1;0;0;0;0;1;0;0;0;0;0
0;2.6342793778925166;0.1682705673478654;0;1;0;1;0;0;0;0;0;0;0;0;0;0;1;0;0;0;0
1;-0.507370529294197;-0.5991286435416909;0;0;1;0;0;0;0;0;1;0;0;0;0;1;0;0;0;0;0
0;-0.507370529294197;0.07554976112946744;0;1;0;0;0;0;0;0;1;0;0;0;0;0;0;0;0;0;1
0;-0.507370529294197;0.19290585142518982;0;1;0;0;0;0;0;1;0;0;0;0;0;0;0;0;0;0;1
0;0.8786514885822944;1.5595316966909185;0;1;0;1;0;0;0;0;0;0;0;0;0;1;0;0;0;0;0
0;-0.6921734650110625;-0.5352112729851487;0;0;1;0;0;0;0;0;1;0;0;0;0;1;0;0;0;0;0
0;0.23184121357326506;0.3338003438023074;0;1;0;0;0;0;0;0;1;0;0;0;1;0;0;0;0;0;0
0;-0.9693778685863608;-0.3672375063335268;0;0;1;1;0;0;0;0;0;0;0;0;0;1;0;0;0;0;0
1;0.5090456171485633;-0.3811953297317271;0;0;1;0;0;0;0;0;1;0;0;0;0;0;1;0;0;0;0
1;1.3406588278744582;0.18463467562463545;0;1;0;1;0;0;0;0;0;0;0;1;0;0;0;0;0;0;0
0;-0.13776465786046596;-0.16333057104650872;0;0;1;1;0;0;0;0;0;0;0;0;0;0;1;0;0;0;0
0;-1.338983740020092;-0.48352413668321814;0;0;1;0;0;0;0;0;1;0;0;0;0;1;0;0;0;0;0
0;-0.41496906143576423;0.2921462500068925;0;1;0;1;0;0;0;0;0;0;0;1;0;0;0;0;0;0;0
0;-0.5997719971526297;1.8871600656062861;0;1;0;0;0;0;0;0;1;0;0;0;0;0;0;0;0;0;1
0;-0.41496906143576423;0.6447184010609399;0;1;0;1;0;0;0;0;0;0;0;0;1;0;0;0;0;0;0
1;-1.5237866757369574;-0.883409607080428;0;0;1;0;0;0;0;0;1;0;0;0;0;1;0;0;0;0;0
0;-0.6921734650110625;-0.36724093408976416;0;0;1;0;0;0;0;0;1;0;0;0;0;1;0;0;0;0;0
0;0.1394397457148323;-0.243378962455686;0;0;1;0;0;0;0;0;1;0;0;0;0;1;0;0;0;0;0
1;1.3406588278744582;-0.05157886219873754;0;1;0;0;0;0;1;0;0;0;0;0;0;1;0;0;0;0;0
0;-0.13776465786046596;-0.5721144966356949;0;0;1;0;0;0;0;0;1;0;0;0;0;1;0;0;0;0;0
1;-0.5997719971526297;0.2298844857129561;0;1;0;0;0;0;0;0;1;0;0;0;0;1;0;0;0;0;0
0;0.4166441492901306;-0.11624005585876926;0;0;1;0;0;0;0;0;1;0;0;0;0;0;0;0;0;0;1
0;-0.5997719971526297;-0.1326144474042512;0;0;1;0;0;0;0;0;1;0;0;0;0;1;0;0;0;0;0
0;0.6014470850069961;-0.021880782158952002;0;1;0;1;0;0;0;0;0;0;0;0;0;0;0;0;0;0;1
0;-0.23016612571889872;0.05433880553318472;0;1;0;1;0;0;0;0;0;0;0;0;0;0;1;0;0;0;0
1;-1.6161881435953902;-0.8749636157117723;0;0;1;0;0;0;0;0;1;0;0;0;0;1;0;0;0;0;0
0;1.5254617635913237;-0.5008994330499856;0;0;1;1;0;0;0;0;0;0;0;0;0;0;0;1;0;0;0
0;-0.3225675935773315;0.08164431171934948;0;1;0;0;0;0;0;0;1;0;0;0;1;0;0;0;0;0;0
0;0.3242426814316978;1.0706513911052329;0;1;0;1;0;0;0;0;0;0;0;0;1;0;0;0;0;0;0
0;-0.6921734650110625;-0.577975959801442;0;0;1;0;0;0;0;0;1;0;0;0;0;0;0;0;0;0;1
0;0.23184121357326506;0.2781987098774041;0;1;0;0;0;0;0;0;1;0;0;0;0;0;1;0;0;0;0
0;-0.3225675935773315;-0.2875558848417383;0;0;1;1;0;0;0;0;0;0;0;0;0;1;0;0;0;0;0
1;-0.6921734650110625;0.039410927119834606;0;1;0;1;0;0;0;0;0;0;0;0;0;1;0;0;0;0;0
0;-0.7845749328694953;-0.1816656391597142;0;0;1;0;0;0;0;0;1;0;0;0;1;0;0;0;0;0;0
0;-0.13776465786046596;1.2439964517806712;0;1;0;0;0;0;0;0;1;0;0;1;0;0;0;0;0;0;0
1;-0.13776465786046596;0.18627314310605492;0;1;0;0;0;0;0;0;1;0;0;0;0;1;0;0;0;0;0
0;0.4166441492901306;-0.6208709013547519;0;0;1;1;0;0;0;0;0;0;0;0;0;0;0;1;0;0;0
1;0.1394397457148323;-0.27082843440381665;0;0;1;0;0;0;0;0;1;0;0;0;0;1;0;0;0;0;0
1;-1.7085896114538228;-0.8560081237196193;0;0;1;0;0;0;0;0;1;0;0;0;0;1;0;0;0;0;0
0;-0.876976400727928;-0.42222557189195714;0;0;1;0;0;0;0;0;1;0;0;0;0;1;0;0;0;0;0
0;-0.7845749328694953;0.4196484987649608;0;1;0;0;0;0;0;0;1;0;0;0;1;0;0;0;0;0;0
0;-1.6161881435953902;-0.8591959370202887;0;0;1;0;0;0;0;0;1;0;0;0;0;1;0;0;0;0;0
0;-0.3225675935773315;0.10601908632264076;0;1;0;1;0;0;0;0;0;0;0;0;0;0;1;0;0;0;0
0;1.1558558921575928;2.704340580329846;1;0;0;1;0;0;0;0;0;0;0;0;0;0;0;0;0;0;1
1;-0.7845749328694953;-0.23656458305597539;0;0;1;0;0;0;0;0;1;0;0;0;0;1;0;0;0;0;0
0;-1.0617793364447936;-0.40337976809939696;0;0;1;0;0;0;0;0;1;0;0;0;0;1;0;0;0;0;0
0;-1.0617793364447936;-0.3672375063335268;0;0;1;0;0;0;0;0;1;0;0;0;0;1;0;0;0;0;0
0;0.04703827785639956;-0.4289165520671258;0;0;1;0;0;0;0;0;1;0;0;0;0;0;0;1;0;0;0
1;-1.4313852078785245;-0.5267892759101541;0;0;1;0;0;0;0;0;1;0;0;0;0;1;0;0;0;0;0
0;-0.6921734650110625;-0.4633826410329665;0;0;1;0;0;0;0;1;0;0;0;0;0;0;0;0;0;0;1
0;0.3242426814316978;2.2199163578526235;0;1;0;1;0;0;0;0;0;0;0;0;0;0;1;0;0;0;0
0;-0.41496906143576423;-0.6337969701255312;0;0;1;0;0;0;0;0;1;0;0;0;0;1;0;0;0;0;0
0;0.3242426814316978;-0.33833809349702726;0;0;1;0;0;0;0;1;0;0;0;0;0;1;0;0;0;0;0
0;-1.8009910793122557;-0.8665039133181677;0;0;1;0;0;0;0;0;1;0;0;0;0;1;0;0;0;0;0
1;-0.41496906143576423;0.7429784613587808;0;1;0;0;0;0;0;0;1;0;0;0;0;1;0;0;0;0;0
1;-0.41496906143576423;-0.7922587132187038;0;0;1;0;0;0;0;0;1;0;0;0;0;1;0;0;0;0;0
0;-1.6161881435953902;-0.40644418217552447;0;0;1;0;0;0;0;0;1;0;0;0;0;1;0;0;0;0;0
1;0.8786514885822944;0.7429784613587808;0;1;0;0;0;0;0;0;1;0;0;1;0;0;0;0;0;0;0
0;1.2482573600160254;1.020839237465094;0;1;0;1;0;0;0;0;0;0;0;0;0;0;0;0;1;0;0
0;-0.9693778685863608;-0.06937577258269033;0;1;0;0;0;0;0;0;1;0;0;0;0;0;1;0;0;0;0
0;-0.9693778685863608;0.22149676620033423;0;1;0;0;0;0;0;0;1;0;0;0;0;1;0;0;0;0;0
0;-1.6161881435953902;-0.008824458651156098;0;1;0;0;0;0;0;0;1;0;0;0;0;0;0;1;0;0;0
0;-1.7085896114538228;-0.4446842307586094;0;0;1;0;0;0;0;0;1;0;0;0;0;1;0;0;0;0;0
0;-0.6921734650110625;-0.4745331320728352;0;0;1;1;0;0;0;0;0;0;0;0;0;1;0;0;0;0;0
0;0.1394397457148323;0.06475232898203848;0;1;0;0;0;0;0;0;1;0;0;0;1;0;0;0;0;0;0
1;-0.045363190002033205;0.47272387634298946;0;1;0;0;0;0;0;0;1;0;0;1;0;0;0;0;0;0;0
0;-1.4313852078785245;-0.1213405571398405;0;0;1;0;0;0;0;0;1;0;0;0;0;1;0;0;0;0;0
0;-0.5997719971526297;-0.08227441930357123;0;0;1;0;0;0;0;0;1;0;0;0;0;1;0;0;0;0;0
0;0.23184121357326506;0.16878130302721991;0;1;0;1;0;0;0;0;0;0;0;0;0;0;1;0;0;0;0
0;-0.9693778685863608;0.09445040902182401;0;1;0;0;0;0;0;0;1;0;0;0;0;1;0;0;0;0;0
0;-1.5237866757369574;-0.47909547562465366;0;0;1;0;0;0;0;0;1;0;0;0;0;1;0;0;0;0;0
0;1.7102646993081891;-0.0019209575892761602;0;1;0;0;0;0;0;1;0;0;0;0;1;0;0;0;0;0;0
0;0.3242426814316978;-0.5072373543327146;0;0;1;0;0;0;0;0;1;0;0;0;1;0;0;0;0;0;0
0;-0.5997719971526297;0.22863335468634924;0;1;0;0;0;0;0;0;1;0;0;0;1;0;0;0;0;0;0
0;-1.5237866757369574;-0.4673108496808883;0;0;1;0;0;0;0;0;1;0;0;0;0;0;0;0;0;0;1
0;-0.9693778685863608;-0.3637891835588241;0;0;1;0;0;0;0;0;1;0;0;0;1;0;0;0;0;0;0
0;-0.7845749328694953;-0.4446842307586094;0;0;1;0;0;0;0;0;1;0;0;0;0;1;0;0;0;0;0
0;-1.0617793364447936;-0.26169003627523063;0;0;1;0;0;0;0;0;1;0;0;0;0;1;0;0;0;0;0
0;0.5090456171485633;0.4160082216409705;0;1;0;0;0;0;0;0;1;0;0;0;0;0;0;0;0;0;1
1;-1.8009910793122557;-0.8538143597277608;0;0;1;0;0;0;0;0;1;0;0;0;0;1;0;0;0;0;0
1;0.4166441492901306;2.2725632659009922;0;1;0;1;0;0;0;0;0;0;0;0;0;1;0;0;0;0;0
0;-0.9693778685863608;-0.4289165520671258;0;0;1;1;0;0;0;0;0;0;0;0;0;0;0;1;0;0;0
1;-0.6921734650110625;0.1828145370626403;0;1;0;0;0;0;0;0;1;0;0;1;0;0;0;0;0;0;0
0;0.23184121357326506;-0.02829411407890094;0;1;0;0;0;0;0;0;1;0;0;0;0;1;0;0;0;0;0
0;-0.41496906143576423;0.054393649632981135;0;1;0;0;0;0;0;0;1;0;0;0;1;0;0;0;0;0;0
0;0.8786514885822944;0.01410380282000334;0;1;0;0;0;0;0;0;1;0;0;0;0;0;0;0;0;0;1
0;-1.0617793364447936;-0.42675363788140275;0;0;1;1;0;0;0;0;0;0;0;0;0;1;0;0;0;0;0
0;-2.078195482887554;-0.8087222264263549;0;0;1;0;0;0;0;0;1;0;0;0;0;1;0;0;0;0;0
0;-1.338983740020092;-0.18876452232711913;0;0;1;0;0;0;0;0;1;0;0;0;0;1;0;0;0;0;0
0;-1.8009910793122557;-0.5020374481207622;0;0;1;0;0;0;0;0;1;0;0;0;0;1;0;0;0;0;0
0;0.1394397457148323;0.6684041966605379;0;1;0;0;0;0;0;0;1;0;0;0;0;0;0;0;0;0;1
0;-0.6921734650110625;0.011622107304213392;0;1;0;0;0;0;0;0;1;0;0;0;0;0;0;0;0;0;1
0;0.3242426814316978;-0.05471868691208509;0;1;0;1;0;0;0;0;0;0;0;0;0;0;1;0;0;0;0
0;0.4166441492901306;3.0500846409592333;1;0;0;1;0;0;0;0;0;0;1;0;0;0;0;0;0;0;0
0;-1.6161881435953902;-0.5482813075178937;0;0;1;0;0;0;0;0;1;0;0;0;0;1;0;0;0;0;0
0;-1.5237866757369574;-0.4542408151481434;0;0;1;1;0;0;0;0;0;0;0;0;0;1;0;0;0;0;0
0;-1.9857940150291211;-0.8308586762067031;0;0;1;0;0;0;0;0;1;0;0;0;0;1;0;0;0;0;0
0;0.04703827785639956;1.6565646202558135;0;1;0;1;0;0;0;0;0;0;1;0;0;0;0;0;0;0;0
0;-0.41496906143576423;-0.4834830036083708;0;0;1;0;0;0;0;0;1;0;0;0;0;0;0;0;0;0;1
0;-0.3225675935773315;-0.2965331784271721;0;0;1;1;0;0;0;0;0;0;0;0;0;1;0;0;0;0;0
1;-1.338983740020092;-0.39005265184885607;0;0;1;0;0;0;0;0;1;0;0;0;0;1;0;0;0;0;0
0;0.1394397457148323;0.9381274794595508;0;1;0;1;0;0;0;0;0;0;0;0;1;0;0;0;0;0;0
0;-1.0617793364447936;-0.33566101587571234;0;0;1;0;0;0;0;0;1;0;0;0;0;1;0;0;0;0;0
0;-0.41496906143576423;0.14249041268728976;0;1;0;0;0;0;0;0;1;0;0;0;0;0;0;1;0;0;0
0;1.06345442429916;0.9416546406277109;0;1;0;0;0;0;0;0;1;0;0;0;0;0;0;0;0;0;1
0;-1.8933925471706885;-0.8234204451718075;0;0;1;0;0;0;0;0;1;0;0;0;0;1;0;0;0;0;0
0;0.1394397457148323;-0.12552241974932088;0;0;1;1;0;0;0;0;0;0;0;0;0;0;0;0;0;0;1
1;-0.3225675935773315;1.4732345056611815;0;1;0;1;0;0;0;0;0;0;0;0;0;1;0;0;0;0;0
0;-1.1541808043032262;0.2275399004466572;0;1;0;0;0;0;0;0;1;0;0;0;0;0;0;0;0;0;1
0;-1.1541808043032262;-0.5258980592884617;0;0;1;0;0;0;0;0;1;0;0;0;0;0;0;0;0;0;1
0;-0.13776465786046596;0.16877444751474535;0;1;0;1;0;0;0;0;0;0;0;0;0;0;1;0;0;0;0
1;0.4166441492901306;3.321048771516141;1;0;0;1;0;0;0;0;0;0;1;0;0;0;0;0;0;0;0
0;-1.1541808043032262;-0.5612416538510457;0;0;1;0;0;0;0;0;1;0;0;0;0;1;0;0;0;0;0
0;-0.23016612571889872;-0.02829754183513829;0;1;0;1;0;0;0;0;0;0;0;0;0;1;0;0;0;0;0
0;-0.13776465786046596;0.8589291715972186;0;1;0;1;0;0;0;0;0;0;0;0;0;0;0;0;0;0;1
0;-0.23016612571889872;-0.35144926110461955;0;0;1;0;0;0;0;1;0;0;0;0;1;0;0;0;0;0;0
0;-1.5237866757369574;-0.1213405571398405;0;0;1;0;0;0;0;0;1;0;0;0;0;1;0;0;0;0;0
0;-1.4313852078785245;-0.18876452232711913;0;0;1;1;0;0;0;0;0;0;0;0;0;1;0;0;0;0;0
0;-1.7085896114538228;-0.49664901531575956;0;0;1;0;0;0;0;0;1;0;0;0;0;1;0;0;0;0;0
0;-1.8009910793122557;-0.8521107648778331;0;0;1;0;0;0;0;0;1;0;0;0;0;1;0;0;0;0;0
0;-0.5997719971526297;-0.6753996475773868;0;0;1;0;0;0;0;0;1;0;0;0;0;0;0;0;0;0;1
0;0.04703827785639956;-0.4134505159245228;0;0;1;1;0;0;0;0;0;0;0;0;0;0;1;0;0;0;0
0;-0.41496906143576423;-0.16978503604130513;0;0;1;1;0;0;0;0;0;0;0;0;1;0;0;0;0;0;0
0;0.7862500207238616;-0.33900650596329657;0;0;1;1;0;0;0;0;0;0;0;0;0;0;0;0;0;0;1
0;0.7862500207238616;-0.6796603485803246;0;0;1;0;0;0;0;0;1;0;0;0;1;0;0;0;0;0;0
0;1.5254617635913237;-0.10501415418168042;0;0;1;1;0;0;0;0;0;0;0;0;0;0;1;0;0;0;0
0;0.5090456171485633;-0.7034935376981258;0;0;1;1;0;0;0;0;0;0;0;0;1;0;0;0;0;0;0
0;1.802666167166622;-0.4093406361960253;0;0;1;1;0;0;0;0;0;0;0;1;0;0;0;0;0;0;0
0;0.8786514885822944;-0.7034935376981258;0;0;1;0;0;0;0;0;1;0;0;0;1;0;0;0;0;0;0
0;-0.41496906143576423;-0.8059697381678199;0;0;1;0;0;0;0;0;1;0;0;0;1;0;0;0;0;0;0
0;0.5090456171485633;-0.7642162394415241;0;0;1;1;0;0;0;0;0;0;0;0;0;0;0;0;1;0;0
0;-0.41496906143576423;-0.7922587132187038;0;0;1;0;0;0;0;0;1;0;0;0;0;1;0;0;0;0;0
0;0.9710529564407272;-0.5997285008832148;0;0;1;1;0;0;0;0;0;0;0;0;0;0;1;0;0;0;0
0;0.8786514885822944;-0.719957050905777;0;0;1;0;0;0;0;0;1;0;0;0;0;0;0;0;0;0;1
1;-0.045363190002033205;-0.5931129313452662;0;0;1;1;0;0;0;0;0;0;0;0;0;0;1;0;0;0;0
0;1.1558558921575928;-0.5419296752102157;0;0;1;1;0;0;0;0;0;0;1;0;0;0;0;0;0;0;0
0;0.1394397457148323;0.3699905941554994;0;1;0;0;0;0;0;0;1;0;0;0;1;0;0;0;0;0;0
0;-0.3225675935773315;0.7372301141488636;0;1;0;0;0;0;0;0;1;0;0;1;0;0;0;0;0;0;0
0;0.1394397457148323;-0.16036213414502512;0;0;1;1;0;0;0;0;0;0;0;0;0;0;0;0;0;0;1
0;1.8950676350250548;0.3596799033937641;0;1;0;1;0;0;0;0;0;0;0;0;0;1;0;0;0;0;0
0;2.07987057074192;-0.5151314769471682;0;0;1;1;0;0;0;0;0;0;0;0;0;0;1;0;0;0;0
1;0.6938485528654289;-0.44644609746457087;0;0;1;1;0;0;0;0;0;0;0;0;0;0;1;0;0;0;0
0;0.8786514885822944;0.4963068392554693;0;1;0;1;0;0;0;0;0;0;0;0;0;0;0;0;0;0;1
0;1.433060295732891;-0.6085104123631238;0;0;1;1;0;0;0;0;0;0;0;0;1;0;0;0;0;0;0
0;1.7102646993081891;2.1281073347933415;0;1;0;1;0;0;0;0;0;0;1;0;0;0;0;0;0;0;0
0;0.1394397457148323;0.12785732131034552;0;1;0;1;0;0;0;0;0;0;0;0;1;0;0;0;0;0;0
1;-0.41496906143576423;-0.7854032007441457;0;0;1;0;0;0;0;0;1;0;0;0;0;1;0;0;0;0;0
0;1.6178632314497565;-0.5513148717878856;0;0;1;1;0;0;0;0;0;0;0;0;0;0;0;0;1;0;0
0;0.23184121357326506;-0.4411262197843137;0;0;1;0;0;0;0;0;1;0;0;1;0;0;0;0;0;0;0
0;1.3406588278744582;-0.5191111019386492;0;0;1;1;0;0;0;0;0;0;0;0;0;0;0;0;1;0;0
0;2.3570749743172184;-0.44102338709719535;0;0;1;0;0;0;0;0;1;0;0;0;0;0;1;0;0;0;0
0;0.6014470850069961;-0.43921010404767474;0;0;1;1;0;0;0;0;0;0;0;0;1;0;0;0;0;0;0
1;1.9874691028834874;-0.4600748562639923;0;0;1;1;0;0;0;0;0;0;0;0;0;0;1;0;0;0;0
1;0.4166441492901306;0.39390947717923247;0;1;0;1;0;0;0;0;0;0;0;1;0;0;0;0;0;0;0
0;1.3406588278744582;2.4383295575358064;1;0;0;1;0;0;0;0;0;0;1;0;0;0;0;0;0;0;0
0;2.2646735064587857;-0.8265362755914942;0;0;1;1;0;0;0;0;0;0;0;0;0;0;0;1;0;0;0
0;-0.5997719971526297;-0.8020723793260337;0;0;1;0;0;0;0;0;1;0;0;0;0;0;1;0;0;0;0
1;-0.876976400727928;-0.9554199101131859;0;0;1;0;0;0;0;0;1;0;0;0;0;1;0;0;0;0;0
1;0.6014470850069961;-0.5352112729851487;0;0;1;0;0;0;0;0;1;0;0;0;0;1;0;0;0;0;0
1;-0.13776465786046596;-0.7922587132187038;0;0;1;0;0;0;0;0;1;0;0;0;0;1;0;0;0;0;0
0;0.7862500207238616;-0.35799970327405983;0;0;1;1;0;0;0;0;0;0;0;0;0;0;0;0;0;0;1
0;-0.045363190002033205;-0.623623389613287;0;0;1;0;0;0;0;0;1;0;0;0;0;1;0;0;0;0;0
0;-0.507370529294197;-0.5450489333861396;0;0;1;0;0;0;0;0;1;0;0;0;0;1;0;0;0;0;0
0;0.9710529564407272;1.358579487280435;0;1;0;1;0;0;0;0;0;0;1;0;0;0;0;0;0;0;0
0;3.2810896529015463;-0.5107508044759256;0;0;1;0;1;0;0;0;0;0;0;0;0;1;0;0;0;0;0
0;2.7266808457509497;-0.7919159375949759;0;0;1;1;0;0;0;0;0;0;0;0;0;0;0;1;0;0;0
0;0.5090456171485633;-0.1992568841694303;0;0;1;0;0;0;1;0;0;0;0;0;0;0;0;1;0;0;0
0;0.04703827785639956;-0.7523082142732166;0;0;1;0;0;0;0;0;1;0;0;0;0;1;0;0;0;0;0
1;1.2482573600160254;1.166001286357624;0;1;0;1;0;0;0;0;0;0;1;0;0;0;0;0;0;0;0
0;1.5254617635913237;-0.12093265414760429;0;0;1;0;0;0;1;0;0;0;0;0;0;1;0;0;0;0;0
0;0.7862500207238616;-0.5534949247547952;0;0;1;1;0;0;0;0;0;0;0;0;0;0;1;0;0;0;0
0;-1.0617793364447936;-0.9738886607196455;0;0;1;0;0;0;0;0;1;0;0;0;0;1;0;0;0;0;0
0;0.6014470850069961;-0.5511434839760218;0;0;1;0;0;0;0;0;1;0;0;0;0;0;0;0;0;0;1
0;1.5254617635913237;-0.32648491242851635;0;0;1;1;0;0;0;0;0;0;0;1;0;0;0;0;0;0;0
0;3.650695524335277;0.493550923240697;0;1;0;1;0;0;0;0;0;0;1;0;0;0;0;0;0;0;0
0;-0.41496906143576423;-0.6088360492056653;0;0;1;0;0;0;0;0;1;0;0;0;0;1;0;0;0;0;0
0;-0.7845749328694953;-0.6878903913060317;0;0;1;0;0;0;0;0;1;0;0;0;0;1;0;0;0;0;0
0;0.04703827785639956;-0.21936753001354642;0;0;1;0;0;0;0;0;1;0;0;0;1;0;0;0;0;0;0
0;-0.5997719971526297;-0.8436750567778893;0;0;1;0;0;0;0;0;1;1;0;0;0;0;0;0;0;0;0
0;1.802666167166622;-0.7922587132187038;0;0;1;0;0;0;0;0;1;0;0;0;0;0;0;1;0;0;0
0;-0.41496906143576423;-0.7460354203589961;0;0;1;0;0;0;0;0;1;0;0;0;1;0;0;0;0;0;0
0;-0.507370529294197;-0.4249780601504922;0;0;1;0;0;0;0;0;1;0;0;0;0;0;0;0;0;0;1
0;-0.13776465786046596;0.5369223229109885;0;1;0;0;0;0;0;0;1;0;1;0;0;0;0;0;0;0;0
1;1.3406588278744582;-0.13060578224920566;0;0;1;0;0;0;0;0;1;0;0;0;0;0;1;0;0;0;0
0;-0.045363190002033205;-0.2704171036553431;0;0;1;0;0;0;0;0;1;0;0;0;0;0;1;0;0;0;0
1;1.3406588278744582;-0.6225847794733914;0;0;1;0;0;0;0;0;1;0;0;0;0;1;0;0;0;0;0
1;0.4166441492901306;-0.3936346571168127;0;0;1;0;0;0;0;0;1;0;0;0;0;1;0;0;0;0;0
1;-0.13776465786046596;-0.021514012241563088;0;1;0;1;0;0;0;0;0;0;0;0;1;0;0;0;0;0;0
0;0.7862500207238616;-0.7168480759985649;0;0;1;0;0;0;0;0;1;0;0;0;0;0;0;1;0;0;0
0;3.1886881850431132;1.54093611910368;0;1;0;0;0;0;1;0;0;0;1;0;0;0;0;0;0;0;0
0;1.2482573600160254;2.916930022165892;1;0;0;1;0;0;0;0;0;0;1;0;0;0;0;0;0;0;0
0;-1.0617793364447936;-0.9470356183568015;0;0;1;0;0;0;0;0;1;0;0;0;0;1;0;0;0;0;0
1;-0.23016612571889872;-0.6146015351967685;0;0;1;1;0;0;0;0;0;0;0;0;0;1;0;0;0;0;0
0;0.9710529564407272;-0.49152794749726475;0;0;1;0;0;0;0;0;1;0;0;0;0;0;0;0;0;0;1
0;0.6014470850069961;-0.5980386170582362;0;0;1;0;0;0;0;0;1;0;0;0;0;0;1;0;0;0;0
1;-0.23016612571889872;-0.5078132173805775;0;0;1;1;0;0;0;0;0;0;0;0;0;1;0;0;0;0;0
0;-0.9693778685863608;-0.9498703727650312;0;0;1;0;0;0;0;0;1;0;0;0;0;1;0;0;0;0;0
0;-0.41496906143576423;-0.7919159375949759;0;0;1;0;0;0;0;0;1;0;0;0;0;0;0;1;0;0;0
0;0.8786514885822944;-0.7751199320323086;0;0;1;0;0;0;1;0;0;0;0;0;0;0;0;0;1;0;0
0;0.5090456171485633;-0.45141634400862546;0;0;1;0;0;0;0;0;1;0;0;0;0;0;0;0;0;0;1
0;-0.876976400727928;-0.621374781521632;0;0;1;0;0;0;0;0;1;0;0;0;0;1;0;0;0;0;0
0;0.04703827785639956;-0.6343522666359703;0;0;1;0;0;0;0;0;1;0;0;0;0;1;0;0;0;0;0
0;0.23184121357326506;-0.5758336121531427;0;0;1;0;0;0;0;0;1;0;0;0;1;0;0;0;0;0;0
0;-0.3225675935773315;-0.6344139662482414;0;0;1;0;0;0;0;0;1;0;0;0;0;0;1;0;0;0;0
0;0.9710529564407272;0.6615144066236072;0;1;0;0;0;0;0;1;0;0;0;0;0;0;1;0;0;0;0
1;-0.876976400727928;-0.20822732224238957;0;0;1;1;0;0;0;0;0;0;0;0;0;1;0;0;0;0;0
1;-0.045363190002033205;-0.5605252527974545;0;0;1;0;0;0;0;0;1;0;0;0;0;1;0;0;0;0;0
0;-0.41496906143576423;0.3601906390731186;0;1;0;1;0;0;0;0;0;0;0;1;0;0;0;0;0;0;0
0;1.06345442429916;0.7429818891150181;0;1;0;0;0;0;0;0;1;0;0;0;0;0;0;0;0;0;1
1;-1.0617793364447936;-0.5721179243919322;0;0;1;0;0;0;0;0;1;0;0;0;0;1;0;0;0;0;0
1;0.5090456171485633;1.1256943007634597;0;1;0;1;0;0;0;0;0;0;0;1;0;0;0;0;0;0;0
0;2.8190823136093823;-0.2534668490619983;0;0;1;1;0;0;0;0;0;0;0;0;0;0;1;0;0;0;0
0;-0.045363190002033205;0.743903955542846;0;1;0;0;0;0;0;1;0;0;0;0;0;0;0;0;0;0;1
1;-0.6921734650110625;-0.7922587132187038;0;0;1;0;0;0;0;0;1;0;0;0;0;1;0;0;0;0;0
0;-0.23016612571889872;1.4435946974774296;0;1;0;1;0;0;0;0;0;0;1;0;0;0;0;0;0;0;0
0;0.04703827785639956;-0.07657063292473895;0;0;1;0;0;0;0;0;1;0;0;1;0;0;0;0;0;0;0
1;0.4166441492901306;-0.610344261950068;0;0;1;0;0;0;0;0;1;0;0;0;0;1;0;0;0;0;0
0;0.04703827785639956;0.03537303027231983;0;1;0;0;0;0;0;0;1;0;0;1;0;0;0;0;0;0;0
0;1.06345442429916;-0.3783674308359719;0;0;1;1;0;0;0;0;0;0;0;0;0;0;0;0;0;0;1
0;0.6938485528654289;1.3223960924397173;0;1;0;0;0;0;0;0;1;0;0;0;0;1;0;0;0;0;0
0;-1.246582272161659;-0.930040802932372;0;0;1;0;0;0;0;0;1;0;0;0;0;1;0;0;0;0;0
1;-0.13776465786046596;0.005541267739280298;0;1;0;0;0;0;0;0;1;0;0;0;0;1;0;0;0;0;0
0;0.6938485528654289;0.0020003955461710774;0;1;0;1;0;0;0;0;0;0;1;0;0;0;0;0;0;0;0
0;0.5090456171485633;0.9262194542912435;0;1;0;1;0;0;0;0;0;0;0;0;0;0;0;0;0;0;1
1;-0.507370529294197;-0.29034265066264614;0;0;1;0;0;0;1;0;0;0;0;0;0;1;0;0;0;0;0
0;0.1394397457148323;-0.12572465736732039;0;0;1;1;0;0;0;0;0;0;0;0;0;0;1;0;0;0;0
0;-0.3225675935773315;-0.27042053141158046;0;0;1;0;0;0;0;0;1;0;0;0;0;0;1;0;0;0;0
1;-0.6921734650110625;-0.3102750531824238;0;0;1;0;0;0;0;1;0;0;0;0;0;1;0;0;0;0;0
1;0.5090456171485633;-0.16979189155377966;0;0;1;0;0;0;0;1;0;0;0;0;0;1;0;0;0;0;0
0;-0.876976400727928;-0.7015637109365378;0;0;1;0;0;0;0;0;1;0;0;0;0;0;0;0;0;0;1
0;-0.507370529294197;-0.6325458390989243;0;0;1;0;0;0;0;0;1;0;0;0;0;1;0;0;0;0;0
0;0.8786514885822944;0.2456555921606769;0;1;0;1;0;0;0;0;0;0;0;0;0;0;1;0;0;0;0
0;-0.6921734650110625;1.1347778547922491;0;1;0;1;0;0;0;0;0;0;1;0;0;0;0;0;0;0;0
0;-0.876976400727928;-0.49714946772640234;0;0;1;1;0;0;0;0;0;0;0;1;0;0;0;0;0;0;0
0;0.04703827785639956;-0.5451174885108852;0;0;1;0;0;0;0;0;1;0;1;0;0;0;0;0;0;0;0
0;-0.5997719971526297;-0.5228816337996561;0;0;1;0;0;0;0;0;1;0;0;0;0;0;0;0;0;0;1
0;-0.13776465786046596;0.06677127740579579;0;1;0;1;0;0;0;0;0;0;0;0;1;0;0;0;0;0;0
0;0.23184121357326506;-0.34176927749054364;0;0;1;0;0;0;0;0;1;0;0;0;0;0;0;0;1;0;0
1;-1.0617793364447936;-0.7268742629926062;0;0;1;0;0;0;0;0;1;0;0;0;0;1;0;0;0;0;0
0;0.6014470850069961;0.16452060202428212;0;1;0;0;0;0;0;0;1;0;0;0;0;0;0;0;0;0;1
0;0.8786514885822944;0.5682280206260579;0;1;0;0;0;0;0;0;1;0;0;0;0;0;0;0;0;0;1
1;-1.4313852078785245;-0.7922587132187038;0;0;1;0;0;0;0;0;1;0;0;0;0;1;0;0;0;0;0
0;0.1394397457148323;-0.43078810697268016;0;0;1;0;0;0;0;0;1;0;0;0;0;1;0;0;0;0;0
1;0.1394397457148323;-0.38110963582579516;0;0;1;1;0;0;0;0;0;0;0;0;0;1;0;0;0;0;0
1;-0.3225675935773315;0.22149333844409702;0;1;0;1;0;0;0;0;0;0;0;1;0;0;0;0;0;0;0
0;0.23184121357326506;-0.5231078657113165;0;0;1;1;0;0;0;0;0;0;0;0;0;0;0;0;0;0;1
0;1.06345442429916;-0.18865140637128894;0;0;1;1;0;0;0;0;0;0;0;0;0;0;0;0;0;0;1
0;-0.045363190002033205;0.5837591841371694;0;1;0;1;0;0;0;0;0;0;0;1;0;0;0;0;0;0;0
0;0.4166441492901306;-0.48402116133762363;0;0;1;0;0;0;0;1;0;0;0;0;0;0;1;0;0;0;0
0;0.9710529564407272;0.917526664473504;0;1;0;0;0;0;0;0;1;0;1;0;0;0;0;0;0;0;0
0;-0.5997719971526297;0.16017420711541236;0;1;0;0;0;0;0;0;1;0;0;0;0;0;0;0;0;0;1
0;-1.1541808043032262;-0.4179271655704092;0;0;1;0;0;0;0;0;1;0;0;0;0;0;1;0;0;0;0
1;-0.23016612571889872;-0.45193736295669185;0;0;1;1;0;0;0;0;0;0;0;0;0;1;0;0;0;0;0
0;-0.23016612571889872;-0.42081333632219814;0;0;1;1;0;0;0;0;0;0;0;0;0;0;0;0;0;0;1
1;0.6938485528654289;-0.4303493541743085;0;0;1;1;0;0;0;0;0;0;0;0;0;0;1;0;0;0;0
0;0.4166441492901306;-0.018545575340079494;0;1;0;1;0;0;0;0;0;0;0;0;0;0;0;0;0;0;1
0;0.8786514885822944;-0.3672375063335268;0;0;1;0;0;0;1;0;0;0;0;0;0;0;1;0;0;0;0
0;0.1394397457148323;-0.27042053141158046;0;0;1;0;0;0;1;0;0;0;0;0;0;0;1;0;0;0;0
1;-0.3225675935773315;-0.646644200502853;0;0;1;1;0;0;0;0;0;0;0;0;0;1;0;0;0;0;0
0;-1.5237866757369574;-0.8749636157117723;0;0;1;0;0;0;0;0;1;0;0;0;0;1;0;0;0;0;0
1;-1.6161881435953902;-0.8911357696392549;0;0;1;0;0;0;0;0;1;0;0;0;0;1;0;0;0;0;0
0;0.3242426814316978;0.34465262004953273;0;1;0;1;0;0;0;0;0;0;0;0;1;0;0;0;0;0;0
0;-1.338983740020092;-0.7922587132187038;0;0;1;0;0;0;0;0;1;1;0;0;0;0;0;0;0;0;0
0;0.23184121357326506;-0.5721144966356949;0;0;1;1;0;0;0;0;0;0;0;0;0;1;0;0;0;0;0
1;-1.338983740020092;-0.9108796455659821;0;0;1;0;0;0;0;0;1;0;0;0;0;1;0;0;0;0;0
0;2.541877910034084;-0.315437254075766;0;0;1;1;0;0;0;0;0;0;0;0;0;0;1;0;0;0;0
0;0.6014470850069961;-0.01365759494571951;0;1;0;1;0;0;0;0;0;0;0;0;0;0;1;0;0;0;0
1;-0.5997719971526297;-0.29606014806642755;0;0;1;0;0;0;0;0;1;0;0;0;0;1;0;0;0;0;0
0;-0.9693778685863608;-0.2856603356425231;0;0;1;1;0;0;0;0;0;0;0;0;0;1;0;0;0;0;0
0;-0.41496906143576423;-0.5119676579401596;0;0;1;0;0;0;0;0;1;0;0;0;0;0;0;0;0;0;1
0;-0.13776465786046596;0.29870011993257;0;1;0;0;0;0;1;0;0;0;0;0;0;0;1;0;0;0;0
0;-0.507370529294197;-0.03144764981719775;0;1;0;0;0;0;0;0;1;0;0;0;0;0;0;0;0;0;1
0;0.4166441492901306;-0.6688594886766585;0;0;1;0;0;0;0;0;1;0;0;0;0;0;0;1;0;0;0
0;-1.0617793364447936;-0.4022040477100102;0;0;1;0;0;0;0;0;1;0;0;0;0;1;0;0;0;0;0
0;0.04703827785639956;-0.10066775927281064;0;0;1;0;0;0;0;0;1;0;0;0;0;0;1;0;0;0;0
1;-0.6921734650110625;-0.4470425270498574;0;0;1;1;0;0;0;0;0;0;0;0;0;1;0;0;0;0;0
0;-0.045363190002033205;1.6740564603346484;0;1;0;1;0;0;0;0;0;0;0;1;0;0;0;0;0;0;0
0;1.1558558921575928;-0.4629130384284593;0;0;1;1;0;0;0;0;0;0;0;0;0;1;0;0;0;0;0
0;0.5090456171485633;1.5917320387839178;0;1;0;1;0;0;0;0;0;0;0;1;0;0;0;0;0;0;0
1;-0.7845749328694953;-0.2010804504876628;0;0;1;0;0;0;0;0;1;0;0;0;0;1;0;0;0;0;0
0;0.7862500207238616;0.6635299272911273;0;1;0;1;0;0;0;0;0;0;0;0;1;0;0;0;0;0;0
0;-0.507370529294197;2.2816468199297817;0;1;0;1;0;0;0;0;0;0;0;0;0;1;0;0;0;0;0
0;0.23184121357326506;0.0937648577743682;0;1;0;1;0;0;0;0;0;0;0;0;0;0;1;0;0;0;0
0;0.5090456171485633;-0.22331973295512908;0;0;1;1;0;0;0;0;0;0;0;0;0;0;1;0;0;0;0
0;-1.6161881435953902;-0.8634463547545148;0;0;1;0;0;0;0;0;1;0;0;0;0;1;0;0;0;0;0
0;0.6014470850069961;0.09895790847384597;0;1;0;0;0;0;0;0;1;0;1;0;0;0;0;0;0;0;0
0;-0.5997719971526297;1.2588660583379876;0;1;0;1;0;0;0;0;0;0;0;0;1;0;0;0;0;0;0
1;-0.13776465786046596;-0.6337969701255312;0;0;1;0;0;0;0;0;1;0;0;0;0;1;0;0;0;0;0
0;-0.5997719971526297;-0.035286736802950205;0;1;0;0;0;0;0;0;1;0;0;0;1;0;0;0;0;0;0
0;-0.3225675935773315;0.614722106228511;0;1;0;1;0;0;0;0;0;0;0;0;0;0;0;0;0;0;1
0;0.6938485528654289;4.0458032670577095;1;0;0;1;0;0;0;0;0;0;1;0;0;0;0;0;0;0;0
0;-1.6161881435953902;-0.044922159585941625;0;1;0;0;0;0;0;0;1;0;0;1;0;0;0;0;0;0;0
0;1.06345442429916;-0.05733406492112903;0;1;0;1;0;0;0;0;0;0;0;0;0;0;0;0;0;0;1
1;-1.0617793364447936;-0.5553699074165869;0;0;1;0;0;0;0;1;0;0;0;0;0;1;0;0;0;0;0
0;0.8786514885822944;3.271236617876002;1;0;0;1;0;0;0;0;0;0;1;0;0;0;0;0;0;0;0
0;0.1394397457148323;0.018546174903516986;0;1;0;0;0;0;0;0;1;0;0;0;0;0;0;0;0;0;1
0;-0.6921734650110625;0.1193701968668427;0;1;0;0;0;0;0;0;1;0;0;1;0;0;0;0;0;0;0
0;-0.507370529294197;0.5830187887899172;0;1;0;0;0;0;1;0;0;0;0;0;0;0;0;0;0;0;1
0;-0.6921734650110625;0.4727273040992268;0;1;0;0;0;0;0;0;1;0;0;0;0;1;0;0;0;0;0
0;0.23184121357326506;0.10602251407887812;0;1;0;1;0;0;0;0;0;0;0;0;0;0;1;0;0;0;0
0;0.7862500207238616;0.976199567987009;0;1;0;1;0;0;0;0;0;0;0;0;0;0;0;0;0;0;1
0;-1.0617793364447936;-0.13288181239075905;0;0;1;0;0;0;0;0;1;0;0;0;0;1;0;0;0;0;0
1;-0.5997719971526297;0.07311948195723655;0;1;0;0;0;0;0;0;1;0;0;0;0;1;0;0;0;0;0
0;1.2482573600160254;2.1556116508412684;0;1;0;1;0;0;0;0;0;0;0;0;0;0;1;0;0;0;0
0;-0.507370529294197;0.08696076164336934;0;1;0;1;0;0;0;0;0;0;0;0;0;0;1;0;0;0;0
1;-1.6161881435953902;-0.33566101587571234;0;0;1;0;0;0;0;0;1;0;0;0;0;1;0;0;0;0;0
0;-0.507370529294197;0.03733027908380617;0;1;0;0;0;0;0;0;1;0;0;0;0;0;0;0;0;0;1
0;0.8786514885822944;-0.5008994330499856;0;0;1;0;0;0;0;0;1;0;0;0;0;0;0;1;0;0;0
0;0.8786514885822944;6.097531323712161;1;0;0;1;0;0;0;0;0;0;1;0;0;0;0;0;0;0;0
0;1.8950676350250548;1.6565646202558135;0;1;0;1;0;0;0;0;0;0;0;0;0;1;0;0;0;0;0
1;-1.5237866757369574;-0.8432568705169412;0;0;1;0;0;0;0;0;1;0;0;0;0;1;0;0;0;0;0
0;-1.5237866757369574;-0.5648545089251379;0;0;1;0;0;0;0;0;1;0;0;0;0;0;0;0;0;0;1
0;-1.338983740020092;-0.17661998197843953;0;0;1;0;0;0;0;0;1;0;0;0;1;0;0;0;0;0;0
1;0.3242426814316978;-0.4064407544192872;0;0;1;1;0;0;0;0;0;0;0;0;0;1;0;0;0;0;0
0;-0.5997719971526297;-0.4763566983910677;0;0;1;0;0;0;0;0;1;0;0;0;0;1;0;0;0;0;0
0;-0.9693778685863608;-0.45036059508754345;0;0;1;0;0;0;0;0;1;0;0;0;0;0;0;0;0;0;1
0;-0.507370529294197;-0.2856603356425231;0;0;1;0;0;0;0;0;1;0;0;0;0;0;0;0;1;0;0
0;-0.876976400727928;-0.3672375063335268;0;0;1;1;0;0;0;0;0;0;0;0;0;1;0;0;0;0;0
0;-0.507370529294197;0.14079710110607388;0;1;0;1;0;0;0;0;0;0;0;0;0;1;0;0;0;0;0
0;-0.5997719971526297;-0.16006049159614452;0;0;1;1;0;0;0;0;0;0;0;0;0;0;1;0;0;0;0
0;-1.4313852078785245;-0.2643465473591219;0;0;1;0;0;0;0;0;1;0;0;0;0;0;0;0;0;0;1
1;0.04703827785639956;0.015166407253559966;0;1;0;0;0;0;0;0;1;0;0;0;0;0;1;0;0;0;0
0;1.1558558921575928;2.7284856952652397;1;0;0;1;0;0;0;0;0;0;1;0;0;0;0;0;0;0;0
0;0.04703827785639956;-0.5292058440574359;0;0;1;0;0;0;0;0;1;0;0;0;0;0;0;0;0;0;1
1;-1.8933925471706885;-0.826522564566545;0;0;1;0;0;0;0;0;1;0;0;0;0;1;0;0;0;0;0
0;-0.6921734650110625;0.20797426784426848;0;1;0;0;0;0;0;0;1;0;0;0;0;0;0;0;0;0;1
0;-1.6161881435953902;0.06475232898203848;0;1;0;0;0;0;0;0;1;0;0;0;0;1;0;0;0;0;0
0;1.8950676350250548;0.449500827835424;0;1;0;1;0;0;0;0;0;0;0;0;0;0;1;0;0;0;0
0;-1.338983740020092;-0.47473536969083474;0;0;1;0;0;0;0;0;1;0;0;0;0;1;0;0;0;0;0
0;-1.1541808043032262;-0.29653660618340943;0;0;1;0;0;0;0;0;1;0;0;0;0;1;0;0;0;0;0
0;-1.5237866757369574;-0.3992047610023911;0;0;1;0;0;0;0;0;1;0;0;0;0;1;0;0;0;0;0
0;-0.5997719971526297;-0.3423005797073218;0;0;1;0;0;0;0;0;1;0;0;0;0;1;0;0;0;0;0
1;-1.5237866757369574;-0.3627265791252676;0;0;1;0;0;0;0;0;1;0;0;0;0;1;0;0;0;0;0
0;0.1394397457148323;-0.17195823349574008;0;0;1;0;0;0;0;0;1;0;0;0;0;0;0;0;0;0;1
1;-1.8933925471706885;-0.5020374481207622;0;0;1;0;0;0;0;0;1;0;0;0;0;1;0;0;0;0;0
0;1.5254617635913237;0.06475232898203848;0;1;0;1;0;0;0;0;0;0;0;0;1;0;0;0;0;0;0
0;0.6938485528654289;4.0819283900423935;1;0;0;1;0;0;0;0;0;0;0;1;0;0;0;0;0;0;0
0;-1.5237866757369574;-0.42870745893665185;0;0;1;0;0;0;0;0;1;0;0;0;0;0;0;0;1;0;0
0;-1.7085896114538228;-0.47909547562465366;0;0;1;0;0;0;0;0;1;0;0;0;0;1;0;0;0;0;0
0;-1.246582272161659;-0.42870745893665185;0;0;1;1;0;0;0;0;0;0;0;0;0;0;0;0;1;0;0
1;-1.8009910793122557;-0.8351090939409291;0;0;1;0;0;0;0;0;1;0;0;0;0;1;0;0;0;0;0
0;-0.5997719971526297;-0.17847782585904481;0;0;1;0;0;0;0;0;1;0;0;0;0;0;0;0;0;0;1
0;-0.23016612571889872;0.22432809285232677;0;1;0;1;0;0;0;0;0;0;0;0;0;0;1;0;0;0;0
0;-1.5237866757369574;-0.5233409531354515;0;0;1;0;0;0;0;0;1;0;0;0;0;1;0;0;0;0;0
0;-0.876976400727928;1.118842216045139;0;1;0;0;0;0;0;0;1;0;0;1;0;0;0;0;0;0;0
0;-0.13776465786046596;0.10602251407887812;0;1;0;1;0;0;0;0;0;0;0;0;0;0;1;0;0;0;0
0;0.23184121357326506;0.7239201366795092;0;1;0;0;0;0;0;0;1;0;0;0;0;1;0;0;0;0;0
0;-0.9693778685863608;-0.4830579618349482;0;0;1;1;0;0;0;0;0;0;0;0;0;0;0;0;0;0;1
0;-0.6921734650110625;-0.20967040761828404;0;0;1;0;0;0;0;0;1;0;0;0;0;0;0;0;0;0;1
0;-0.507370529294197;0.6705739663587355;0;1;0;0;0;0;1;0;0;0;0;0;0;0;0;0;0;0;1
0;-1.0617793364447936;-0.10703995811791228;0;0;1;0;0;0;0;1;0;0;0;0;0;0;0;0;0;0;1
0;-1.246582272161659;-0.3548907283668477;0;0;1;0;0;0;0;0;1;0;0;0;0;1;0;0;0;0;0
1;-0.045363190002033205;-0.1425995013234451;0;0;1;0;0;0;1;0;0;0;0;0;0;1;0;0;0;0;0
0;-0.23016612571889872;1.7177603523599558;0;1;0;1;0;0;0;0;0;0;1;0;0;0;0;0;0;0;0
0;2.07987057074192;-0.18116518674907148;0;0;1;0;0;0;0;1;0;0;0;0;0;0;1;0;0;0;0
0;1.06345442429916;-0.15674927907093286;0;0;1;1;0;0;0;0;0;0;0;0;0;0;1;0;0;0;0
0;-1.1541808043032262;-0.1213405571398405;0;0;1;1;0;0;0;0;0;0;0;0;1;0;0;0;0;0;0
0;-1.7085896114538228;-0.535176995422776;0;0;1;0;0;0;0;0;1;0;0;0;0;1;0;0;0;0;0
0;-1.4313852078785245;-0.3143917884233958;0;0;1;0;0;0;0;1;0;0;0;0;0;1;0;0;0;0;0
0;-0.5997719971526297;-0.03560551813301726;0;1;0;0;0;0;0;0;1;0;0;1;0;0;0;0;0;0;0
1;-0.23016612571889872;0.06741912333464148;0;1;0;1;0;0;0;0;0;0;0;0;0;0;1;0;0;0;0
0;-1.338983740020092;-0.044922159585941625;0;1;0;0;0;0;0;0;1;0;0;0;1;0;0;0;0;0;0
0;0.04703827785639956;0.4077816066715008;0;1;0;1;0;0;0;0;0;0;0;0;0;0;0;0;0;0;1
1;-0.5997719971526297;-0.20855981459740555;0;0;1;0;0;0;0;0;1;0;0;0;0;1;0;0;0;0;0
0;-1.5237866757369574;-0.301016683585533;0;0;1;0;0;0;0;0;1;0;0;0;0;0;0;0;1;0;0
0;0.8786514885822944;0.36975065121888995;0;1;0;1;0;0;0;0;0;0;0;0;1;0;0;0;0;0;0
0;0.1394397457148323;1.575899232723926;0;1;0;1;0;0;0;0;0;0;0;0;0;1;0;0;0;0;0
1;0.3242426814316978;-0.2553041264051799;0;0;1;1;0;0;0;0;0;0;0;0;0;0;1;0;0;0;0
0;-1.1541808043032262;-0.13541835200634558;0;0;1;1;0;0;0;0;0;0;0;0;1;0;0;0;0;0;0
1;0.9710529564407272;11.532238837918078;1;0;0;1;0;0;0;0;0;0;1;0;0;0;0;0;0;0;0
0;-1.7085896114538228;-0.46192584463212294;0;0;1;0;0;0;0;0;1;0;0;0;0;1;0;0;0;0;0
1;-1.7085896114538228;-0.5120910571647017;0;0;1;0;0;0;0;0;1;0;0;0;0;1;0;0;0;0;0
0;-0.13776465786046596;1.8957808725430427;0;1;0;0;0;0;0;0;1;0;0;1;0;0;0;0;0;0;0
0;-0.6921734650110625;0.36614807941350963;0;1;0;0;0;0;0;0;1;0;0;0;0;0;1;0;0;0;0
1;0.1394397457148323;-0.10954907568360059;0;0;1;0;0;0;0;0;1;0;0;0;0;0;1;0;0;0;0
0;0.4166441492901306;-0.5588559355098995;0;0;1;1;0;0;0;0;0;0;0;0;0;0;1;0;0;0;0
0;2.07987057074192;-0.6379376996601642;0;0;1;1;0;0;0;0;0;0;0;0;0;0;1;0;0;0;0
1;0.4166441492901306;-0.621559880358445;0;0;1;0;0;0;0;0;1;0;0;0;0;1;0;0;0;0;0
0;1.6178632314497565;-0.58626770213942;0;0;1;1;0;0;0;0;0;0;0;0;0;0;1;0;0;0;0
1;-0.13776465786046596;-0.1881749482543072;0;0;1;1;0;0;0;0;0;0;0;0;1;0;0;0;0;0;0
0;-0.13776465786046596;-0.369157049826403;0;0;1;0;0;0;1;0;0;0;0;0;1;0;0;0;0;0;0
0;0.6014470850069961;-0.30192846674464935;0;0;1;0;0;0;0;1;0;0;0;0;1;0;0;0;0;0;0
0;-0.13776465786046596;-0.6885759425534874;0;0;1;0;0;0;0;0;1;0;0;0;0;1;0;0;0;0;0
0;-0.13776465786046596;0.4963068392554693;0;1;0;1;0;0;0;0;0;0;0;0;0;0;0;0;0;0;1
0;-0.23016612571889872;-0.838399739928717;0;0;1;0;0;0;0;0;1;0;0;0;0;0;0;0;0;0;1
0;0.5090456171485633;1.1726237114080473;0;1;0;0;0;0;0;0;1;0;0;0;1;0;0;0;0;0;0
0;0.6014470850069961;-0.3446520204860953;0;0;1;1;0;0;0;0;0;0;0;0;0;0;0;0;0;0;1
0;-0.41496906143576423;-0.6894260261003327;0;0;1;0;0;0;0;0;1;0;0;0;0;1;0;0;0;0;0
0;-0.045363190002033205;-0.1340335384864847;0;0;1;1;0;0;0;0;0;0;0;0;0;0;0;0;0;0;1
0;0.04703827785639956;0.28855396147022405;0;1;0;1;0;0;0;0;0;0;0;0;0;1;0;0;0;0;0
0;0.6938485528654289;0.5169179375102282;0;1;0;0;0;0;0;0;1;0;1;0;0;0;0;0;0;0;0
0;0.23184121357326506;-0.7449316828505922;0;0;1;1;0;0;0;0;0;0;0;0;0;0;0;0;0;0;1
0;-0.13776465786046596;-0.5319446212910218;0;0;1;1;0;0;0;0;0;0;0;0;0;1;0;0;0;0;0
0;0.6014470850069961;-0.29588876025456357;0;0;1;0;0;0;0;1;0;0;0;0;0;0;0;0;0;0;1
1;0.5090456171485633;-0.4411262197843137;0;0;1;0;0;0;0;0;1;0;0;0;0;1;0;0;0;0;0
0;-0.5997719971526297;-0.7294450801705654;0;0;1;0;0;0;0;0;1;0;0;0;0;0;0;0;0;0;1
1;0.4166441492901306;0.0009103690627163995;0;1;0;1;0;0;0;0;0;0;0;0;0;1;0;0;0;0;0
0;-0.6921734650110625;-0.6598170677227163;0;0;1;0;0;0;0;0;1;0;0;0;0;1;0;0;0;0;0
0;-0.3225675935773315;-0.43946033025299613;0;0;1;0;0;0;0;0;1;0;0;1;0;0;0;0;0;0;0
1;2.3570749743172184;-0.24581609714039143;0;0;1;0;0;0;0;0;1;0;0;1;0;0;0;0;0;0;0
0;-0.13776465786046596;-0.4458119625606742;0;0;1;0;0;0;0;0;1;0;0;1;0;0;0;0;0;0;0
0;1.06345442429916;1.1352680239341801;0;1;0;1;0;0;0;0;0;0;0;0;0;0;0;0;0;0;1
0;1.7102646993081891;-0.6243569294480648;0;0;1;0;0;0;0;1;0;0;0;0;0;0;0;0;0;0;1
0;0.6938485528654289;0.8275035024138445;0;1;0;0;0;0;0;1;0;0;0;0;0;1;0;0;0;0;0
0;0.6938485528654289;0.058068204319344355;0;1;0;0;0;0;0;0;1;0;0;0;0;0;0;0;0;0;1
0;-0.41496906143576423;-0.03830659004799302;0;1;0;0;0;0;0;0;1;0;0;0;0;0;0;0;0;0;1
1;0.6014470850069961;-0.17781284114901266;0;0;1;1;0;0;0;0;0;0;0;0;0;1;0;0;0;0;0
0;-0.13776465786046596;-0.8950914003370749;0;0;1;0;0;0;0;0;1;1;0;0;0;0;0;0;0;0;0
0;0.6938485528654289;-0.5957728701853948;0;0;1;0;0;0;0;0;1;0;0;0;0;0;0;0;0;0;1
0;-0.3225675935773315;-0.4022040477100102;0;0;1;1;0;0;0;0;0;0;0;0;0;1;0;0;0;0;0
0;-0.13776465786046596;-0.6141593546421595;0;0;1;0;0;0;0;0;1;0;0;1;0;0;0;0;0;0;0
0;1.6178632314497565;-0.5576219432644791;0;0;1;1;0;0;0;0;0;0;0;0;0;0;0;0;1;0;0
0;0.5090456171485633;-0.49808867293541675;0;0;1;1;0;0;0;0;0;0;0;0;0;0;0;0;1;0;0
0;-0.13776465786046596;-0.5166568284727574;0;0;1;0;0;0;0;0;1;0;0;0;1;0;0;0;0;0;0
0;0.5090456171485633;-0.14248295761137755;0;0;1;0;0;0;0;0;1;0;0;0;0;0;1;0;0;0;0
0;0.6938485528654289;-0.7579811508459134;0;0;1;0;0;0;0;0;1;0;0;0;0;0;0;0;0;0;1
1;0.5090456171485633;-0.8256793365321744;0;0;1;1;0;0;0;0;0;0;0;0;0;1;0;0;0;0;0
1;-0.23016612571889872;-0.4141189283907922;0;0;1;0;0;0;0;0;1;0;0;0;0;1;0;0;0;0;0
0;1.06345442429916;-0.5534949247547952;0;0;1;1;0;0;0;0;0;0;0;0;0;0;1;0;0;0;0
0;-0.507370529294197;-0.8256793365321744;0;0;1;0;0;0;0;0;1;0;0;0;0;1;0;0;0;0;0
0;1.433060295732891;-0.23804537375047982;0;0;1;0;0;1;0;0;0;0;0;0;0;0;1;0;0;0;0
0;-0.507370529294197;0.22863335468634924;0;1;0;0;0;0;0;0;1;0;0;0;0;0;0;0;0;0;1
1;-0.23016612571889872;-0.3400691103968532;0;0;1;1;0;0;0;0;0;0;0;0;0;1;0;0;0;0;0
0;1.5254617635913237;1.6490098455088507;0;1;0;1;0;0;0;0;0;0;0;0;0;1;0;0;0;0;0
0;1.3406588278744582;1.670011707974659;0;1;0;1;0;0;0;0;0;0;1;0;0;0;0;0;0;0;0
0;0.4166441492901306;0.9152300677945268;0;1;0;0;0;0;0;1;0;0;0;0;0;0;0;0;0;0;1
0;0.5090456171485633;-0.6299064667962194;0;0;1;1;0;0;0;0;0;0;0;0;0;0;0;0;1;0;0
0;0.3242426814316978;1.8313013499635873;0;1;0;1;0;0;0;0;0;0;1;0;0;0;0;0;0;0;0
0;0.5090456171485633;-0.7329208249951665;0;0;1;0;0;0;0;0;1;0;0;0;1;0;0;0;0;0;0
0;0.1394397457148323;0.29870354768880736;0;1;0;1;0;0;0;0;0;0;0;0;0;0;1;0;0;0;0
1;-0.045363190002033205;-0.1881749482543072;0;0;1;0;0;0;0;0;1;0;0;0;1;0;0;0;0;0;0
0;0.04703827785639956;0.36932560944546744;0;1;0;0;0;0;0;1;0;0;0;1;0;0;0;0;0;0;0
0;0.5090456171485633;-0.4094846019579909;0;0;1;0;0;0;0;0;1;0;0;0;0;0;1;0;0;0;0
1;-0.3225675935773315;-0.5419502417476394;0;0;1;1;0;0;0;0;0;0;0;0;0;1;0;0;0;0;0
1;-0.5997719971526297;-0.42572531101021904;0;0;1;0;0;0;0;0;1;0;0;1;0;0;0;0;0;0;0
0;-0.507370529294197;-0.10954564792736339;0;0;1;0;0;0;0;0;1;0;0;0;0;0;1;0;0;0;0
1;-0.507370529294197;-0.3332273089472442;0;0;1;0;0;0;0;0;1;0;0;0;0;1;0;0;0;0;0
0;-0.9693778685863608;-0.7922587132187038;0;0;1;0;0;0;0;0;1;0;0;0;0;1;0;0;0;0;0
0;-0.5997719971526297;-0.24925756440261956;0;0;1;1;0;0;0;0;0;0;0;0;0;0;1;0;0;0;0
0;0.9710529564407272;-0.4539220338180764;0;0;1;1;0;0;0;0;0;0;0;0;0;0;1;0;0;0;0
1;-0.876976400727928;-0.7537718661865348;0;0;1;1;0;0;0;0;0;0;0;0;0;1;0;0;0;0;0
0;-0.9693778685863608;-0.5367880408542971;0;0;1;0;0;0;0;0;1;0;0;0;0;0;1;0;0;0;0
0;0.1394397457148323;-0.22128707350642265;0;0;1;0;0;0;0;0;1;0;0;1;0;0;0;0;0;0;0
0;-0.9693778685863608;-0.5939732981608233;0;0;1;0;0;0;0;0;1;0;0;0;0;1;0;0;0;0;0
0;-0.6921734650110625;-0.6507403692064014;0;0;1;0;0;0;0;0;1;0;0;0;0;1;0;0;0;0;0
0;0.8786514885822944;-0.723703588473123;0;0;1;1;0;0;0;0;0;0;0;0;0;0;0;0;1;0;0
0;1.5254617635913237;1.7458953755555422;0;1;0;1;0;0;0;0;0;0;1;0;0;0;0;0;0;0;0
0;2.7266808457509497;-0.3956604610530446;0;0;1;1;0;0;0;0;0;0;0;0;0;0;1;0;0;0;0
0;1.06345442429916;-0.1356377284055314;0;0;1;0;0;0;1;0;0;0;0;0;1;0;0;0;0;0;0
0;-0.13776465786046596;-0.28898183143644646;0;0;1;0;0;0;0;0;1;0;0;0;0;0;0;0;0;0;1
0;-0.9693778685863608;-0.7922587132187038;0;0;1;0;0;0;0;0;1;1;0;0;0;0;0;0;0;0;0
0;1.8950676350250548;0.14647346543500797;0;1;0;1;0;0;0;0;0;0;0;0;1;0;0;0;0;0;0
0;1.5254617635913237;0.6855841109217804;0;1;0;0;0;0;1;0;0;0;0;0;0;1;0;0;0;0;0
0;-0.13776465786046596;-0.6659287570937849;0;0;1;0;0;0;0;0;1;0;0;0;0;1;0;0;0;0;0
0;0.6938485528654289;0.43558756526830833;0;1;0;1;0;0;0;0;0;0;0;0;0;1;0;0;0;0;0
0;-0.507370529294197;0.02826729159244038;0;1;0;1;0;0;0;0;0;0;0;0;0;1;0;0;0;0;0
1;0.4166441492901306;0.007210585026835308;0;1;0;0;0;0;1;0;0;0;0;0;0;1;0;0;0;0;0
0;2.07987057074192;-0.3190055483187734;0;0;1;1;0;0;0;0;0;0;0;0;0;1;0;0;0;0;0
0;-0.13776465786046596;-0.4766343466462873;0;0;1;1;0;0;0;0;0;0;0;0;0;0;0;0;0;0;1
1;1.06345442429916;-0.25531098191765444;0;0;1;1;0;0;0;0;0;0;0;0;0;0;1;0;0;0;0
0;0.04703827785639956;-0.3978816470948014;0;0;1;1;0;0;0;0;0;0;0;0;0;1;0;0;0;0;0
1;-0.9693778685863608;-0.7922587132187038;0;0;1;1;0;0;0;0;0;0;0;0;0;1;0;0;0;0;0
0;0.3242426814316978;-0.472061719825757;0;0;1;1;0;0;0;0;0;0;0;0;0;0;0;0;1;0;0
0;-1.4313852078785245;-0.9191508213665365;0;0;1;0;0;0;0;0;1;0;0;0;0;1;0;0;0;0;0
0;-0.3225675935773315;-0.6161097479411713;0;0;1;0;0;0;0;0;1;0;0;0;0;1;0;0;0;0;0
1;0.3242426814316978;0.3511893511940241;0;1;0;0;0;0;0;0;1;0;0;0;0;1;0;0;0;0;0
0;-0.5997719971526297;0.07554976112946744;0;1;0;0;0;0;0;0;1;0;0;0;1;0;0;0;0;0;0
0;-0.6921734650110625;-0.5166568284727574;0;0;1;0;0;0;0;0;1;0;0;0;1;0;0;0;0;0;0
1;-0.7845749328694953;-0.2326226633831045;0;0;1;0;0;0;0;0;1;0;0;0;1;0;0;0;0;0;0
0;1.2482573600160254;1.6643387714019622;0;1;0;1;0;0;0;0;0;0;0;1;0;0;0;0;0;0;0
0;-0.13776465786046596;-0.6161097479411713;0;0;1;0;0;0;0;0;1;0;0;0;0;1;0;0;0;0;0
0;0.5090456171485633;0.2417787998563143;0;1;0;1;0;0;0;0;0;0;0;0;0;0;1;0;0;0;0
1;-1.246582272161659;-0.930040802932372;0;0;1;0;0;0;0;0;1;0;0;0;0;1;0;0;0;0;0
0;0.5090456171485633;-0.510743948963451;0;0;1;1;0;0;0;0;0;0;0;0;0;0;0;0;0;0;1
0;0.8786514885822944;3.0885817712601145;1;0;0;1;0;0;0;0;0;0;1;0;0;0;0;0;0;0;0
0;-0.7845749328694953;-0.05240495145192174;0;1;0;1;0;0;0;0;0;0;0;0;0;0;0;0;0;0;1
0;0.4166441492901306;-0.457922225346981;0;0;1;1;0;0;0;0;0;0;0;0;1;0;0;0;0;0;0
0;0.6938485528654289;-0.3099322775586959;0;0;1;1;0;0;0;0;0;0;0;0;0;0;1;0;0;0;0
0;0.04703827785639956;-0.49733799431945264;0;0;1;0;0;0;0;0;1;0;0;0;0;0;0;0;0;0;1
1;-0.3225675935773315;-0.7922587132187038;0;0;1;1;0;0;0;0;0;0;0;0;0;1;0;0;0;0;0
0;1.6178632314497565;-0.24602861802710269;0;0;1;1;0;0;0;0;0;0;0;0;0;0;1;0;0;0;0
0;0.5090456171485633;0.2684707376760063;0;1;0;0;0;0;0;0;1;0;0;0;0;0;0;0;0;0;1
0;0.8786514885822944;0.3754235877915868;0;1;0;0;0;0;0;1;0;0;0;0;0;0;1;0;0;0;0
1;-0.5997719971526297;0.31306584632300655;0;1;0;1;0;0;0;0;0;0;0;1;0;0;0;0;0;0;0
1;-1.4313852078785245;-0.6812919605492695;0;0;1;0;0;0;0;0;1;0;0;0;0;1;0;0;0;0;0
0;1.433060295732891;1.0156976031091756;0;1;0;1;0;0;0;0;0;0;0;0;0;0;0;0;0;0;1
0;0.3242426814316978;-0.2506937942660395;0;0;1;1;0;0;0;0;0;0;0;0;0;0;0;0;0;0;1
0;0.1394397457148323;-0.5201462843223075;0;0;1;1;0;0;0;0;0;0;0;0;0;1;0;0;0;0;0
0;0.6938485528654289;-0.5934488514565196;0;0;1;0;0;0;0;0;1;0;0;0;0;0;0;1;0;0;0
0;0.8786514885822944;-0.6688594886766585;0;0;1;0;0;0;0;0;1;0;0;0;0;0;0;1;0;0;0
0;-0.7845749328694953;-0.4494865172470373;0;0;1;1;0;0;0;0;0;0;0;0;0;0;0;0;0;0;1
0;0.23184121357326506;-0.27747485374790065;0;0;1;0;0;0;0;0;1;0;0;0;0;1;0;0;0;0;0
0;0.1394397457148323;0.12362061460106859;0;1;0;0;0;0;0;0;1;0;0;1;0;0;0;0;0;0;0
0;0.4166441492901306;0.6808435240456234;0;1;0;0;0;0;0;0;1;0;0;0;0;0;0;0;0;0;1
0;0.1394397457148323;-0.6688594886766585;0;0;1;1;0;0;0;0;0;0;0;0;0;0;0;1;0;0;0
0;-0.3225675935773315;-0.6245934446284369;0;0;1;0;0;0;0;0;1;0;0;0;0;1;0;0;0;0;0
0;1.3406588278744582;3.411027372744716;1;0;0;0;0;0;1;0;0;0;1;0;0;0;0;0;0;0;0
0;0.5090456171485633;-0.17833728785331626;0;0;1;0;0;0;0;1;0;0;0;0;0;0;1;0;0;0;0
0;0.8786514885822944;-0.044133775651367384;0;1;0;1;0;0;0;0;0;0;0;0;0;0;0;0;0;0;1
0;0.23184121357326506;0.6626524216943838;0;1;0;1;0;0;0;0;0;0;0;1;0;0;0;0;0;0;0
1;0.4166441492901306;-0.07087370205838123;0;1;0;1;0;0;0;0;0;0;0;1;0;0;0;0;0;0;0
0;0.1394397457148323;0.11936334135436816;0;1;0;1;0;0;0;0;0;0;0;0;0;1;0;0;0;0;0
0;0.3242426814316978;-0.6688594886766585;0;0;1;1;0;0;0;0;0;0;0;0;0;0;0;1;0;0;0
1;-0.41496906143576423;0.2587461932308455;0;1;0;1;0;0;0;0;0;0;0;1;0;0;0;0;0;0;0
0;-0.13776465786046596;0.3766781465744309;0;1;0;1;0;0;0;0;0;0;0;0;1;0;0;0;0;0;0
0;-0.876976400727928;0.46835005938422136;0;1;0;0;0;0;0;0;1;0;0;1;0;0;0;0;0;0;0
0;-0.876976400727928;-0.510092675278368;0;0;1;0;0;0;0;0;1;0;0;0;0;0;0;0;0;0;1
0;0.6014470850069961;-0.12509737797589834;0;0;1;0;0;0;0;0;1;0;0;0;0;0;1;0;0;0;0
0;-1.4313852078785245;-0.5101063863033171;0;0;1;0;0;0;0;0;1;0;0;0;0;1;0;0;0;0;0
1;0.04703827785639956;0.08855809604994133;0;1;0;0;0;0;0;0;1;0;0;0;0;0;1;0;0;0;0
0;-0.41496906143576423;-0.3672375063335268;0;0;1;0;0;0;0;0;1;0;0;0;0;1;0;0;0;0;0
0;-0.7845749328694953;-0.723703588473123;0;0;1;0;0;0;0;0;1;0;0;0;0;0;0;1;0;0;0
1;0.3242426814316978;-0.3874612681334731;0;0;1;0;0;0;0;0;1;0;0;0;0;0;1;0;0;0;0
0;0.1394397457148323;0.5625687950783105;0;1;0;1;0;0;0;0;0;0;0;0;0;0;0;0;0;0;1
0;0.5090456171485633;3.339945991652261;1;0;0;1;0;0;0;0;0;0;1;0;0;0;0;0;0;0;0
0;-0.9693778685863608;-0.38380727998453373;0;0;1;0;0;0;0;0;1;0;0;1;0;0;0;0;0;0;0
0;-0.13776465786046596;0.3795951671323554;0;1;0;0;0;0;0;0;1;0;0;0;0;0;0;0;0;0;1
1;-0.5997719971526297;-0.10549404005489951;0;0;1;0;0;0;0;0;1;0;0;0;0;1;0;0;0;0;0
1;-1.8009910793122557;-0.8514046470929536;0;0;1;0;0;0;0;0;1;0;0;0;0;1;0;0;0;0;0
0;-0.5997719971526297;-0.005626362081774782;0;1;0;1;0;0;0;0;0;0;0;0;1;0;0;0;0;0;0
1;-1.0617793364447936;-0.3959381093082642;0;0;1;0;0;0;0;0;1;0;0;0;0;1;0;0;0;0;0
0;-0.3225675935773315;0.6091108692680852;0;1;0;1;0;0;0;0;0;0;0;0;1;0;0;0;0;0;0
0;-1.0617793364447936;-0.33833809349702726;0;0;1;0;0;0;0;0;1;0;0;0;0;1;0;0;0;0;0
0;-1.6161881435953902;-0.8846196050321874;0;0;1;0;0;0;0;0;1;0;0;0;0;1;0;0;0;0;0
0;0.1394397457148323;0.05987120410015304;0;1;0;0;0;0;1;0;0;0;0;0;1;0;0;0;0;0;0
0;-1.8009910793122557;-0.8368126887908567;0;0;1;0;0;0;0;0;1;0;0;0;0;1;0;0;0;0;0
1;-1.6161881435953902;-0.8591959370202887;0;0;1;0;0;0;0;0;1;0;0;0;0;1;0;0;0;0;0
0;-1.4313852078785245;-0.6688594886766585;0;0;1;0;0;0;0;0;1;0;0;0;0;0;0;1;0;0;0
0;-0.3225675935773315;-0.4879185201794099;0;0;1;0;0;0;0;0;1;0;0;0;0;1;0;0;0;0;0
0;1.06345442429916;-0.10469880060785072;0;0;1;1;0;0;0;0;0;0;0;0;0;0;1;0;0;0;0
0;-0.5997719971526297;0.16828085061657716;0;1;0;0;0;0;0;0;1;0;0;0;0;0;1;0;0;0;0
0;-1.246582272161659;-0.6071598764056357;0;0;1;0;0;0;0;0;1;0;0;0;0;1;0;0;0;0;0
0;0.6014470850069961;-0.5008994330499856;0;0;1;0;0;0;0;0;1;0;0;0;0;0;0;1;0;0;0
0;0.3242426814316978;-0.5728823140328454;0;0;1;0;0;0;0;0;1;0;0;0;0;0;0;1;0;0;0
0;-1.1541808043032262;-0.7922587132187038;0;0;1;0;0;0;0;0;1;0;0;0;0;1;0;0;0;0;0
0;-0.13776465786046596;0.11832815897070989;0;1;0;1;0;0;0;0;0;0;0;0;0;0;1;0;0;0;0
0;-1.0617793364447936;-0.23791511901346335;0;0;1;0;0;0;0;0;1;0;0;0;0;0;0;0;0;0;1
1;-0.7845749328694953;0.5983408591705545;0;1;0;0;0;0;0;0;1;0;0;1;0;0;0;0;0;0;0
1;-1.4313852078785245;0.03537303027231983;0;1;0;0;0;0;0;1;0;0;0;1;0;0;0;0;0;0;0
0;-1.6161881435953902;-0.35183659755943214;0;0;1;0;0;0;0;0;1;0;0;0;0;1;0;0;0;0;0
0;-1.338983740020092;-0.17393604884465008;0;0;1;0;0;0;0;0;1;0;0;0;1;0;0;0;0;0;0
0;0.1394397457148323;-0.5181170526298382;0;0;1;1;0;0;0;0;0;0;0;0;0;0;0;0;0;0;1
1;-1.1541808043032262;-0.33361121764581947;0;0;1;0;0;0;0;0;1;0;0;0;1;0;0;0;0;0;0
0;0.1394397457148323;0.16704343061491955;0;1;0;0;0;0;0;0;1;0;0;0;0;0;0;0;0;0;1
0;-0.5997719971526297;-0.17393604884465008;0;0;1;1;0;0;0;0;0;0;0;0;1;0;0;0;0;0;0
0;-1.8933925471706885;-0.8152760963520326;0;0;1;0;0;0;0;0;1;0;0;0;0;1;0;0;0;0;0
0;-1.8009910793122557;-0.8495982195559074;0;0;1;0;0;0;0;0;1;0;0;0;0;1;0;0;0;0;0
0;-1.246582272161659;-0.5728823140328454;0;0;1;1;0;0;0;0;0;0;0;0;0;0;0;1;0;0;0
0;0.4166441492901306;0.11026264854439224;0;1;0;0;0;0;0;0;1;0;0;0;0;0;1;0;0;0;0
0;-0.13776465786046596;-0.05471868691208509;0;1;0;0;0;0;0;0;1;0;0;0;0;0;1;0;0;0;0
0;0.04703827785639956;0.039445204682207365;0;1;0;0;0;0;0;0;1;0;0;0;1;0;0;0;0;0;0
0;-0.876976400727928;0.05532599932952112;0;1;0;0;0;0;0;0;1;0;0;1;0;0;0;0;0;0;0
0;1.06345442429916;-0.02763941263758069;0;1;0;1;0;0;0;0;0;0;0;0;0;0;1;0;0;0;0
0;0.1394397457148323;0.23140983723854522;0;1;0;0;0;0;0;0;1;0;0;0;1;0;0;0;0;0;0
0;0.23184121357326506;-0.5451174885108852;0;0;1;1;0;0;0;0;0;0;1;0;0;0;0;0;0;0;0
0;-1.246582272161659;-0.3882976406553692;0;0;1;0;0;0;0;0;1;0;0;0;0;1;0;0;0;0;0
0;-1.338983740020092;-0.30649081029646774;0;0;1;0;0;0;0;0;1;0;0;0;1;0;0;0;0;0;0
1;-1.5237866757369574;-0.5804233777548593;0;0;1;0;0;0;0;0;1;0;0;0;0;1;0;0;0;0;0
0;0.6938485528654289;-0.07406837087152535;0;0;1;1;0;0;0;0;0;0;0;0;1;0;0;0;0;0;0
0;-0.9693778685863608;0.22122597345758918;0;1;0;0;0;0;0;0;1;0;0;0;1;0;0;0;0;0;0
0;1.3406588278744582;0.449500827835424;0;1;0;1;0;0;0;0;0;0;0;0;0;0;1;0;0;0;0
0;-0.41496906143576423;0.3006847907939547;0;1;0;1;0;0;0;0;0;0;0;0;1;0;0;0;0;0;0
0;-1.1541808043032262;-0.4673108496808883;0;0;1;1;0;0;0;0;0;0;0;0;0;0;0;0;0;0;1
0;0.4166441492901306;0.19699516461626382;0;1;0;1;0;0;0;0;0;0;0;0;1;0;0;0;0;0;0
1;-1.7085896114538228;-0.8421942660833848;0;0;1;0;0;0;0;0;1;0;0;0;0;1;0;0;0;0;0
0;1.3406588278744582;-0.33833809349702726;0;0;1;1;0;0;0;0;0;0;0;0;0;0;1;0;0;0;0
0;-0.6921734650110625;3.1839385220249796;1;0;0;1;0;0;0;0;0;0;1;0;0;0;0;0;0;0;0
0;0.1394397457148323;1.2960400747312788;0;1;0;0;0;0;0;0;1;0;0;0;1;0;0;0;0;0;0
0;-1.0617793364447936;-0.08227099154733403;0;0;1;0;0;0;0;0;1;0;0;0;0;1;0;0;0;0;0
1;-0.507370529294197;-0.40644418217552447;0;0;1;0;0;0;0;0;1;0;0;0;0;1;0;0;0;0;0
1;-0.13776465786046596;0.23605444694005837;0;1;0;0;0;0;0;0;1;0;0;0;0;0;1;0;0;0;0
0;-0.5997719971526297;-0.46192584463212294;0;0;1;0;0;0;0;0;1;0;0;0;0;0;0;0;1;0;0
0;0.7862500207238616;-0.19187692499056846;0;0;1;1;0;0;0;0;0;0;0;0;0;0;1;0;0;0;0
0;-0.045363190002033205;-0.1117428396754592;0;0;1;1;0;0;0;0;0;0;0;0;0;0;0;0;0;0;1
0;1.433060295732891;1.1278674982178947;0;1;0;1;0;0;0;0;0;0;0;0;0;0;0;0;0;0;1
0;-1.338983740020092;-0.5170784424899427;0;0;1;0;0;0;0;0;1;0;0;0;0;0;0;0;0;0;1
0;-0.3225675935773315;-0.34054556851383494;0;0;1;0;0;0;0;0;1;0;0;0;0;1;0;0;0;0;0
0;-1.6161881435953902;-0.2561850597581605;0;0;1;0;0;0;0;0;1;0;0;0;0;1;0;0;0;0;0
0;0.7862500207238616;-0.47574313002459473;0;0;1;0;0;0;0;0;1;0;0;0;0;0;0;0;0;0;1
0;1.06345442429916;0.37238316800912036;0;1;0;1;0;0;0;0;0;0;0;0;0;0;0;0;0;0;1
0;-1.6161881435953902;-0.24030426511084677;0;0;1;0;0;0;0;0;1;0;0;0;0;1;0;0;0;0;0
0;-0.507370529294197;0.0029018954365755017;0;1;0;0;0;0;0;1;0;0;0;0;0;0;1;0;0;0;0
0;-1.5237866757369574;-0.074064943115288;0;0;1;0;0;0;0;0;1;0;0;0;0;0;0;0;0;0;1
0;0.6014470850069961;-0.4343838232655859;0;0;1;1;0;0;0;0;0;0;0;0;0;0;1;0;0;0;0
0;-0.3225675935773315;0.4464672635654322;0;1;0;0;0;0;0;0;1;0;0;0;0;0;0;0;0;0;1
0;-0.13776465786046596;0.21620773832621273;0;1;0;0;0;0;1;0;0;0;0;0;0;0;1;0;0;0;0
0;-0.5997719971526297;-0.3481209097982216;0;0;1;0;0;0;1;0;0;0;0;0;0;1;0;0;0;0;0
0;-0.9693778685863608;-0.4251014593750342;0;0;1;1;0;0;0;0;0;0;0;0;0;0;0;0;1;0;0
1;-0.9693778685863608;0.09098837522217222;0;1;0;0;0;0;0;0;1;0;0;0;1;0;0;0;0;0;0
0;-1.8933925471706885;-0.6768975770530778;0;0;1;0;0;0;0;0;1;0;0;0;0;1;0;0;0;0;0
0;-0.23016612571889872;0.3036532276954383;0;1;0;0;0;0;0;0;1;0;0;0;0;0;0;0;0;0;1
0;0.6014470850069961;0.18351037157880803;0;1;0;1;0;0;0;0;0;0;0;0;0;0;1;0;0;0;0
0;-1.9857940150291211;-0.8087222264263549;0;0;1;0;0;0;0;0;1;0;0;0;0;1;0;0;0;0;0
0;-0.045363190002033205;1.007128212515978;0;1;0;1;0;0;0;0;0;0;0;1;0;0;0;0;0;0;0
1;-1.6161881435953902;-0.42494035483188214;0;0;1;0;0;0;0;0;1;0;0;0;0;1;0;0;0;0;0
1;-0.41496906143576423;0.4305933244305929;0;1;0;0;0;0;0;0;1;0;0;1;0;0;0;0;0;0;0
1;-1.7085896114538228;-0.8591959370202887;0;0;1;0;0;0;0;0;1;0;0;0;0;1;0;0;0;0;0
1;0.23184121357326506;0.5967743745701181;0;1;0;1;0;0;0;0;0;0;0;0;0;0;1;0;0;0;0
0;0.23184121357326506;5.544198917596918;1;0;0;1;0;0;0;0;0;0;1;0;0;0;0;0;0;0;0
1;-0.7845749328694953;0.47272387634298946;0;1;0;0;0;0;0;0;1;0;0;1;0;0;0;0;0;0;0
0;0.1394397457148323;-0.08165056766838655;0;0;1;1;0;0;0;0;0;0;0;0;0;0;1;0;0;0;0
1;-0.507370529294197;-0.2346656061005228;0;0;1;1;0;0;0;0;0;0;0;0;0;1;0;0;0;0;0
0;-1.6161881435953902;-0.2965331784271721;0;0;1;0;0;0;0;0;1;0;0;0;0;1;0;0;0;0;0
0;-1.1541808043032262;-0.4064407544192872;0;0;1;1;0;0;0;0;0;0;0;0;0;1;0;0;0;0;0
0;1.9874691028834874;2.532664836941963;1;0;0;0;0;0;0;1;0;0;0;0;0;0;1;0;0;0;0
1;-1.0617793364447936;0.03944863243844456;0;1;0;0;0;0;0;0;1;0;0;1;0;0;0;0;0;0;0
0;0.9710529564407272;1.283587036321244;0;1;0;1;0;0;0;0;0;0;0;0;0;1;0;0;0;0;0
0;0.23184121357326506;3.8011471656219187;1;0;0;1;0;0;0;0;0;0;0;0;0;0;0;0;0;0;1
0;2.7266808457509497;-0.3196842440537547;0;0;1;1;0;0;0;0;0;0;0;0;0;0;1;0;0;0;0
0;-0.41496906143576423;-0.8020723793260337;0;0;1;0;0;0;0;0;1;0;0;0;0;1;0;0;0;0;0
0;2.911483781467815;0.08265549980934689;0;1;0;1;0;0;0;0;0;0;0;0;0;1;0;0;0;0;0
0;3.835498460052143;1.8297759984379978;0;1;0;1;0;0;0;0;0;0;0;0;0;0;1;0;0;0;0
0;0.7862500207238616;0.789009799869201;0;1;0;1;0;0;0;0;0;0;1;0;0;0;0;0;0;0;0
0;1.7102646993081891;-0.5531727156684909;0;0;1;0;0;0;1;0;0;0;0;0;0;0;1;0;0;0;0
1;0.9710529564407272;2.6632040777262604;1;0;0;1;0;0;0;0;0;0;1;0;0;0;0;0;0;0;0
0;1.7102646993081891;-0.2815470281577882;0;0;1;1;0;0;0;0;0;0;0;0;0;1;0;0;0;0;0
1;0.04703827785639956;-0.032400566051161234;0;1;0;0;0;0;0;0;1;0;0;0;0;0;1;0;0;0;0
1;1.433060295732891;-0.1904681171770469;0;0;1;0;0;0;0;0;1;0;0;0;0;1;0;0;0;0;0
0;0.6938485528654289;0.062407743715739566;0;1;0;1;0;0;0;0;0;0;0;0;0;1;0;0;0;0;0
0;1.1558558921575928;-0.6670701999207987;0;0;1;1;0;0;0;0;0;0;0;0;0;0;0;0;0;0;1
0;0.8786514885822944;-0.7221919479724831;0;0;1;0;0;0;0;0;1;0;0;0;0;0;0;0;0;0;1
1;0.6014470850069961;-0.5054789153829904;0;0;1;0;0;0;0;0;1;0;0;0;0;1;0;0;0;0;0
0;-0.23016612571889872;-0.4411262197843137;0;0;1;0;0;0;0;0;1;0;0;1;0;0;0;0;0;0;0
1;0.9710529564407272;-0.640330273513785;0;0;1;1;0;0;0;0;0;0;0;0;0;0;1;0;0;0;0
0;1.3406588278744582;-0.3603305775154095;0;0;1;1;0;0;0;0;0;0;0;0;0;0;1;0;0;0;0
0;1.3406588278744582;1.4042749056796018;0;1;0;1;0;0;0;0;0;0;0;0;0;0;0;0;0;0;1
1;-0.13776465786046596;-0.7854032007441457;0;0;1;0;0;0;0;0;1;0;0;0;0;1;0;0;0;0;0
0;0.23184121357326506;4.965240605851777;1;0;0;1;0;0;0;0;0;0;1;0;0;0;0;0;0;0;0
0;0.04703827785639956;0.7697149600095572;0;1;0;1;0;0;0;0;0;0;1;0;0;0;0;0;0;0;0
0;-0.507370529294197;-0.6885759425534874;0;0;1;0;0;0;0;0;1;0;0;0;0;1;0;0;0;0;0
0;-0.507370529294197;-0.7696800828837468;0;0;1;0;0;0;0;0;1;0;0;0;1;0;0;0;0;0;0
1;0.6938485528654289;-0.31579716848068023;0;0;1;1;0;0;0;0;0;0;0;0;0;1;0;0;0;0;0
0;-0.13776465786046596;-0.6598102122102417;0;0;1;0;0;0;0;0;1;0;0;0;0;0;0;0;0;0;1
0;0.04703827785639956;-0.7543854345530078;0;0;1;1;0;0;0;0;0;0;0;0;0;1;0;0;0;0;0
0;1.433060295732891;-0.18723231528905546;0;0;1;0;1;0;0;0;0;0;0;0;0;0;0;0;0;0;1
1;0.04703827785639956;-0.62276302279773;0;0;1;0;0;0;0;0;1;0;0;0;0;1;0;0;0;0;0
0;0.8786514885822944;0.4464672635654322;0;1;0;1;0;0;0;0;0;0;0;0;1;0;0;0;0;0;0
0;0.04703827785639956;0.33185337825953276;0;1;0;1;0;0;0;0;0;0;0;0;0;0;0;0;0;0;1
0;-0.3225675935773315;-0.7922587132187038;0;0;1;0;0;0;0;0;1;1;0;0;0;0;0;0;0;0;0
0;1.3406588278744582;-0.5523157766091712;0;0;1;1;0;0;0;0;0;0;0;0;0;0;0;1;0;0;0
0;-0.045363190002033205;-0.386672884198899;0;0;1;0;0;0;0;0;1;0;0;0;1;0;0;0;0;0;0
0;1.9874691028834874;3.110372017660497;1;0;0;0;0;0;1;0;0;0;1;0;0;0;0;0;0;0;0
1;1.6178632314497565;-0.6485191831646446;0;0;1;0;0;0;1;0;0;0;0;0;0;1;0;0;0;0;0
1;-0.13776465786046596;0.1067663371823677;0;1;0;0;0;0;0;0;1;0;0;1;0;0;0;0;0;0;0
0;-0.045363190002033205;-0.13782463688491545;0;0;1;0;0;0;0;0;1;0;0;1;0;0;0;0;0;0;0
0;0.23184121357326506;0.10199490050007524;0;1;0;1;0;0;0;0;0;0;0;0;0;0;1;0;0;0;0
0;-0.23016612571889872;-0.43946033025299613;0;0;1;1;0;0;0;0;0;0;0;0;0;1;0;0;0;0;0
1;0.6938485528654289;0.642596619950064;0;1;0;0;0;0;0;0;1;0;0;1;0;0;0;0;0;0;0
1;0.23184121357326506;0.7601343813263624;0;1;0;0;0;0;0;0;1;0;0;1;0;0;0;0;0;0;0
0;0.1394397457148323;-0.42616406380859073;0;0;1;0;0;0;1;0;0;0;0;0;0;0;1;0;0;0;0
1;0.7862500207238616;0.25995961893884234;0;1;0;0;0;0;0;0;1;0;0;0;0;1;0;0;0;0;0
0;-0.41496906143576423;-0.5883483501754484;0;0;1;0;0;0;0;0;1;0;0;0;0;1;0;0;0;0;0
0;-1.0617793364447936;-0.9590738982621254;0;0;1;0;0;0;0;0;1;0;0;0;0;1;0;0;0;0;0
0;0.6014470850069961;0.5257306987962727;0;1;0;1;0;0;0;0;0;0;1;0;0;0;0;0;0;0;0
0;0.5090456171485633;-0.7784002947513847;0;0;1;1;0;0;0;0;0;0;0;0;0;0;1;0;0;0;0
1;-0.23016612571889872;-0.6136074858879577;0;0;1;0;0;0;0;0;1;0;0;0;0;1;0;0;0;0;0
1;1.1558558921575928;-0.457713132216507;0;0;1;0;0;0;1;0;0;0;0;0;0;0;1;0;0;0;0
0;-0.41496906143576423;-0.41925713499047346;0;0;1;1;0;0;0;0;0;0;0;0;0;0;0;0;0;0;1
0;1.5254617635913237;0.03927381687034341;0;1;0;0;0;0;1;0;0;0;0;0;0;1;0;0;0;0;0
0;0.7862500207238616;-0.6962369777438061;0;0;1;0;0;0;0;0;1;0;0;0;0;0;0;0;1;0;0
1;0.6014470850069961;-0.2640071994916313;0;0;1;0;0;0;0;0;1;0;0;0;0;0;1;0;0;0;0
1;0.9710529564407272;0.08067425670419955;0;1;0;0;0;0;0;0;1;0;0;0;0;1;0;0;0;0;0
1;1.8950676350250548;-0.49225463181956786;0;0;1;1;0;0;0;0;0;0;0;0;0;1;0;0;0;0;0
0;0.1394397457148323;-0.5544204189388605;0;0;1;0;0;0;0;0;1;0;0;0;0;0;1;0;0;0;0
0;-0.6921734650110625;0.48418629320045076;0;1;0;0;0;0;0;0;1;0;0;0;1;0;0;0;0;0;0
0;1.06345442429916;-0.03830659004799302;0;1;0;1;0;0;0;0;0;0;0;0;0;0;0;0;0;0;1
0;2.172272038600353;-0.7885156034075951;0;0;1;1;0;0;0;0;0;0;0;0;0;0;0;0;1;0;0
0;-0.5997719971526297;-0.8256793365321744;0;0;1;0;0;0;0;0;1;0;0;0;0;1;0;0;0;0;0
0;0.3242426814316978;-0.7704787500870328;0;0;1;0;0;0;0;0;1;0;0;0;0;1;0;0;0;0;0
1;0.5090456171485633;-0.00044702240724611177;0;1;0;0;0;0;0;0;1;0;0;0;1;0;0;0;0;0;0
1;1.1558558921575928;0.8284529908915707;0;1;0;0;0;0;0;0;1;0;0;0;0;1;0;0;0;0;0
0;2.4494764421756514;-0.6886547809469449;0;0;1;0;0;0;0;0;1;0;0;0;0;1;0;0;0;0;0
0;1.1558558921575928;-0.7168480759985649;0;0;1;0;0;0;0;0;1;0;0;0;0;0;0;1;0;0;0
0;0.9710529564407272;-0.4150444225748575;0;0;1;0;0;0;0;0;1;0;0;0;0;0;1;0;0;0;0
0;0.3242426814316978;-0.03094376965031764;0;1;0;1;0;0;0;0;0;0;0;0;1;0;0;0;0;0;0
0;-0.5997719971526297;0.07284183370201697;0;1;0;0;0;0;0;0;1;0;0;0;1;0;0;0;0;0;0
1;-1.246582272161659;-0.9470356183568015;0;0;1;0;0;0;0;0;1;0;0;0;0;1;0;0;0;0;0
0;0.9710529564407272;-0.057320353896179926;0;1;0;1;0;0;0;0;0;0;0;0;0;0;0;0;0;0;1
0;0.6014470850069961;-0.5480310813125724;0;0;1;1;0;0;0;0;0;0;0;0;0;0;1;0;0;0;0
1;-1.0617793364447936;-0.9636465250826557;0;0;1;0;0;0;0;0;1;0;0;0;0;1;0;0;0;0;0
1;0.6938485528654289;-0.3047597933966418;0;0;1;0;0;0;0;0;1;0;0;1;0;0;0;0;0;0;0
1;-0.5997719971526297;-0.8256793365321744;0;0;1;0;0;0;0;0;1;0;0;0;0;1;0;0;0;0;0
0;-0.507370529294197;-0.7922587132187038;0;0;1;1;0;0;0;0;0;0;0;0;0;1;0;0;0;0;0
1;0.7862500207238616;0.12800128707231126;0;1;0;1;0;0;0;0;0;0;0;1;0;0;0;0;0;0;0
0;0.04703827785639956;10.896390055902813;1;0;0;1;0;0;0;0;0;0;1;0;0;0;0;0;0;0;0
0;0.8786514885822944;-0.6941734684889641;0;0;1;1;0;0;0;0;0;0;0;0;0;1;0;0;0;0;0
0;2.07987057074192;-0.620072234151466;0;0;1;1;0;0;0;0;0;0;0;0;0;0;1;0;0;0;0
1;0.1394397457148323;-0.50525268347133;0;0;1;1;0;0;0;0;0;0;0;0;0;0;1;0;0;0;0
0;1.433060295732891;-0.3953451074792149;0;0;1;1;0;0;0;0;0;0;0;0;0;0;1;0;0;0;0
0;-0.3225675935773315;1.9534837210413982;0;1;0;0;0;0;0;0;1;0;1;0;0;0;0;0;0;0;0
0;-0.9693778685863608;-0.6976286467761414;0;0;1;0;0;0;0;0;1;0;0;0;0;1;0;0;0;0;0
1;-1.1541808043032262;-0.9498703727650312;0;0;1;0;0;0;0;0;1;0;0;0;0;1;0;0;0;0;0
0;-1.0617793364447936;0.2921462500068925;0;1;0;0;0;0;0;0;1;0;0;0;0;1;0;0;0;0;0
0;2.172272038600353;0.08982636585773467;0;1;0;1;0;0;0;0;0;0;0;0;0;0;1;0;0;0;0
0;3.9278999279105755;0.7624446890302884;0;1;0;1;0;0;0;0;0;0;1;0;0;0;0;0;0;0;0
0;0.7862500207238616;-0.773748829537397;0;0;1;0;0;0;0;0;1;0;0;0;0;0;1;0;0;0;0
0;-0.5997719971526297;-0.7316285608937122;0;0;1;0;0;0;0;0;1;0;0;0;0;0;0;0;0;0;1
0;1.5254617635913237;-0.13205915089381204;0;0;1;0;0;1;0;0;0;0;0;0;0;0;0;0;0;0;1
0;-1.0617793364447936;-0.7474922167598396;0;0;1;0;0;0;0;0;1;0;0;0;0;1;0;0;0;0;0
0;-0.5997719971526297;-0.5888522303423284;0;0;1;0;0;0;0;0;1;0;0;0;0;1;0;0;0;0;0
0;0.7862500207238616;0.24374633193651254;0;1;0;1;0;0;0;0;0;0;0;0;0;1;0;0;0;0;0
1;-0.507370529294197;-0.43401705334819707;0;0;1;0;0;0;0;0;1;0;0;0;0;0;1;0;0;0;0
1;-0.507370529294197;-0.47629842653503396;0;0;1;1;0;0;0;0;0;0;0;0;1;0;0;0;0;0;0
0;2.07987057074192;-0.15805868195357353;0;0;1;1;0;0;0;0;0;0;0;0;0;0;1;0;0;0;0
0;-0.876976400727928;-0.7922587132187038;0;0;1;0;0;0;0;0;1;0;0;0;0;1;0;0;0;0;0
0;-1.1541808043032262;0.1193701968668427;0;1;0;0;0;0;0;0;1;0;0;1;0;0;0;0;0;0;0
0;-0.23016612571889872;-0.22128707350642265;0;0;1;0;0;0;0;0;1;0;0;1;0;0;0;0;0;0;0
0;0.23184121357326506;-0.005646928619198437;0;1;0;0;0;0;0;0;1;0;0;0;0;0;0;0;0;0;1
0;-0.23016612571889872;1.2439998795369085;0;1;0;1;0;0;0;0;0;0;0;0;1;0;0;0;0;0;0
1;0.23184121357326506;-0.3826452706200962;0;0;1;1;0;0;0;0;0;0;0;0;0;1;0;0;0;0;0
1;0.23184121357326506;1.6565646202558135;0;1;0;1;0;0;0;0;0;0;0;0;0;1;0;0;0;0;0
0;-0.13776465786046596;-0.7010838250633187;0;0;1;1;0;0;0;0;0;0;0;0;0;1;0;0;0;0;0
0;0.23184121357326506;-0.37636219343716354;0;0;1;1;0;0;0;0;0;0;0;0;0;1;0;0;0;0;0
0;0.04703827785639956;-0.49389309930098724;0;0;1;0;0;0;0;0;1;0;0;0;1;0;0;0;0;0;0
0;0.4166441492901306;-0.510743948963451;0;0;1;0;0;0;0;0;1;0;0;0;0;0;0;0;0;0;1
0;0.1394397457148323;-0.5721179243919322;0;0;1;1;0;0;0;0;0;0;0;0;0;1;0;0;0;0;0
0;0.7862500207238616;-0.5934488514565196;0;0;1;0;0;0;0;0;1;0;0;0;0;0;0;1;0;0;0
1;0.6014470850069961;-0.45005895253866296;0;0;1;1;0;0;0;0;0;0;0;0;0;1;0;0;0;0;0
0;0.1394397457148323;0.6125831863364489;0;1;0;0;0;0;0;0;1;0;0;1;0;0;0;0;0;0;0
0;0.3242426814316978;-0.6928537823376117;0;0;1;1;0;0;0;0;0;0;0;0;0;0;0;1;0;0;0
0;-0.045363190002033205;0.7239509864856447;0;1;0;0;0;0;0;0;1;0;0;0;0;1;0;0;0;0;0
0;0.23184121357326506;-0.6533248974093099;0;0;1;1;0;0;0;0;0;0;0;0;0;1;0;0;0;0;0
0;0.1394397457148323;0.2921428222506553;0;1;0;1;0;0;0;0;0;0;0;1;0;0;0;0;0;0;0
0;0.4166441492901306;0.2551264826442789;0;1;0;0;0;0;0;0;1;0;0;0;1;0;0;0;0;0;0
0;-0.876976400727928;-0.3659006814009879;0;0;1;1;0;0;0;0;0;0;0;0;0;0;1;0;0;0;0
0;1.1558558921575928;-0.05157886219873754;0;1;0;0;0;0;0;0;1;0;0;0;0;1;0;0;0;0;0
0;0.6014470850069961;-0.6551484637275423;0;0;1;0;0;0;0;0;1;0;0;0;0;0;0;1;0;0;0
1;-1.5237866757369574;-0.9225580110663919;0;0;1;0;0;0;0;0;1;0;0;0;0;1;0;0;0;0;0
0;-0.6921734650110625;1.6563315328316786;0;1;0;0;0;0;0;0;1;0;1;0;0;0;0;0;0;0;0
1;0.9710529564407272;5.373332124681033;1;0;0;1;0;0;0;0;0;0;1;0;0;0;0;0;0;0;0
0;1.9874691028834874;1.1352680239341801;0;1;0;1;0;0;0;0;0;0;0;0;0;0;0;0;0;0;1
0;-0.23016612571889872;-0.6688594886766585;0;0;1;0;0;0;0;0;1;0;0;0;0;0;0;1;0;0;0
0;1.3406588278744582;0.3699905941554994;0;1;0;0;0;0;0;1;0;0;0;0;0;0;0;0;0;0;1
0;-0.6921734650110625;-0.30392342087474566;0;0;1;1;0;0;0;0;0;0;0;0;0;1;0;0;0;0;0
0;0.9710529564407272;2.8706518852063883;1;0;0;1;0;0;0;0;0;0;1;0;0;0;0;0;0;0;0
1;-0.045363190002033205;-0.5036142159899106;0;0;1;0;0;0;0;0;1;0;0;0;0;1;0;0;0;0;0
0;-0.41496906143576423;-0.6161097479411713;0;0;1;0;0;0;0;0;1;0;0;0;0;1;0;0;0;0;0
0;-0.6921734650110625;0.06676784964955859;0;1;0;0;0;0;0;0;1;0;0;0;0;0;0;0;0;0;1
1;0.1394397457148323;2.9114901730173304;1;0;0;0;0;0;0;0;1;0;1;0;0;0;0;0;0;0;0
0;-0.6921734650110625;-0.5721144966356949;0;0;1;0;0;0;0;0;1;0;0;0;0;1;0;0;0;0;0
0;-1.338983740020092;-0.883409607080428;0;0;1;0;0;0;0;0;1;0;0;0;0;1;0;0;0;0;0
0;-1.6161881435953902;-0.8686599719914162;0;0;1;0;0;0;0;0;1;0;0;0;0;1;0;0;0;0;0
1;0.8786514885822944;0.0016267701163077684;0;1;0;0;0;0;1;0;0;0;0;1;0;0;0;0;0;0;0
0;1.06345442429916;-0.45133407785893076;0;0;1;1;0;0;0;0;0;0;0;0;0;0;0;0;0;0;1
0;0.8786514885822944;1.4173449402123468;0;1;0;1;0;0;0;0;0;0;1;0;0;0;0;0;0;0;0
0;0.4166441492901306;0.16965538086772614;0;1;0;0;0;0;0;1;0;0;0;0;0;0;0;0;0;0;1
0;-0.9693778685863608;0.03537303027231983;0;1;0;0;0;0;0;0;1;0;0;0;0;1;0;0;0;0;0
0;-0.41496906143576423;-0.237911691257226;0;0;1;1;0;0;0;0;0;0;0;0;0;0;0;0;0;0;1
0;0.6014470850069961;4.411589418406467;1;0;0;0;0;0;1;0;0;0;1;0;0;0;0;0;0;0;0
0;1.7102646993081891;-0.19491048926056054;0;0;1;0;0;0;1;0;0;0;0;0;0;0;0;0;0;0;1
0;0.23184121357326506;0.2787677174127925;0;1;0;0;0;0;0;0;1;0;0;0;0;0;0;0;0;0;1
0;0.6938485528654289;-0.0316327486540108;0;1;0;0;0;0;0;1;0;0;0;0;0;0;0;0;1;0;0
0;-1.0617793364447936;-0.17392576557593817;0;0;1;0;0;0;0;0;1;0;0;0;1;0;0;0;0;0;0
0;-1.6161881435953902;-0.7922587132187038;0;0;1;0;0;0;0;0;1;0;0;0;0;1;0;0;0;0;0
0;0.6014470850069961;-0.21805127161843124;0;0;1;0;0;0;0;1;0;0;0;0;1;0;0;0;0;0;0
1;-1.6161881435953902;-0.044925587342178976;0;1;0;0;0;0;0;0;1;0;0;0;0;1;0;0;0;0;0
0;-1.338983740020092;-0.6551484637275423;0;0;1;0;0;0;0;0;1;0;0;0;0;1;0;0;0;0;0
0;-0.876976400727928;-0.14934532559841018;0;0;1;0;0;0;0;0;1;0;0;0;1;0;0;0;0;0;0
0;-0.3225675935773315;-0.06034706265369729;0;1;0;0;0;0;0;0;1;0;0;0;0;0;0;0;0;0;1
1;-0.41496906143576423;-0.02603522271853416;0;1;0;0;0;0;0;0;1;0;0;0;0;0;1;0;0;0;0
1;-1.4313852078785245;-0.6372487206564712;0;0;1;0;0;0;0;0;1;0;0;0;0;1;0;0;0;0;0
0;0.1394397457148323;0.04957079660712963;0;1;0;0;0;0;0;0;1;0;0;0;0;0;1;0;0;0;0
1;-0.13776465786046596;1.0706513911052329;0;1;0;0;0;0;0;0;1;0;0;1;0;0;0;0;0;0;0
0;0.7862500207238616;-0.10874355296784005;0;0;1;0;0;0;1;0;0;0;0;0;1;0;0;0;0;0;0
1;-1.1541808043032262;0.3471137490278992;0;1;0;0;0;0;0;0;1;0;0;1;0;0;0;0;0;0;0
0;-0.6921734650110625;0.30067793528148;0;1;0;1;0;0;0;0;0;0;0;1;0;0;0;0;0;0;0
1;0.6938485528654289;0.42593157594789327;0;1;0;1;0;0;0;0;0;0;0;1;0;0;0;0;0;0;0
0;-1.1541808043032262;0.026289476243530382;0;1;0;0;0;0;0;1;0;0;0;0;1;0;0;0;0;0;0
0;0.6014470850069961;0.7519591827004517;0;1;0;0;0;0;0;1;0;0;0;0;0;0;0;0;0;0;1
1;-1.338983740020092;-0.7922587132187038;0;0;1;0;0;0;0;0;1;0;0;0;0;1;0;0;0;0;0
0;0.8786514885822944;-0.18809610986084976;0;0;1;1;0;0;0;0;0;0;0;0;0;0;1;0;0;0;0
0;0.1394397457148323;-0.2768955629438005;0;0;1;0;0;0;0;0;1;0;0;0;0;1;0;0;0;0;0
0;0.6938485528654289;0.976199567987009;0;1;0;0;0;0;1;0;0;0;0;0;0;0;0;0;0;0;1
0;-1.5237866757369574;-0.5482813075178937;0;0;1;0;0;0;0;0;1;0;0;0;0;1;0;0;0;0;0
1;-1.5237866757369574;-0.8514046470929536;0;0;1;0;0;0;0;0;1;0;0;0;0;1;0;0;0;0;0
0;0.04703827785639956;1.450861540700461;0;1;0;0;0;0;1;0;0;0;0;0;0;1;0;0;0;0;0
0;-1.1541808043032262;-0.47452970431659797;0;0;1;0;0;0;0;0;1;0;0;0;0;1;0;0;0;0;0
0;-1.6161881435953902;-0.43114802137759445;0;0;1;0;0;0;0;0;1;0;0;0;0;1;0;0;0;0;0
1;-1.246582272161659;-0.2990868568239449;0;0;1;0;0;0;0;0;1;0;0;0;1;0;0;0;0;0;0
1;-1.6161881435953902;-0.40644418217552447;0;0;1;0;0;0;0;0;1;0;0;0;0;1;0;0;0;0;0
0;-1.6161881435953902;-0.3992047610023911;0;0;1;0;0;0;0;0;1;0;0;0;0;1;0;0;0;0;0
0;0.7862500207238616;3.3553263338889314;1;0;0;1;0;0;0;0;0;0;1;0;0;0;0;0;0;0;0
0;0.23184121357326506;11.532238837918078;1;0;0;1;0;0;0;0;0;0;1;0;0;0;0;0;0;0;0
0;-0.6921734650110625;0.7239544142418821;0;1;0;1;0;0;0;0;0;0;0;1;0;0;0;0;0;0;0
0;-1.0617793364447936;-0.47452970431659797;0;0;1;0;0;0;0;1;0;0;0;0;0;1;0;0;0;0;0
0;-1.1541808043032262;0.03537303027231983;0;1;0;0;0;0;0;0;1;0;0;0;0;1;0;0;0;0;0
1;-1.6161881435953902;-0.8432568705169412;0;0;1;0;0;0;0;0;1;0;0;0;0;1;0;0;0;0;0
1;-1.7085896114538228;-0.8689204814654495;0;0;1;0;0;0;0;0;1;0;0;0;0;1;0;0;0;0;0
0;0.4166441492901306;-0.22591111667051217;0;0;1;1;0;0;0;0;0;0;0;0;0;1;0;0;0;0;0
0;0.6938485528654289;3.515755609062303;1;0;0;1;0;0;0;0;0;0;0;0;1;0;0;0;0;0;0
0;0.04703827785639956;-0.5819898623552958;0;0;1;0;0;0;0;0;1;0;0;0;0;1;0;0;0;0;0
0;-1.338983740020092;-0.12158050007644998;0;0;1;0;0;0;0;0;1;0;0;0;0;0;0;1;0;0;0
0;0.23184121357326506;0.2924890256306204;0;1;0;1;0;0;0;0;0;0;0;0;0;0;0;0;0;0;1
0;-0.7845749328694953;0.007210585026835308;0;1;0;0;0;0;0;0;1;0;0;0;0;0;0;1;0;0;0
1;-1.8933925471706885;-0.8087222264263549;0;0;1;0;0;0;0;0;1;0;0;0;0;1;0;0;0;0;0
0;-1.0617793364447936;-0.4871267084885984;0;0;1;0;0;0;0;0;1;0;0;0;0;1;0;0;0;0;0
0;-1.338983740020092;-0.18126116392371536;0;0;1;0;0;0;0;0;1;0;0;0;1;0;0;0;0;0;0
0;-1.1541808043032262;-0.3882976406553692;0;0;1;0;0;0;0;0;1;0;0;0;0;1;0;0;0;0;0
0;-0.9693778685863608;-0.2492849864525178;0;0;1;0;0;0;0;0;1;0;0;0;0;0;1;0;0;0;0
0;0.1394397457148323;0.4094680627402421;0;1;0;0;0;0;0;0;1;0;0;0;0;0;1;0;0;0;0
0;-0.5997719971526297;0.47272387634298946;0;1;0;0;0;0;0;0;1;0;0;1;0;0;0;0;0;0;0
0;1.433060295732891;0.3036463721829636;0;1;0;1;0;0;0;0;0;0;0;0;0;0;0;0;0;0;1
0;-1.338983740020092;-0.044925587342178976;0;1;0;0;0;0;0;0;1;0;0;0;1;0;0;0;0;0;0
0;0.5090456171485633;2.532664836941963;1;0;0;1;0;0;0;0;0;0;0;0;0;0;1;0;0;0;0
1;-0.13776465786046596;-0.20938590385058992;0;0;1;0;0;0;1;0;0;0;0;0;0;0;1;0;0;0;0
0;-1.7085896114538228;-0.40644418217552447;0;0;1;0;0;0;0;0;1;0;0;0;0;1;0;0;0;0;0
1;0.8786514885822944;0.9416477851152365;0;1;0;0;0;0;0;0;1;0;0;1;0;0;0;0;0;0;0
0;-1.0617793364447936;-0.22453315866312584;0;0;1;1;0;0;0;0;0;0;0;0;0;0;0;0;0;0;1
0;-0.507370529294197;2.532664836941963;1;0;0;0;0;0;0;0;1;0;0;0;0;0;1;0;0;0;0
0;0.04703827785639956;0.3471137490278992;0;1;0;0;0;0;0;0;1;0;0;0;1;0;0;0;0;0;0
1;-0.6921734650110625;-0.33833809349702726;0;0;1;0;0;0;0;0;1;0;0;0;0;1;0;0;0;0;0
0;0.6938485528654289;0.14936306394303428;0;1;0;1;0;0;0;0;0;0;0;0;0;0;1;0;0;0;0
0;-0.3225675935773315;0.4826986469934716;0;1;0;0;0;0;1;0;0;0;0;0;1;0;0;0;0;0;0
0;0.9710529564407272;3.2985935404057267;1;0;0;1;0;0;0;0;0;0;1;0;0;0;0;0;0;0;0
0;1.1558558921575928;2.206822329026217;0;1;0;1;0;0;0;0;0;0;1;0;0;0;0;0;0;0;0
0;-0.23016612571889872;0.19256993131393646;0;1;0;1;0;0;0;0;0;0;0;0;1;0;0;0;0;0;0
0;-1.8933925471706885;-0.8421942660833848;0;0;1;0;0;0;0;0;1;0;0;0;0;1;0;0;0;0;0
0;-0.13776465786046596;1.4732310779049442;0;1;0;1;0;0;0;0;0;0;1;0;0;0;0;0;0;0;0
0;-1.246582272161659;0.157503985006572;0;1;0;0;0;0;0;0;1;0;0;0;0;1;0;0;0;0;0
0;-1.246582272161659;-0.4745331320728352;0;0;1;0;0;0;0;0;1;0;0;0;0;1;0;0;0;0;0
1;0.4166441492901306;0.18863143939730292;0;1;0;1;0;0;0;0;0;0;0;0;0;0;1;0;0;0;0
0;-0.23016612571889872;-0.2984492941638111;0;0;1;0;0;0;1;0;0;0;0;0;0;0;0;0;0;0;1
0;-0.045363190002033205;0.7872513609194768;0;1;0;0;0;0;0;0;1;0;0;1;0;0;0;0;0;0;0
1;-0.6921734650110625;-0.4150409948186203;0;0;1;0;0;0;0;0;1;0;0;0;0;1;0;0;0;0;0
0;1.2482573600160254;0.5284729037860958;0;1;0;1;0;0;0;0;0;0;0;0;0;0;0;0;0;0;1
0;-0.045363190002033205;4.668842524014258;1;0;0;1;0;0;0;0;0;0;1;0;0;0;0;0;0;0;0
0;0.7862500207238616;1.124628268573666;0;1;0;1;0;0;0;0;0;0;0;0;1;0;0;0;0;0;0
1;-1.7085896114538228;-0.8234204451718075;0;0;1;0;0;0;0;0;1;0;0;0;0;1;0;0;0;0;0
0;-1.4313852078785245;-0.5012250698925271;0;0;1;0;0;0;0;0;1;0;0;0;0;0;0;0;0;0;1
0;-0.13776465786046596;0.12933811200485013;0;1;0;1;0;0;0;0;0;0;0;0;0;0;1;0;0;0;0
0;1.433060295732891;1.0706513911052329;0;1;0;1;0;0;0;0;0;0;0;1;0;0;0;0;0;0;0
0;-1.0617793364447936;-0.2611313120085543;0;0;1;0;0;0;0;1;0;0;0;0;1;0;0;0;0;0;0
0;0.8786514885822944;0.5284694760298585;0;1;0;1;0;0;0;0;0;0;0;0;1;0;0;0;0;0;0
0;-1.4313852078785245;-0.5180176476989571;0;0;1;0;0;0;0;0;1;0;0;0;0;0;0;0;0;0;1
0;0.1394397457148323;0.4464672635654322;0;1;0;0;0;0;0;0;1;0;0;0;1;0;0;0;0;0;0
0;-0.41496906143576423;-0.1145433165213162;0;0;1;1;0;0;0;0;0;0;0;0;1;0;0;0;0;0;0
0;-0.6921734650110625;-0.19470139613008647;0;0;1;1;0;0;0;0;0;0;0;0;0;1;0;0;0;0;0
0;-1.4313852078785245;-0.40203951541062083;0;0;1;0;0;0;0;0;1;0;0;0;0;1;0;0;0;0;0
0;-1.8009910793122557;-0.47909547562465366;0;0;1;0;0;0;0;0;1;0;0;0;0;1;0;0;0;0;0
1;-1.338983740020092;-0.40644418217552447;0;0;1;0;0;0;0;0;1;0;0;0;0;1;0;0;0;0;0
0;-0.045363190002033205;0.052333568134376514;0;1;0;1;0;0;0;0;0;0;0;0;1;0;0;0;0;0;0
1;-1.8009910793122557;-0.8441412316261594;0;0;1;0;0;0;0;0;1;0;0;0;0;1;0;0;0;0;0
0;0.1394397457148323;0.03803982462492299;0;1;0;1;0;0;0;0;0;0;0;0;0;0;0;0;0;0;1
0;0.6014470850069961;1.5759026604801631;0;1;0;1;0;0;0;0;0;0;0;0;0;1;0;0;0;0;0
1;-1.7085896114538228;-0.47909547562465366;0;0;1;0;0;0;0;0;1;0;0;0;0;1;0;0;0;0;0
1;-2.078195482887554;-0.826522564566545;0;0;1;0;0;0;0;0;1;0;0;0;0;1;0;0;0;0;0
0;-0.045363190002033205;0.3754235877915868;0;1;0;1;0;0;0;0;0;0;0;0;0;0;1;0;0;0;0
0;-0.6921734650110625;-0.1145433165213162;0;0;1;0;0;0;0;1;0;0;0;0;1;0;0;0;0;0;0
1;-0.045363190002033205;-0.24593606860869618;0;0;1;0;0;0;0;0;1;0;0;0;0;1;0;0;0;0;0
0;-2.078195482887554;-0.826522564566545;0;0;1;0;0;0;0;0;1;0;0;0;0;1;0;0;0;0;0
0;-0.7845749328694953;-0.1285662672880247;0;0;1;0;0;0;0;0;1;0;0;0;1;0;0;0;0;0;0
0;1.7102646993081891;0.3714816681187159;0;1;0;1;0;0;0;0;0;0;0;0;0;0;1;0;0;0;0
0;1.9874691028834874;0.1687778752709827;0;1;0;1;0;0;0;0;0;0;0;0;0;0;1;0;0;0;0
0;-0.23016612571889872;0.10602251407887812;0;1;0;0;0;0;0;0;1;0;0;0;0;0;1;0;0;0;0
1;-1.1541808043032262;-0.3213569890975469;0;0;1;0;0;0;0;0;1;0;0;0;0;1;0;0;0;0;0
1;0.23184121357326506;0.1699913009789795;0;1;0;0;0;0;0;0;1;0;0;0;0;1;0;0;0;0;0
0;0.3242426814316978;-0.5883483501754484;0;0;1;1;0;0;0;0;0;0;0;0;1;0;0;0;0;0;0
1;0.3242426814316978;-0.49225805957580515;0;0;1;1;0;0;0;0;0;0;0;0;0;1;0;0;0;0;0
0;-0.13776465786046596;-0.4966147377533868;0;0;1;0;0;0;0;0;1;0;0;1;0;0;0;0;0;0;0
1;3.650695524335277;0.7644087933542492;0;1;0;0;0;1;0;0;0;0;1;0;0;0;0;0;0;0;0
0;0.04703827785639956;0.9262160265350061;0;1;0;0;0;0;0;0;1;0;0;0;0;0;0;0;0;0;1
1;-0.045363190002033205;-0.4865371344157864;0;0;1;1;0;0;0;0;0;0;0;0;0;1;0;0;0;0;0
0;0.3242426814316978;-0.721478974675129;0;0;1;0;0;0;0;0;1;0;0;0;0;0;1;0;0;0;0
0;0.04703827785639956;-0.8248223974728547;0;0;1;0;0;0;0;0;1;0;0;0;0;1;0;0;0;0;0
0;-0.045363190002033205;-0.4675816424236333;0;0;1;1;0;0;0;0;0;0;0;0;1;0;0;0;0;0;0
0;-0.3225675935773315;-0.7064962521619823;0;0;1;0;0;0;0;0;1;0;0;0;0;0;0;0;0;0;1
0;1.1558558921575928;-0.2159671958261656;0;0;1;1;0;0;0;0;0;0;0;0;0;0;1;0;0;0;0
1;0.5090456171485633;1.2243039921975032;0;1;0;1;0;0;0;0;0;0;0;0;0;1;0;0;0;0;0
0;1.1558558921575928;0.19290927918142717;0;1;0;0;0;0;0;0;1;0;0;0;0;1;0;0;0;0;0
0;1.6178632314497565;-0.710852930339564;0;0;1;1;0;0;0;0;0;0;0;0;1;0;0;0;0;0;0
1;-0.23016612571889872;-0.5773555359224946;0;0;1;0;0;0;0;0;1;0;0;0;0;1;0;0;0;0;0
0;0.23184121357326506;-0.622824722410001;0;0;1;0;0;0;0;0;1;0;0;0;0;0;0;0;0;0;1
0;2.4494764421756514;-0.4159047893904146;0;0;1;1;0;0;0;0;0;0;0;0;0;0;0;0;1;0;0
1;0.1394397457148323;-0.593366585306825;0;0;1;0;0;0;0;0;1;0;0;0;0;1;0;0;0;0;0
0;0.1394397457148323;-0.8950914003370749;0;0;1;0;0;0;0;0;1;1;0;0;0;0;0;0;0;0;0
0;1.5254617635913237;-0.059778055118309026;0;1;0;1;0;0;0;0;0;0;0;0;0;1;0;0;0;0;0
0;3.373491120759979;-0.5596614582256602;0;0;1;1;0;0;0;0;0;0;0;0;0;1;0;0;0;0;0
1;-0.507370529294197;-0.5881358292887371;0;0;1;0;0;0;0;0;1;0;0;0;0;1;0;0;0;0;0
1;1.1558558921575928;0.25913010192942093;0;1;0;0;0;0;1;0;0;0;0;0;0;1;0;0;0;0;0
0;0.7862500207238616;1.0765094265147428;0;1;0;1;0;0;0;0;0;0;0;0;1;0;0;0;0;0;0
0;0.6014470850069961;1.443598125233667;0;1;0;1;0;0;0;0;0;0;0;0;0;1;0;0;0;0;0
0;0.23184121357326506;-0.4411262197843137;0;0;1;0;0;0;0;0;1;0;0;0;1;0;0;0;0;0;0
1;2.3570749743172184;-0.37845998025437844;0;0;1;0;0;0;0;0;1;0;0;1;0;0;0;0;0;0;0
0;-0.41496906143576423;-0.6874584940201345;0;0;1;0;0;0;0;0;1;0;0;0;1;0;0;0;0;0;0
0;-0.41496906143576423;-0.8020723793260337;0;0;1;0;0;0;0;0;1;0;0;0;0;0;1;0;0;0;0
0;2.172272038600353;-0.7538986931673142;0;0;1;1;0;0;0;0;0;0;0;0;0;0;0;0;1;0;0
0;1.802666167166622;-0.3013903090153965;0;0;1;0;0;0;1;0;0;0;0;0;1;0;0;0;0;0;0
1;-0.13776465786046596;0.15544047575173003;0;1;0;0;0;0;0;0;1;0;0;1;0;0;0;0;0;0;0
0;0.23184121357326506;-0.721478974675129;0;0;1;0;0;0;0;0;1;0;0;0;0;1;0;0;0;0;0
0;1.06345442429916;0.15544390350796722;0;1;0;1;0;0;0;0;0;0;0;0;0;1;0;0;0;0;0
0;0.7862500207238616;-0.809397494405099;0;0;1;0;0;0;0;0;1;0;0;0;0;0;0;1;0;0;0
0;-0.23016612571889872;-0.7922587132187038;0;0;1;0;0;0;0;0;1;0;0;0;0;1;0;0;0;0;0
0;0.8786514885822944;2.2346488541604486;0;1;0;0;0;0;0;0;1;0;1;0;0;0;0;0;0;0;0
1;0.5090456171485633;-0.7543854345530078;0;0;1;1;0;0;0;0;0;0;0;0;0;1;0;0;0;0;0
0;-0.13776465786046596;-0.7922587132187038;0;0;1;0;0;0;0;0;1;0;0;0;0;1;0;0;0;0;0
0;1.2482573600160254;-0.45987604640223007;0;0;1;1;0;0;0;0;0;0;0;0;0;0;1;0;0;0;0
0;1.06345442429916;-0.5500020411490079;0;0;1;0;0;1;0;0;0;0;0;0;0;0;0;0;1;0;0
0;-0.045363190002033205;-0.017664641987098724;0;1;0;0;0;0;0;0;1;0;0;1;0;0;0;0;0;0;0
0;0.5090456171485633;-0.33497203687201915;0;0;1;0;0;0;0;0;1;0;0;0;0;0;0;0;0;0;1
0;-0.23016612571889872;-0.4152055271180097;0;0;1;0;0;0;0;0;1;0;0;0;0;1;0;0;0;0;0
0;0.7862500207238616;-0.6796603485803246;0;0;1;1;0;0;0;0;0;0;0;0;1;0;0;0;0;0;0
0;2.4494764421756514;-0.7991142256932618;0;0;1;1;0;0;0;0;0;0;0;0;0;0;1;0;0;0;0
0;0.04703827785639956;-0.489995740459201;0;0;1;1;0;0;0;0;0;0;0;0;0;0;1;0;0;0;0
0;0.5090456171485633;-0.6941734684889641;0;0;1;0;0;0;0;1;0;0;0;0;0;1;0;0;0;0;0
0;1.433060295732891;-0.7922587132187038;0;0;1;0;0;0;0;0;1;0;0;0;0;0;0;1;0;0;0
0;0.5090456171485633;-0.7018310759230455;0;0;1;1;0;0;0;0;0;0;0;0;0;0;0;0;1;0;0
0;1.6178632314497565;0.07290696107052529;0;1;0;1;0;0;0;0;0;0;0;0;0;0;1;0;0;0;0
0;1.06345442429916;-0.27140086969544214;0;0;1;1;0;0;0;0;0;0;0;0;0;1;0;0;0;0;0
0;2.07987057074192;-0.4225477809782614;0;0;1;0;0;0;0;0;1;0;0;0;0;0;1;0;0;0;0
0;0.9710529564407272;0.04583454230849545;0;1;0;0;0;0;0;1;0;0;0;0;0;0;1;0;0;0;0
0;0.6014470850069961;-0.4423122234424123;0;0;1;0;0;0;0;0;1;0;0;0;0;1;0;0;0;0;0
0;0.23184121357326506;-0.18775333423712187;0;0;1;1;0;0;0;0;0;0;0;0;1;0;0;0;0;0;0
0;1.433060295732891;-0.17833728785331626;0;0;1;0;0;0;0;1;0;0;0;0;0;0;1;0;0;0;0
0;1.5254617635913237;-0.5069768448586813;0;0;1;1;0;0;0;0;0;0;0;0;0;0;1;0;0;0;0
0;-0.23016612571889872;0.8277640118878775;0;1;0;1;0;0;0;0;0;0;0;1;0;0;0;0;0;0;0
0;1.06345442429916;-0.4717326552269783;0;0;1;0;0;0;0;0;1;0;0;0;0;0;0;0;0;0;1
0;-0.13776465786046596;-0.3296761534854231;0;0;1;1;0;0;0;0;0;0;0;0;1;0;0;0;0;0;0
1;1.06345442429916;-0.6507095194002659;0;0;1;0;0;0;0;0;1;0;0;0;0;1;0;0;0;0;0
0;0.8786514885822944;-0.7290748824969393;0;0;1;1;0;0;0;0;0;0;0;0;0;0;0;0;0;0;1
1;1.6178632314497565;0.5255798775218322;0;1;0;1;0;0;0;0;0;0;1;0;0;0;0;0;0;0;0
0;1.5254617635913237;-0.4503743061124926;0;0;1;1;0;0;0;0;0;0;0;0;0;0;1;0;0;0;0
1;0.23184121357326506;-0.12123429669648488;0;0;1;0;0;0;0;0;1;0;0;0;0;1;0;0;0;0;0
0;0.7862500207238616;0.1514094344166898;0;1;0;1;0;0;0;0;0;0;0;0;0;0;1;0;0;0;0
1;0.6014470850069961;-0.18775333423712187;0;0;1;1;0;0;0;0;0;0;0;0;1;0;0;0;0;0;0
0;0.23184121357326506;-0.6514807645536537;0;0;1;0;0;0;0;1;0;0;0;0;0;1;0;0;0;0;0
0;1.433060295732891;-0.39473839462521654;0;0;1;1;0;0;0;0;0;0;0;0;0;0;0;0;0;0;1
0;0.23184121357326506;-0.7922587132187038;0;0;1;0;0;0;0;0;1;0;0;0;0;1;0;0;0;0;0
0;0.6938485528654289;0.1785161307410924;0;1;0;0;0;0;0;1;0;0;0;0;0;0;1;0;0;0;0
0;-1.1541808043032262;-0.9470356183568015;0;0;1;0;0;0;0;0;1;0;0;0;0;1;0;0;0;0;0
1;-0.23016612571889872;-0.42572531101021904;0;0;1;0;0;0;0;0;1;0;0;0;0;1;0;0;0;0;0
0;-1.246582272161659;-0.9452463296009419;0;0;1;0;0;0;0;0;1;0;0;0;0;1;0;0;0;0;0
0;0.6938485528654289;-0.4094846019579909;0;0;1;1;0;0;0;0;0;0;0;0;0;0;1;0;0;0;0
0;1.06345442429916;0.3699905941554994;0;1;0;1;0;0;0;0;0;0;0;0;0;0;0;0;0;0;1
0;1.3406588278744582;-0.28695602750021443;0;0;1;1;0;0;0;0;0;0;0;0;0;0;1;0;0;0;0
0;0.04703827785639956;-0.27634369418959853;0;0;1;1;0;0;0;0;0;0;0;0;0;0;0;0;0;0;1
0;0.6014470850069961;-0.020125770965465018;0;1;0;1;0;0;0;0;0;0;0;0;0;0;0;0;0;0;1
0;0.3242426814316978;0.1155722429559374;0;1;0;1;0;0;0;0;0;0;0;0;0;1;0;0;0;0;0
0;1.06345442429916;-0.6054391427745217;0;0;1;1;0;0;0;0;0;0;0;0;0;1;0;0;0;0;0
1;-0.3225675935773315;-0.8258507243440384;0;0;1;0;0;0;0;0;1;0;0;0;0;1;0;0;0;0;0
0;-0.23016612571889872;-0.22129392901889722;0;0;1;1;0;0;0;0;0;0;0;0;0;1;0;0;0;0;0
0;-0.7845749328694953;-0.621374781521632;0;0;1;0;0;0;0;0;1;0;0;0;0;1;0;0;0;0;0
0;0.04703827785639956;-0.7922587132187038;0;0;1;0;0;0;0;0;1;0;0;0;0;1;0;0;0;0;0
1;-0.13776465786046596;0.24565216440443968;0;1;0;1;0;0;0;0;0;0;0;0;0;0;1;0;0;0;0
0;-0.3225675935773315;-0.0413538653429342;0;1;0;0;0;0;0;0;1;0;0;0;0;0;1;0;0;0;0
0;0.04703827785639956;-0.6582265888286188;0;0;1;1;0;0;0;0;0;0;0;0;0;0;0;0;0;0;1
0;1.5254617635913237;-0.048620708565965697;0;1;0;1;0;0;0;0;0;0;0;0;1;0;0;0;0;0;0
1;1.5254617635913237;3.019783275821687;1;0;0;1;0;0;0;0;0;0;1;0;0;0;0;0;0;0;0
0;-0.045363190002033205;-0.536664641629755;0;0;1;1;0;0;0;0;0;0;0;0;0;1;0;0;0;0;0
0;-0.876976400727928;-0.5441371502270235;0;0;1;0;0;0;0;0;1;0;0;0;0;0;0;0;0;0;1
0;-0.41496906143576423;-0.6668302569841892;0;0;1;1;0;0;0;0;0;0;0;0;0;1;0;0;0;0;0
1;0.3242426814316978;-0.14234584736188635;0;0;1;0;0;0;0;0;1;0;0;0;1;0;0;0;0;0;0
1;0.4166441492901306;0.8586549510982365;0;1;0;1;0;0;0;0;0;0;0;1;0;0;0;0;0;0;0
0;0.23184121357326506;-0.33365577847690414;0;0;1;0;0;0;0;0;1;0;0;1;0;0;0;0;0;0;0
0;0.9710529564407272;-0.3099322775586959;0;0;1;0;0;0;0;1;0;0;0;0;0;0;1;0;0;0;0
0;-0.3225675935773315;-0.30192846674464935;0;0;1;1;0;0;0;0;0;0;0;0;1;0;0;0;0;0;0
0;-0.23016612571889872;0.06676784964955859;0;1;0;1;0;0;0;0;0;0;0;0;1;0;0;0;0;0;0
1;-1.246582272161659;-0.9225580110663919;0;0;1;0;0;0;0;0;1;0;0;0;0;1;0;0;0;0;0
0;0.5090456171485633;-0.49683068639633543;0;0;1;1;0;0;0;0;0;0;0;0;0;0;0;0;1;0;0
1;-0.507370529294197;-0.6986226960849523;0;0;1;0;0;0;0;0;1;0;0;0;0;1;0;0;0;0;0
0;0.8786514885822944;1.6110063121061375;0;1;0;1;0;0;0;0;0;0;1;0;0;0;0;0;0;0;0
0;-0.7845749328694953;1.4173449402123468;0;1;0;1;0;0;0;0;0;0;0;1;0;0;0;0;0;0;0
0;-0.3225675935773315;-0.2994673377662829;0;0;1;0;0;0;0;1;0;0;0;0;0;1;0;0;0;0;0
0;-0.507370529294197;-0.6979440003499711;0;0;1;0;0;0;0;0;1;0;0;0;0;0;0;0;0;0;1
0;-0.6921734650110625;-0.5801285907184534;0;0;1;0;0;0;0;0;1;0;0;0;1;0;0;0;0;0;0
0;0.5090456171485633;4.053162659699147;1;0;0;1;0;0;0;0;0;0;1;0;0;0;0;0;0;0;0
1;-0.7845749328694953;-0.5011736535489679;0;0;1;0;0;0;0;0;1;0;0;0;0;1;0;0;0;0;0
0;0.8786514885822944;2.696168809460173;1;0;0;0;0;0;1;0;0;0;0;0;0;0;1;0;0;0;0
0;-0.5997719971526297;-0.27946980787799713;0;0;1;1;0;0;0;0;0;0;0;0;0;0;1;0;0;0;0
0;1.2482573600160254;0.5186660931912404;0;1;0;1;0;0;0;0;0;0;0;1;0;0;0;0;0;0;0
0;0.8786514885822944;2.2193404948047606;0;1;0;1;0;0;0;0;0;0;1;0;0;0;0;0;0;0;0
0;0.8786514885822944;0.5725127159226567;0;1;0;1;0;0;0;0;0;0;0;0;1;0;0;0;0;0;0
0;0.5090456171485633;-0.07697168040450063;0;0;1;1;0;0;0;0;0;0;0;0;0;0;1;0;0;0;0
0;1.3406588278744582;0.5514080207697298;0;1;0;0;0;0;1;0;0;0;0;0;1;0;0;0;0;0;0
0;0.6938485528654289;0.5682280206260579;0;1;0;0;0;0;1;0;0;0;0;0;0;0;0;0;0;0;1
0;-0.9693778685863608;-0.14263377888581785;0;0;1;0;0;0;0;0;1;0;0;0;0;1;0;0;0;0;0
1;-0.13776465786046596;-0.5448946843554621;0;0;1;0;0;0;0;0;1;0;0;0;0;1;0;0;0;0;0
0;1.6178632314497565;-0.21070216224570495;0;0;1;1;0;0;0;0;0;0;0;0;0;0;1;0;0;0;0
0;-1.0617793364447936;-0.5721179243919322;0;0;1;1;0;0;0;0;0;0;0;0;0;1;0;0;0;0;0
0;-1.0617793364447936;-0.4488695211243271;0;0;1;0;0;0;0;0;1;0;0;0;0;1;0;0;0;0;0
0;-0.876976400727928;-0.5551196812112654;0;0;1;0;0;0;0;0;1;0;0;0;0;0;0;0;0;0;1
0;-0.045363190002033205;-0.5700681261620393;0;0;1;0;0;0;0;0;1;0;0;0;0;0;0;0;0;1;0
1;0.6938485528654289;-0.09401448441625193;0;0;1;1;0;0;0;0;0;0;0;1;0;0;0;0;0;0;0
0;0.8786514885822944;-0.46123001011595527;0;0;1;1;0;0;0;0;0;0;0;0;0;0;0;0;1;0;0
0;-0.507370529294197;1.3401278754551618;0;1;0;0;0;0;0;0;1;0;0;1;0;0;0;0;0;0;0
0;1.3406588278744582;1.7403903990384721;0;1;0;1;0;0;0;0;0;0;1;0;0;0;0;0;0;0;0
0;0.6014470850069961;1.2264497676020398;0;1;0;1;0;0;0;0;0;0;0;0;0;1;0;0;0;0;0
0;0.8786514885822944;-0.03374767425241199;0;1;0;0;0;0;0;1;0;0;0;0;0;0;1;0;0;0;0
0;1.6178632314497565;0.33018063321574087;0;1;0;0;0;0;1;0;0;0;0;0;1;0;0;0;0;0;0
0;-0.9693778685863608;-0.048620708565965697;0;1;0;0;0;0;0;0;1;0;0;1;0;0;0;0;0;0;0
0;2.4494764421756514;-0.723703588473123;0;0;1;0;0;0;0;0;1;0;0;0;0;0;0;1;0;0;0
1;-0.41496906143576423;0.4946409497241518;0;1;0;1;0;0;0;0;0;0;0;1;0;0;0;0;0;0;0
0;0.6938485528654289;0.07182379009954516;0;1;0;1;0;0;0;0;0;0;0;0;0;0;0;0;0;0;1
0;-0.7845749328694953;0.2449460466195602;0;1;0;0;0;0;0;0;1;0;0;0;1;0;0;0;0;0;0
0;-0.5997719971526297;-0.16331686002155962;0;0;1;1;0;0;0;0;0;0;0;0;0;1;0;0;0;0;0
1;0.23184121357326506;-0.4303459264180712;0;0;1;0;0;0;0;0;1;0;0;0;0;0;1;0;0;0;0
1;1.5254617635913237;-0.5302924427846534;0;0;1;1;0;0;0;0;0;0;0;0;0;1;0;0;0;0;0
0;0.7862500207238616;0.5682280206260579;0;1;0;1;0;0;0;0;0;0;0;0;0;0;0;0;0;0;1
0;0.4166441492901306;0.5986287906944859;0;1;0;1;0;0;0;0;0;0;0;0;0;0;0;0;0;0;1
0;-0.3225675935773315;0.12914615765556253;0;1;0;0;0;0;0;0;1;0;0;0;0;0;0;0;0;0;1
0;-1.246582272161659;-0.7922587132187038;0;0;1;0;0;0;0;0;1;0;0;0;0;1;0;0;0;0;0
0;-1.4313852078785245;-0.5721144966356949;0;0;1;0;0;0;0;0;1;0;0;0;0;1;0;0;0;0;0
0;0.04703827785639956;0.19290585142518982;0;1;0;1;0;0;0;0;0;0;0;0;1;0;0;0;0;0;0
0;-0.3225675935773315;0.2725943284294529;0;1;0;1;0;0;0;0;0;0;0;0;1;0;0;0;0;0;0
0;0.1394397457148323;-0.20787083559371256;0;0;1;1;0;0;0;0;0;0;0;0;1;0;0;0;0;0;0
0;0.3242426814316978;0.2781987098774041;0;1;0;1;0;0;0;0;0;0;0;0;0;0;1;0;0;0;0
1;-0.876976400727928;-0.3306256419631494;0;0;1;0;0;0;0;0;1;0;0;0;0;0;1;0;0;0;0
1;0.23184121357326506;1.7218496655510298;0;1;0;0;0;0;0;0;1;0;1;0;0;0;0;0;0;0;0
1;0.6014470850069961;-0.15674927907093286;0;0;1;1;0;0;0;0;0;0;0;0;0;0;1;0;0;0;0
0;-1.6161881435953902;-0.8846196050321874;0;0;1;0;0;0;0;0;1;0;0;0;0;1;0;0;0;0;0
0;-0.6921734650110625;0.11606241209786841;0;1;0;1;0;0;0;0;0;0;0;0;1;0;0;0;0;0;0
0;0.3242426814316978;-0.0885814907801647;0;0;1;0;0;0;1;0;0;0;0;0;0;0;1;0;0;0;0
1;-0.7845749328694953;-0.08714526091674475;0;0;1;0;0;0;0;0;1;0;0;0;1;0;0;0;0;0;0
0;-0.045363190002033205;-0.723703588473123;0;0;1;0;0;0;0;0;1;0;0;0;0;0;0;1;0;0;0
1;1.6178632314497565;0.8275035024138445;0;1;0;1;0;0;0;0;0;0;1;0;0;0;0;0;0;0;0
0;-1.0617793364447936;-0.21882937228429356;0;0;1;0;0;0;0;0;1;0;0;0;1;0;0;0;0;0;0
0;-0.41496906143576423;0.7239509864856447;0;1;0;0;0;0;0;0;1;0;0;1;0;0;0;0;0;0;0
0;-0.5997719971526297;0.2961498692920345;0;1;0;0;0;0;0;0;1;0;0;1;0;0;0;0;0;0;0
0;-0.6921734650110625;-0.5604155645978616;0;0;1;0;0;0;0;0;1;0;0;0;0;1;0;0;0;0;0
0;1.1558558921575928;4.626242369497355;1;0;0;1;0;0;0;0;0;0;1;0;0;0;0;0;0;0;0
0;-0.13776465786046596;-0.005626362081774782;0;1;0;0;0;0;0;0;1;0;0;0;1;0;0;0;0;0;0
1;0.6014470850069961;-0.010000179040542753;0;1;0;0;0;0;0;0;1;0;0;0;0;0;1;0;0;0;0
0;-0.41496906143576423;0.252178612280219;0;1;0;0;0;0;0;0;1;0;0;1;0;0;0;0;0;0;0
0;0.3242426814316978;1.3471513479853467;0;1;0;0;0;0;0;0;1;0;1;0;0;0;0;0;0;0;0
1;-0.9693778685863608;-0.19862960477800826;0;0;1;0;0;0;0;0;1;0;0;1;0;0;0;0;0;0;0
0;-0.5997719971526297;0.8907867380664901;0;1;0;1;0;0;0;0;0;0;0;0;0;0;0;0;0;1;0
0;1.8950676350250548;-0.34176927749054364;0;0;1;0;0;0;0;1;0;0;0;0;0;0;0;0;1;0;0
0;-0.23016612571889872;-0.30240149710539377;0;0;1;0;0;0;0;0;1;0;0;0;0;1;0;0;0;0;0
0;-0.23016612571889872;0.24178222761255166;0;1;0;0;0;0;0;0;1;0;0;0;0;0;1;0;0;0;0
0;-1.7085896114538228;-0.8634463547545148;0;0;1;0;0;0;0;0;1;0;0;0;0;1;0;0;0;0;0
0;-0.7845749328694953;-0.4488695211243271;0;0;1;0;0;0;1;0;0;0;0;0;0;1;0;0;0;0;0
0;-0.5997719971526297;-0.2834048720383933;0;0;1;0;0;0;0;0;1;0;0;0;1;0;0;0;0;0;0
0;2.07987057074192;-0.6688594886766585;0;0;1;1;0;0;0;0;0;0;0;0;0;0;0;1;0;0;0
0;0.3242426814316978;-0.2401945769112538;0;0;1;0;0;0;0;1;0;0;0;0;0;0;1;0;0;0;0
1;-0.9693778685863608;0.47272387634298946;0;1;0;0;0;0;0;0;1;0;0;1;0;0;0;0;0;0;0
0;-0.507370529294197;0.4259350037041306;0;1;0;0;0;0;0;0;1;0;0;1;0;0;0;0;0;0;0
1;-0.507370529294197;-0.39231154320922296;0;0;1;0;0;0;0;1;0;0;0;0;0;1;0;0;0;0;0
0;-0.507370529294197;-0.5201462843223075;0;0;1;0;0;0;0;0;1;0;0;0;0;1;0;0;0;0;0
0;-0.23016612571889872;-0.36724093408976416;0;0;1;0;0;0;0;0;1;0;0;0;0;1;0;0;0;0;0
0;-1.338983740020092;-0.5410830194196078;0;0;1;0;0;0;0;0;1;0;0;0;0;1;0;0;0;0;0
0;-0.876976400727928;0.16707085266481775;0;1;0;0;0;0;0;0;1;0;0;0;1;0;0;0;0;0;0
0;-0.41496906143576423;0.21963892231972912;0;1;0;0;0;0;0;0;1;0;0;0;0;0;1;0;0;0;0
0;0.7862500207238616;0.5894561150035271;0;1;0;1;0;0;0;0;0;0;0;0;1;0;0;0;0;0;0
0;-1.246582272161659;-0.5649059252686971;0;0;1;0;0;0;0;0;1;0;0;0;0;0;0;0;0;0;1
0;-0.5997719971526297;0.2377923193523589;0;1;0;1;0;0;0;0;0;0;0;0;0;0;0;0;0;0;1
1;0.5090456171485633;-0.20856667010988011;0;0;1;0;0;0;0;0;1;0;0;0;0;1;0;0;0;0;0
1;-0.7845749328694953;0.06633595236366135;0;1;0;0;0;0;0;0;1;0;0;1;0;0;0;0;0;0;0
0;0.04703827785639956;2.2627907328685097;0;1;0;1;0;0;0;0;0;0;0;0;0;1;0;0;0;0;0
0;0.3242426814316978;-0.1564682030594761;0;0;1;1;0;0;0;0;0;0;0;0;0;0;1;0;0;0;0
0;0.9710529564407272;-0.010833123806201658;0;1;0;1;0;0;0;0;0;0;0;0;1;0;0;0;0;0;0
1;0.1394397457148323;1.4173449402123468;0;1;0;0;0;0;0;0;1;0;0;1;0;0;0;0;0;0;0
0;-1.338983740020092;-0.5851673923872535;0;0;1;0;0;0;0;0;1;0;0;0;0;0;0;0;0;0;1
0;-0.045363190002033205;-0.6688594886766585;0;0;1;0;0;0;0;0;1;0;0;0;0;0;0;1;0;0;0
0;-1.338983740020092;-0.5573785725716323;0;0;1;0;0;0;0;0;1;0;0;0;0;0;0;0;0;0;1
0;-0.045363190002033205;-0.5371959438465334;0;0;1;1;0;0;0;0;0;0;0;0;0;0;1;0;0;0;0
1;-0.507370529294197;0.7239509864856447;0;1;0;0;0;0;0;0;1;0;0;1;0;0;0;0;0;0;0
0;1.7102646993081891;-0.14055998636226413;0;0;1;0;0;0;0;1;0;0;0;0;0;0;0;0;0;0;1
0;0.04703827785639956;0.14079710110607388;0;1;0;1;0;0;0;0;0;0;0;1;0;0;0;0;0;0;0
0;-1.0617793364447936;-0.3362882952671344;0;0;1;0;0;0;0;0;1;0;0;0;0;1;0;0;0;0;0
0;-0.507370529294197;-0.5692214703714313;0;0;1;0;0;0;0;0;1;0;0;0;0;1;0;0;0;0;0
0;-1.5237866757369574;-0.8591959370202887;0;0;1;0;0;0;0;0;1;0;0;0;0;1;0;0;0;0;0
0;-1.8009910793122557;-0.8591959370202887;0;0;1;0;0;0;0;0;1;0;0;0;0;1;0;0;0;0;0
1;-0.6921734650110625;-0.22628131434413828;0;0;1;1;0;0;0;0;0;0;0;0;0;0;1;0;0;0;0
0;-1.4313852078785245;-0.6551484637275423;0;0;1;0;0;0;0;0;1;0;0;0;0;1;0;0;0;0;0
0;-1.246582272161659;-0.5482813075178937;0;0;1;0;0;0;0;0;1;0;0;0;0;1;0;0;0;0;0
0;-0.7845749328694953;0.3511893511940241;0;1;0;1;0;0;0;0;0;0;0;1;0;0;0;0;0;0;0
0;0.04703827785639956;-0.5008994330499856;0;0;1;0;0;0;0;0;1;0;0;0;0;0;0;1;0;0;0
0;-0.23016612571889872;-0.16812600202246203;0;0;1;0;0;0;0;0;1;0;0;0;0;1;0;0;0;0;0
0;-0.045363190002033205;-0.4343872510218232;0;0;1;0;0;0;0;0;1;0;0;0;0;0;1;0;0;0;0
0;-1.8009910793122557;-0.829089953988267;0;0;1;0;0;0;0;0;1;0;0;0;0;1;0;0;0;0;0
1;-0.41496906143576423;-0.4488146770245306;0;0;1;0;0;0;0;0;1;0;0;0;0;1;0;0;0;0;0
0;0.1394397457148323;-0.13018074047578312;0;0;1;1;0;0;0;0;0;0;0;0;0;0;1;0;0;0;0
1;-1.5237866757369574;-0.8733628535489631;0;0;1;0;0;0;0;0;1;0;0;0;0;1;0;0;0;0;0
0;1.6178632314497565;-0.25424837748409784;0;0;1;1;0;0;0;0;0;0;0;0;0;0;1;0;0;0;0
0;0.4166441492901306;3.5609917081256737;1;0;0;1;0;0;0;0;0;0;1;0;0;0;0;0;0;0;0
1;-0.876976400727928;-0.044922159585941625;0;1;0;0;0;0;0;0;1;0;0;0;1;0;0;0;0;0;0
0;-0.045363190002033205;-0.17778541909911444;0;0;1;1;0;0;0;0;0;0;0;0;0;0;1;0;0;0;0
1;-1.338983740020092;0.1577953442867407;0;1;0;0;0;0;0;0;1;0;0;0;1;0;0;0;0;0;0
1;-1.6161881435953902;-0.5020374481207622;0;0;1;0;0;0;0;0;1;0;0;0;0;1;0;0;0;0;0
0;-1.6161881435953902;-0.074064943115288;0;0;1;0;0;0;0;0;1;0;0;0;1;0;0;0;0;0;0
0;-2.078195482887554;-0.8087222264263549;0;0;1;0;0;0;0;0;1;0;0;0;0;1;0;0;0;0;0
0;-1.338983740020092;-0.42870745893665185;0;0;1;0;0;0;0;0;1;0;0;0;0;0;0;0;1;0;0
1;0.1394397457148323;0.22150019395657158;0;1;0;0;0;0;0;0;1;0;0;0;0;1;0;0;0;0;0
0;-1.246582272161659;-0.18876452232711913;0;0;1;0;0;0;0;0;1;0;0;0;0;1;0;0;0;0;0
0;-1.6161881435953902;-0.2561850597581605;0;0;1;0;0;0;0;0;1;0;0;0;0;1;0;0;0;0;0
0;0.1394397457148323;0.18280768155016575;0;1;0;1;0;0;0;0;0;0;0;0;0;1;0;0;0;0;0
1;-1.7085896114538228;-0.44419406161667846;0;0;1;0;0;0;0;0;1;0;0;0;0;1;0;0;0;0;0
1;0.1394397457148323;0.023420444272927863;0;1;0;1;0;0;0;0;0;0;0;0;0;1;0;0;0;0;0
0;0.7862500207238616;0.09677442775069926;0;1;0;1;0;0;0;0;0;0;0;0;1;0;0;0;0;0;0
1;0.6014470850069961;0.4727273040992268;0;1;0;0;0;0;0;1;0;0;0;0;0;1;0;0;0;0;0
0;-1.9857940150291211;-0.8368812439156023;0;0;1;0;0;0;0;0;1;0;0;0;0;1;0;0;0;0;0
0;-0.9693778685863608;0.1577953442867407;0;1;0;0;0;0;0;0;1;0;0;1;0;0;0;0;0;0;0
0;-0.3225675935773315;0.23605444694005837;0;1;0;1;0;0;0;0;0;0;0;0;0;0;1;0;0;0;0
0;2.172272038600353;0.1493527806743224;0;1;0;1;0;0;0;0;0;0;0;0;0;0;1;0;0;0;0
0;-1.9857940150291211;-0.839715998323832;0;0;1;0;0;0;0;0;1;0;0;0;0;1;0;0;0;0;0
0;1.5254617635913237;-0.18876452232711913;0;0;1;0;0;0;0;0;1;0;0;0;0;0;0;0;1;0;0
0;-1.246582272161659;-0.2245365864193632;0;0;1;0;0;0;0;0;1;0;0;0;0;0;0;0;0;0;1
0;-0.13776465786046596;0.596777802326355;0;1;0;0;0;0;1;0;0;0;0;0;0;0;1;0;0;0;0
0;-0.5997719971526297;0.8856485314668089;0;1;0;1;0;0;0;0;0;0;0;0;0;0;1;0;0;0;0
1;1.9874691028834874;-0.39103984564519245;0;0;1;1;0;0;0;0;0;0;0;0;0;0;1;0;0;0;0
0;-1.9857940150291211;-0.8152760963520326;0;0;1;0;0;0;0;0;1;0;0;0;0;1;0;0;0;0;0
0;-0.7845749328694953;0.4266891100763319;0;1;0;1;0;0;0;0;0;0;0;1;0;0;0;0;0;0;0
0;0.5090456171485633;1.2931127709046424;0;1;0;0;0;0;0;0;1;0;0;0;1;0;0;0;0;0;0
0;-0.41496906143576423;0.4727273040992268;0;1;0;0;0;0;0;0;1;0;0;1;0;0;0;0;0;0;0
0;-1.1541808043032262;0.17625381162448828;0;1;0;0;0;0;0;0;1;0;0;0;0;0;1;0;0;0;0
1;-1.7085896114538228;-0.8351090939409291;0;0;1;0;0;0;0;0;1;0;0;0;0;1;0;0;0;0;0
0;1.06345442429916;0.36975065121888995;0;1;0;1;0;0;0;0;0;0;0;0;1;0;0;0;0;0;0
0;-1.8933925471706885;-0.8441412316261594;0;0;1;0;0;0;0;0;1;0;0;0;0;1;0;0;0;0;0
0;2.07987057074192;-0.15602945026110432;0;0;1;0;0;0;1;0;0;0;0;0;0;0;1;0;0;0;0
0;-0.9693778685863608;0.37669185759938;0;1;0;0;0;0;0;0;1;0;0;1;0;0;0;0;0;0;0
0;0.8786514885822944;0.425458545587149;0;1;0;0;0;0;0;1;0;0;0;0;0;0;1;0;0;0;0
0;1.06345442429916;-0.2561850597581605;0;0;1;1;0;0;0;0;0;0;0;0;0;0;0;0;0;0;1
0;-1.1541808043032262;-0.28671951231984216;0;0;1;0;0;0;0;0;1;0;0;0;0;0;1;0;0;0;0
0;-0.41496906143576423;0.29870011993257;0;1;0;0;0;0;0;0;1;0;0;0;0;0;1;0;0;0;0
0;-1.0617793364447936;-0.07333140328051033;0;0;1;1;0;0;0;0;0;0;0;0;0;0;0;0;0;0;1
0;-0.3225675935773315;-0.07333140328051033;0;0;1;0;0;0;0;1;0;0;0;0;1;0;0;0;0;0;0
0;0.6014470850069961;0.221222545701352;0;1;0;1;0;0;0;0;0;0;0;0;1;0;0;0;0;0;0
0;0.6938485528654289;-0.059778055118309026;0;1;0;0;0;0;0;0;1;0;0;0;1;0;0;0;0;0;0
0;-1.4313852078785245;-0.47567800265608645;0;0;1;0;0;0;0;0;1;0;0;0;0;0;0;0;0;0;1
0;-0.6921734650110625;0.013462812403632198;0;1;0;1;0;0;0;0;0;0;0;0;0;0;1;0;0;0;0
1;0.5090456171485633;0.7440410657923371;0;1;0;1;0;0;0;0;0;0;0;0;0;0;1;0;0;0;0
0;-1.246582272161659;-0.13288181239075905;0;0;1;0;0;0;0;0;1;0;0;0;1;0;0;0;0;0;0
0;-0.23016612571889872;-0.5008994330499856;0;0;1;1;0;0;0;0;0;0;0;0;0;0;0;1;0;0;0
0;-1.338983740020092;-0.19470139613008647;0;0;1;1;0;0;0;0;0;0;0;0;0;1;0;0;0;0;0
0;1.2482573600160254;0.1996208258940195;0;1;0;1;0;0;0;0;0;0;0;0;0;0;0;0;0;0;1
0;0.5090456171485633;-0.21520280618525237;0;0;1;1;0;0;0;0;0;0;0;0;0;0;0;0;1;0;0
1;-0.13776465786046596;-0.07236477602159758;0;1;0;0;0;0;0;0;1;0;0;0;0;1;0;0;0;0;0
0;0.3242426814316978;-0.0038747786445251496;0;1;0;0;0;0;0;0;1;0;0;0;0;0;0;1;0;0;0
0;0.4166441492901306;-0.5529876168316779;0;0;1;1;0;0;0;0;0;0;0;0;0;0;0;0;1;0;0
0;1.1558558921575928;-0.47798488260377525;0;0;1;0;0;0;0;0;1;0;0;0;0;1;0;0;0;0;0
1;0.04703827785639956;-0.33352895149612466;0;0;1;0;0;0;0;0;1;0;0;1;0;0;0;0;0;0;0
0;-0.23016612571889872;-0.6869443305845426;0;0;1;0;0;0;0;0;1;0;0;0;1;0;0;0;0;0;0
0;0.23184121357326506;-0.5513148717878856;0;0;1;0;0;0;0;0;1;0;0;0;0;0;0;0;1;0;0
0;-0.13776465786046596;-0.2638083896298692;0;0;1;0;0;0;0;0;1;0;0;0;0;0;0;0;0;0;1
0;1.1558558921575928;-0.13261787516048856;0;0;1;0;0;0;0;0;1;0;0;0;0;1;0;0;0;0;0
0;-0.23016612571889872;-0.786818864070142;0;0;1;0;0;0;0;0;1;0;0;0;0;0;0;0;1;0;0
0;0.5090456171485633;-0.5654749328040855;0;0;1;0;0;0;0;0;1;0;0;0;0;0;0;0;0;0;1
0;1.1558558921575928;-0.4551594538197341;0;0;1;1;0;0;0;0;0;0;0;0;1;0;0;0;0;0;0
0;0.9710529564407272;-0.8045986356729083;0;0;1;1;0;0;0;0;0;0;0;0;0;0;0;0;0;0;1
1;1.802666167166622;-0.2960909978725631;0;0;1;1;0;0;0;0;0;0;0;0;0;0;1;0;0;0;0
0;3.2810896529015463;-0.4423122234424123;0;0;1;0;1;0;0;0;0;0;0;0;0;1;0;0;0;0;0
1;1.06345442429916;-0.09828204093166443;0;0;1;0;0;0;0;0;1;0;0;1;0;0;0;0;0;0;0
0;1.1558558921575928;0.7239749807793056;0;1;0;0;0;0;0;0;1;0;0;0;0;0;1;0;0;0;0
0;1.3406588278744582;0.27415738527365213;0;1;0;1;0;0;0;0;0;0;0;0;0;0;1;0;0;0;0
0;2.8190823136093823;3.1531915485765865;1;0;0;1;0;0;0;0;0;0;1;0;0;0;0;0;0;0;0
0;1.8950676350250548;0.10603622510382722;0;1;0;1;0;0;0;0;0;0;0;0;0;0;1;0;0;0;0
0;0.6938485528654289;0.1018132294194994;0;1;0;1;0;0;0;0;0;0;1;0;0;0;0;0;0;0;0
0;0.6014470850069961;-0.8059697381678199;0;0;1;0;0;0;0;0;1;0;0;0;1;0;0;0;0;0;0
0;-0.5997719971526297;-0.7678462332968025;0;0;1;0;0;0;0;0;1;0;0;0;0;0;0;0;0;0;1
0;0.4166441492901306;1.0274410959780935;0;1;0;0;0;0;0;0;1;0;1;0;0;0;0;0;0;0;0
0;-0.13776465786046596;-0.1564682030594761;0;0;1;0;0;0;0;0;1;0;0;0;0;0;1;0;0;0;0
0;-0.13776465786046596;-0.7357007353035997;0;0;1;0;0;0;0;0;1;0;0;0;0;0;0;0;0;0;1
0;1.1558558921575928;-0.4411262197843137;0;0;1;1;0;0;0;0;0;0;0;0;1;0;0;0;0;0;0
0;0.1394397457148323;-0.3587709484274476;0;0;1;0;0;0;0;1;0;0;0;0;0;0;1;0;0;0;0
0;-0.23016612571889872;-0.4247038396515099;0;0;1;0;0;0;0;0;1;0;0;0;1;0;0;0;0;0;0
0;1.5254617635913237;-0.5523157766091712;0;0;1;0;0;0;0;0;1;0;0;0;0;0;1;0;0;0;0
0;-0.5997719971526297;-0.8950914003370749;0;0;1;0;0;0;0;0;1;1;0;0;0;0;0;0;0;0;0
0;1.433060295732891;-0.604815291139337;0;0;1;1;0;0;0;0;0;0;0;0;0;0;1;0;0;0;0
0;0.7862500207238616;-0.044130347895130186;0;1;0;1;0;0;0;0;0;0;0;0;0;0;0;0;0;0;1
0;-0.3225675935773315;-0.6520154945266692;0;0;1;0;0;0;0;0;1;0;0;0;0;1;0;0;0;0;0
1;-0.3225675935773315;-0.43196039960582966;0;0;1;0;0;0;0;0;1;0;0;1;0;0;0;0;0;0;0
0;1.3406588278744582;-0.4020360876543836;0;0;1;0;0;0;0;1;0;0;0;0;0;0;1;0;0;0;0
1;0.3242426814316978;-0.41489702905665454;0;0;1;0;0;0;0;0;1;0;0;0;0;1;0;0;0;0;0
1;-0.045363190002033205;0.4780129042171111;0;1;0;1;0;0;0;0;0;0;0;0;1;0;0;0;0;0;0
0;0.9710529564407272;-0.1721021992577058;0;0;1;1;0;0;0;0;0;0;0;0;0;0;0;0;0;0;1
1;0.7862500207238616;-0.5431670952118735;0;0;1;1;0;0;0;0;0;0;0;0;0;1;0;0;0;0;0
0;0.8786514885822944;2.518477353875865;1;0;0;1;0;0;0;0;0;0;1;0;0;0;0;0;0;0;0
1;0.4166441492901306;-0.5641998074838176;0;0;1;0;0;0;0;0;1;0;0;0;0;1;0;0;0;0;0
1;-0.876976400727928;-0.9452463296009419;0;0;1;0;0;0;0;0;1;0;0;0;0;1;0;0;0;0;0
0;0.8786514885822944;-0.33900650596329657;0;0;1;1;0;0;0;0;0;0;0;0;0;0;0;0;0;0;1
0;0.4166441492901306;0.48591388234403937;0;1;0;0;0;0;0;0;1;0;1;0;0;0;0;0;0;0;0
0;2.3570749743172184;1.416008115279808;0;1;0;0;0;0;1;0;0;0;0;0;0;0;1;0;0;0;0
0;0.9710529564407272;-0.23353444654222066;0;0;1;1;0;0;0;0;0;0;0;0;0;0;1;0;0;0;0
0;0.6938485528654289;-0.4249746323942549;0;0;1;1;0;0;0;0;0;0;0;0;0;0;0;0;0;0;1
0;-0.507370529294197;0.268405610307498;0;1;0;0;0;0;0;0;1;0;0;0;0;0;1;0;0;0;0
0;-0.507370529294197;-0.6894260261003327;0;0;1;0;0;0;0;0;1;0;0;0;0;1;0;0;0;0;0
1;1.1558558921575928;3.7870213821680907;1;0;0;0;0;0;0;0;1;0;0;0;0;1;0;0;0;0;0
0;0.4166441492901306;-0.5565936163932954;0;0;1;1;0;0;0;0;0;0;0;0;1;0;0;0;0;0;0
0;-0.045363190002033205;-0.5601036387802691;0;0;1;0;0;0;0;0;1;0;0;0;1;0;0;0;0;0;0
0;0.9710529564407272;-0.44037896892458694;0;0;1;1;0;0;0;0;0;0;0;0;0;0;0;0;0;0;1
1;-0.13776465786046596;-0.37122741459371955;0;0;1;1;0;0;0;0;0;0;0;0;0;1;0;0;0;0;0
0;-0.045363190002033205;-0.43024309373095276;0;0;1;0;0;0;0;0;1;0;0;0;1;0;0;0;0;0;0
0;1.802666167166622;-0.7384463680496602;0;0;1;0;0;0;1;0;0;0;0;0;0;0;0;0;1;0;0
0;-0.23016612571889872;-0.5240265043829073;0;0;1;0;0;0;0;0;1;0;0;0;0;1;0;0;0;0;0
0;-0.045363190002033205;-0.7875455483924452;0;0;1;0;0;0;0;0;1;0;0;0;1;0;0;0;0;0;0
0;0.1394397457148323;-0.0464886441863782;0;1;0;0;0;0;0;1;0;0;0;0;0;0;1;0;0;0;0
0;0.3242426814316978;0.49566584883909814;0;1;0;1;0;0;0;0;0;0;0;1;0;0;0;0;0;0;0
0;-0.23016612571889872;-0.24324527996243217;0;0;1;0;0;0;0;0;1;0;0;1;0;0;0;0;0;0;0
0;0.7862500207238616;-0.032222322726822725;0;1;0;1;0;0;0;0;0;0;0;0;0;0;0;0;0;0;1
1;0.1394397457148323;0.2623042042051412;0;1;0;1;0;0;0;0;0;0;0;0;0;0;1;0;0;0;0
0;0.1394397457148323;-0.6394116348421942;0;0;1;1;0;0;0;0;0;0;0;0;1;0;0;0;0;0;0
0;-0.045363190002033205;-0.3700996827916548;0;0;1;0;0;0;0;0;1;0;0;0;0;1;0;0;0;0;0
0;1.6178632314497565;-0.07960762495096822;0;0;1;0;0;0;0;1;0;0;0;0;0;0;1;0;0;0;0
0;-0.7845749328694953;-0.6071598764056357;0;0;1;0;0;0;0;0;1;0;0;0;0;0;0;1;0;0;0
1;-0.507370529294197;-0.5115700382166353;0;0;1;1;0;0;0;0;0;0;0;0;0;1;0;0;0;0;0
0;0.4166441492901306;-0.7511256383713554;0;0;1;0;0;0;0;0;1;0;0;0;0;0;0;1;0;0;0
0;1.8950676350250548;-0.22237367223364013;0;0;1;1;0;0;0;0;0;0;0;0;0;0;1;0;0;0;0
1;-0.41496906143576423;-0.6573833607942482;0;0;1;0;0;0;0;0;1;0;0;0;0;1;0;0;0;0;0
1;0.3242426814316978;-0.39403227684033704;0;0;1;1;0;0;0;0;0;0;0;0;0;1;0;0;0;0;0
0;-0.41496906143576423;-0.5051807005903471;0;0;1;0;0;0;0;0;1;0;0;0;0;1;0;0;0;0;0
0;-0.5997719971526297;-0.22245936613957212;0;0;1;0;0;0;0;0;1;0;0;0;0;0;1;0;0;0;0
0;-0.3225675935773315;-0.22129392901889722;0;0;1;0;0;0;0;0;1;0;0;1;0;0;0;0;0;0;0
1;0.3242426814316978;-0.29555284014331024;0;0;1;1;0;0;0;0;0;0;0;0;0;1;0;0;0;0;0
0;1.9874691028834874;0.58956580320312;0;1;0;1;0;0;0;0;0;0;1;0;0;0;0;0;0;0;0
0;0.4166441492901306;-0.5904598480176123;0;0;1;1;0;0;0;0;0;0;0;0;0;0;0;0;0;0;1
0;1.06345442429916;1.3377798624326258;0;1;0;0;0;0;0;0;1;0;0;1;0;0;0;0;0;0;0
0;0.6014470850069961;2.7894791897513826;1;0;0;1;0;0;0;0;0;0;1;0;0;0;0;0;0;0;0
1;0.3242426814316978;-0.48621149757324494;0;0;1;1;0;0;0;0;0;0;0;0;0;1;0;0;0;0;0
0;0.23184121357326506;-0.34071010081322434;0;0;1;1;0;0;0;0;0;0;0;0;1;0;0;0;0;0;0
1;-0.3225675935773315;-0.22128707350642265;0;0;1;1;0;0;0;0;0;0;0;1;0;0;0;0;0;0;0
0;-0.507370529294197;-0.7922587132187038;0;0;1;0;0;0;0;0;1;0;0;0;0;1;0;0;0;0;0
0;0.04703827785639956;-0.42387089488585106;0;0;1;1;0;0;0;0;0;0;0;0;0;0;0;0;0;0;1
1;-0.5997719971526297;-0.6573833607942482;0;0;1;0;0;0;0;0;1;0;0;0;0;1;0;0;0;0;0
0;0.4166441492901306;-0.6240861367053196;0;0;1;1;0;0;0;0;0;0;0;0;0;0;0;0;0;0;1
0;-0.7845749328694953;-0.7922587132187038;0;0;1;0;0;0;0;0;1;0;0;0;0;1;0;0;0;0;0
0;0.9710529564407272;0.027112137740477382;0;1;0;1;0;0;0;0;0;0;0;0;0;0;0;0;0;0;1
0;1.433060295732891;1.2439895962681968;0;1;0;1;0;0;0;0;0;0;0;1;0;0;0;0;0;0;0
1;1.2482573600160254;-0.4368141024378167;0;0;1;0;0;0;1;0;0;0;0;0;0;0;1;0;0;0;0
1;-0.13776465786046596;-0.7151581921735863;0;0;1;1;0;0;0;0;0;0;0;0;0;1;0;0;0;0;0
0;-0.9693778685863608;0.1246180916661169;0;1;0;0;0;0;0;0;1;0;0;1;0;0;0;0;0;0;0
0;-0.876976400727928;-0.5893903880715813;0;0;1;0;0;0;0;0;1;0;0;0;0;1;0;0;0;0;0
0;0.4166441492901306;-0.7511256383713554;0;0;1;1;0;0;0;0;0;0;0;0;0;0;0;1;0;0;0
1;-0.507370529294197;-0.65390418821341;0;0;1;0;0;0;1;0;0;0;0;0;0;1;0;0;0;0;0
0;-0.13776465786046596;-0.08117068179516745;0;0;1;0;0;0;0;0;1;0;0;1;0;0;0;0;0;0;0
1;-0.13776465786046596;-0.48596812688039814;0;0;1;1;0;0;0;0;0;0;0;0;0;0;1;0;0;0;0
0;-0.41496906143576423;-0.597654708359661;0;0;1;0;0;0;0;0;1;0;0;0;1;0;0;0;0;0;0
0;-0.045363190002033205;-0.5299222451110273;0;0;1;0;0;0;0;0;1;0;0;0;0;0;1;0;0;0;0
0;-0.41496906143576423;-0.4494865172470373;0;0;1;0;0;0;0;0;1;0;0;0;0;0;0;0;0;0;1
1;-1.4313852078785245;-0.9219992867997153;0;0;1;0;0;0;0;0;1;0;0;0;0;1;0;0;0;0;0
0;-0.41496906143576423;0.12752140119909217;0;1;0;0;0;0;0;0;1;0;0;0;0;0;1;0;0;0;0
0;-0.876976400727928;-0.5721179243919322;0;0;1;0;0;0;0;0;1;0;0;0;0;1;0;0;0;0;0
1;0.6938485528654289;-0.4920661052265175;0;0;1;0;0;0;0;0;1;0;0;0;0;0;1;0;0;0;0
1;-0.23016612571889872;-0.46267309549184976;0;0;1;1;0;0;0;0;0;0;0;0;0;0;1;0;0;0;0
0;0.04703827785639956;-0.5497381039187373;0;0;1;1;0;0;0;0;0;0;0;0;0;0;1;0;0;0;0
0;0.3242426814316978;-0.6364294869157615;0;0;1;0;0;0;0;0;1;0;0;0;0;0;0;0;0;0;1
0;-0.507370529294197;-0.5555892838157727;0;0;1;0;0;0;0;0;1;0;0;0;1;0;0;0;0;0;0
1;-0.045363190002033205;-0.5679257785137399;0;0;1;1;0;0;0;0;0;0;0;0;0;1;0;0;0;0;0
1;-0.9693778685863608;-0.7922587132187038;0;0;1;0;0;0;0;0;1;0;0;0;0;1;0;0;0;0;0
0;0.7862500207238616;0.20023439426049244;0;1;0;1;0;0;0;0;0;0;0;0;1;0;0;0;0;0;0
1;-1.4313852078785245;-0.8749636157117723;0;0;1;0;0;0;0;0;1;0;0;0;0;1;0;0;0;0;0
1;-1.5237866757369574;-0.9056283230104706;0;0;1;0;0;0;0;0;1;0;0;0;0;1;0;0;0;0;0
1;-1.0617793364447936;-0.7922587132187038;0;0;1;0;0;0;0;0;1;0;0;0;0;1;0;0;0;0;0
0;0.8786514885822944;0.7865212488409362;0;1;0;1;0;0;0;0;0;0;0;0;1;0;0;0;0;0;0
0;0.6014470850069961;-0.6122672331991815;0;0;1;1;0;0;0;0;0;0;0;0;0;1;0;0;0;0;0
0;-0.6921734650110625;-0.5700681261620393;0;0;1;0;0;0;0;0;1;0;0;0;0;0;0;0;0;1;0
1;-0.7845749328694953;-0.21638880984335093;0;0;1;0;0;0;0;0;1;0;0;0;1;0;0;0;0;0;0
0;0.8786514885822944;-0.37148792406775283;0;0;1;1;0;0;0;0;0;0;0;0;0;0;0;0;0;0;1
1;0.04703827785639956;-0.41527750999899254;0;0;1;1;0;0;0;0;0;0;0;0;0;0;1;0;0;0;0
0;0.6014470850069961;0.816490121623467;0;1;0;0;0;0;0;0;1;0;0;0;0;1;0;0;0;0;0
0;-1.246582272161659;-0.8817985616489069;0;0;1;0;0;0;0;0;1;0;0;0;0;1;0;0;0;0;0
0;0.7862500207238616;-0.10502443745039232;0;0;1;1;0;0;0;0;0;0;0;0;0;0;1;0;0;0;0
1;-0.41496906143576423;-0.09401448441625193;0;0;1;0;0;0;0;0;1;0;0;1;0;0;0;0;0;0;0
0;-0.9693778685863608;0.339668662480529;0;1;0;0;0;0;0;0;1;0;0;0;0;0;0;0;0;0;1
0;0.5090456171485633;-0.2709998222156806;0;0;1;1;0;0;0;0;0;0;0;0;0;0;1;0;0;0;0
0;1.1558558921575928;-0.09956744952064407;0;0;1;0;0;0;0;0;1;0;0;0;0;0;0;0;0;0;1
0;2.07987057074192;-0.17778541909911444;0;0;1;0;0;0;1;0;0;0;0;0;0;0;1;0;0;0;0
1;-0.41496906143576423;-0.4470425270498574;0;0;1;0;0;0;0;0;1;0;0;0;0;1;0;0;0;0;0
1;0.6014470850069961;0.05532942708575832;0;1;0;1;0;0;0;0;0;0;0;0;0;1;0;0;0;0;0
0;1.5254617635913237;-0.27747485374790065;0;0;1;0;0;0;0;0;1;0;0;0;0;0;0;0;1;0;0
0;-1.5237866757369574;-0.9108796455659821;0;0;1;0;0;0;0;0;1;0;0;0;0;1;0;0;0;0;0
0;2.07987057074192;-0.2438177152540578;0;0;1;0;1;0;0;0;0;0;0;0;0;0;0;1;0;0;0
0;-0.41496906143576423;1.1731378748436392;0;1;0;1;0;0;0;0;0;0;0;0;0;0;0;0;0;0;1
0;0.1394397457148323;0.27128835330304957;0;1;0;1;0;0;0;0;0;0;0;0;1;0;0;0;0;0;0
0;-0.6921734650110625;0.28855396147022405;0;1;0;0;0;0;0;0;1;0;0;0;0;1;0;0;0;0;0
0;-0.13776465786046596;-0.24618629481401755;0;0;1;0;0;0;1;0;0;0;0;0;0;0;0;0;0;0;1
0;0.5090456171485633;-0.6551484637275423;0;0;1;1;0;0;0;0;0;0;0;0;0;0;0;1;0;0;0
0;-0.41496906143576423;0.5781445194205064;0;1;0;1;0;0;0;0;0;0;0;0;0;1;0;0;0;0;0
0;0.04703827785639956;0.14867065718310393;0;1;0;0;0;0;0;0;1;0;0;1;0;0;0;0;0;0;0
0;-1.1541808043032262;0.45270920767351736;0;1;0;0;0;0;0;0;1;0;0;0;1;0;0;0;0;0;0
0;0.6014470850069961;-0.6688594886766585;0;0;1;0;0;0;0;0;1;0;0;0;0;0;0;1;0;0;0
0;-0.507370529294197;-0.034340676081461276;0;1;0;0;0;0;0;0;1;0;0;0;0;0;1;0;0;0;0
0;-0.13776465786046596;-0.24662161985615197;0;0;1;1;0;0;0;0;0;0;0;0;1;0;0;0;0;0;0
0;-1.6161881435953902;-0.8749636157117723;0;0;1;0;0;0;0;0;1;0;0;0;0;1;0;0;0;0;0
1;-0.5997719971526297;-0.07087027430214388;0;1;0;0;0;0;1;0;0;0;0;1;0;0;0;0;0;0;0
0;0.23184121357326506;0.06723745225406577;0;1;0;0;0;0;0;0;1;0;0;0;0;0;0;0;0;0;1
0;0.3242426814316978;-0.20831644390455872;0;0;1;0;0;0;0;0;1;0;0;0;1;0;0;0;0;0;0
0;-1.338983740020092;-0.1326144474042512;0;0;1;0;0;0;0;0;1;0;0;0;0;1;0;0;0;0;0
0;0.4166441492901306;0.5625687950783105;0;1;0;1;0;0;0;0;0;0;0;0;0;0;0;0;0;0;1
1;-0.876976400727928;-0.5679257785137399;0;0;1;0;0;0;0;0;1;0;0;0;0;1;0;0;0;0;0
0;1.6178632314497565;0.2347758938635533;0;1;0;1;0;0;0;0;0;0;0;0;0;0;0;0;0;0;1
0;0.3242426814316978;0.45270920767351736;0;1;0;1;0;0;0;0;0;0;0;0;1;0;0;0;0;0;0
0;0.5090456171485633;-0.11624005585876926;0;0;1;1;0;0;0;0;0;0;0;0;0;0;0;0;0;0;1
0;-0.5997719971526297;-0.27662477020105547;0;0;1;0;0;0;0;0;1;0;0;0;1;0;0;0;0;0;0
0;0.04703827785639956;0.1318712238641993;0;1;0;1;0;0;0;0;0;0;0;0;0;0;0;0;1;0;0
0;0.5090456171485633;0.3633784523737882;0;1;0;0;0;0;1;0;0;0;1;0;0;0;0;0;0;0;0
0;0.3242426814316978;-0.3650677366353292;0;0;1;0;0;0;0;0;1;0;0;0;0;0;0;0;0;0;1
0;-0.3225675935773315;-0.27484576471390765;0;0;1;1;0;0;0;0;0;0;0;0;0;0;0;0;0;0;1
1;0.6938485528654289;0.17625381162448828;0;1;0;0;0;0;0;0;1;0;0;0;0;0;1;0;0;0;0
0;-0.7845749328694953;0.09599975484107413;0;1;0;1;0;0;0;0;0;0;0;0;1;0;0;0;0;0;0
0;-0.876976400727928;-0.3231359945846947;0;0;1;0;0;0;0;0;1;0;0;0;0;0;1;0;0;0;0
1;-1.246582272161659;0.03944863243844456;0;1;0;1;0;0;0;0;0;0;0;0;0;1;0;0;0;0;0
1;-0.045363190002033205;1.357684842902505;0;1;0;0;0;0;0;0;1;0;0;1;0;0;0;0;0;0;0
0;0.1394397457148323;0.22987763020048155;0;1;0;0;0;0;1;0;0;0;0;0;1;0;0;0;0;0;0
0;0.9710529564407272;-0.5008994330499856;0;0;1;0;0;0;0;0;1;0;0;0;0;0;0;1;0;0;0
0;0.23184121357326506;0.2818184204639707;0;1;0;0;0;0;0;1;0;0;0;0;1;0;0;0;0;0;0
1;0.9710529564407272;0.8275069301700816;0;1;0;0;0;0;1;0;0;0;0;0;0;1;0;0;0;0;0
0;0.5090456171485633;-0.030978047212690554;0;1;0;1;0;0;0;0;0;0;0;0;0;0;1;0;0;0;0
1;-0.41496906143576423;-0.07186775136719219;0;1;0;0;0;0;0;0;1;0;0;1;0;0;0;0;0;0;0
0;0.6938485528654289;-0.2831992066641566;0;0;1;0;0;0;1;0;0;0;0;0;0;0;1;0;0;0;0
0;1.3406588278744582;-0.10502443745039232;0;0;1;1;0;0;0;0;0;0;0;0;0;0;1;0;0;0;0
0;-0.23016612571889872;0.2684090380637352;0;1;0;0;0;0;0;0;1;0;0;0;0;0;0;0;0;0;1
0;-0.5997719971526297;0.11898628816826734;0;1;0;0;0;0;0;0;1;0;0;0;0;0;0;0;0;0;1
0;-0.876976400727928;2.1058269192510277;0;1;0;1;0;0;0;0;0;0;0;0;0;1;0;0;0;0;0
0;-1.8009910793122557;-0.8656332632338989;0;0;1;0;0;0;0;0;1;0;0;0;0;1;0;0;0;0;0
0;-0.3225675935773315;-0.5819898623552958;0;0;1;1;0;0;0;0;0;0;0;0;0;1;0;0;0;0;0
0;-0.41496906143576423;-0.3213604168537841;0;0;1;0;0;0;0;0;1;0;0;0;0;0;0;0;0;0;1
0;-1.0617793364447936;-0.17393604884465008;0;0;1;0;0;0;0;0;1;0;0;0;0;0;0;0;0;0;1
0;-0.5997719971526297;-0.061817570079489986;0;1;0;1;0;0;0;0;0;0;0;0;0;0;1;0;0;0;0
0;0.8786514885822944;0.019156315513752725;0;1;0;1;0;0;0;0;0;0;0;0;0;0;1;0;0;0;0
0;-0.13776465786046596;0.052326712621901965;0;1;0;0;0;0;0;0;1;0;0;0;1;0;0;0;0;0;0
0;0.4166441492901306;-0.14098502813568664;0;0;1;1;0;0;0;0;0;0;0;0;0;0;0;1;0;0;0
1;-0.6921734650110625;0.5983408591705545;0;1;0;1;0;0;0;0;0;0;0;1;0;0;0;0;0;0;0
1;-1.7085896114538228;-0.8634463547545148;0;0;1;0;0;0;0;0;1;0;0;0;0;1;0;0;0;0;0
0;-0.13776465786046596;0.20020354445435687;0;1;0;0;0;0;1;0;0;0;0;0;0;1;0;0;0;0;0
0;-0.3225675935773315;-0.4777106621047929;0;0;1;0;0;0;0;0;1;0;0;0;0;1;0;0;0;0;0
0;-0.876976400727928;0.12775791637946446;0;1;0;0;0;0;0;0;1;0;0;0;0;0;0;0;0;0;1
0;-1.4313852078785245;-0.4892416340869996;0;0;1;0;0;0;0;0;1;0;0;0;1;0;0;0;0;0;0
1;0.04703827785639956;0.3471137490278992;0;1;0;1;0;0;0;0;0;0;0;0;0;1;0;0;0;0;0
0;-0.045363190002033205;0.2385909865556449;0;1;0;1;0;0;0;0;0;0;0;0;0;0;0;0;0;0;1
0;-0.3225675935773315;1.0706513911052329;0;1;0;0;0;0;0;0;1;0;1;0;0;0;0;0;0;0;0
0;0.5090456171485633;-0.1544629656606679;0;0;1;0;0;0;0;0;1;0;0;0;0;1;0;0;0;0;0
0;1.2482573600160254;-0.5728823140328454;0;0;1;1;0;0;0;0;0;0;0;0;0;0;0;1;0;0;0
1;-0.5997719971526297;-0.044922159585941625;0;1;0;0;0;0;0;0;1;0;0;0;1;0;0;0;0;0;0
0;-0.5997719971526297;-0.2867229400760795;0;0;1;0;0;0;0;0;1;0;0;0;0;0;1;0;0;0;0
0;-1.0617793364447936;1.4732310779049442;0;1;0;0;0;0;0;0;1;0;0;0;0;1;0;0;0;0;0
0;-1.1541808043032262;-0.36517742483492216;0;0;1;0;0;0;0;0;1;0;0;0;0;1;0;0;0;0;0
0;-0.13776465786046596;3.575809898339431;1;0;0;1;0;0;0;0;0;0;0;1;0;0;0;0;0;0;0
1;1.802666167166622;-0.20938590385058992;0;0;1;1;0;0;0;0;0;0;0;0;0;0;1;0;0;0;0
0;0.9710529564407272;-0.06131026215637268;0;1;0;0;0;0;0;0;1;0;0;0;0;0;0;1;0;0;0
0;-1.8933925471706885;-0.5451174885108852;0;0;1;0;0;0;0;0;1;0;0;0;0;1;0;0;0;0;0
1;-1.6161881435953902;-0.5482813075178937;0;0;1;0;0;0;0;0;1;0;0;0;0;1;0;0;0;0;0
0;-2.078195482887554;-0.8234204451718075;0;0;1;0;0;0;0;0;1;0;0;0;0;1;0;0;0;0;0
0;-0.13776465786046596;0.23605444694005837;0;1;0;1;0;0;0;0;0;0;0;0;0;0;1;0;0;0;0
0;-0.9693778685863608;-0.01293433837965359;0;1;0;0;0;0;0;0;1;0;0;0;1;0;0;0;0;0;0
0;0.04703827785639956;-0.17833728785331626;0;0;1;0;0;0;0;1;0;0;0;0;0;0;1;0;0;0;0
0;-1.1541808043032262;-0.47909547562465366;0;0;1;1;0;0;0;0;0;0;0;0;0;1;0;0;0;0;0
0;-0.13776465786046596;-0.24101038289572624;0;0;1;0;0;0;1;0;0;0;0;0;1;0;0;0;0;0;0
0;-0.5997719971526297;-0.02829754183513829;0;1;0;0;0;0;0;0;1;0;0;0;0;1;0;0;0;0;0
0;-1.338983740020092;-0.08227441930357123;0;0;1;0;0;0;0;0;1;0;0;0;0;1;0;0;0;0;0
0;-1.338983740020092;-0.3236090249454393;0;0;1;0;0;0;0;0;1;0;0;0;0;1;0;0;0;0;0
0;0.4166441492901306;-0.4861772200108721;0;0;1;1;0;0;0;0;0;0;0;0;0;0;0;0;1;0;0
0;1.3406588278744582;1.7177637801161931;0;1;0;0;0;0;0;1;0;0;0;0;0;0;0;0;0;0;1
0;1.3406588278744582;1.6742038538528514;0;1;0;1;0;0;0;0;0;0;0;0;0;0;0;0;0;0;1
0;-1.6161881435953902;-0.8421942660833848;0;0;1;0;0;0;0;0;1;0;0;0;0;1;0;0;0;0;0
0;-0.6921734650110625;-0.03417271602583452;0;1;0;1;0;0;0;0;0;0;0;0;0;0;1;0;0;0;0
0;-1.8009910793122557;-0.8592610643887972;0;0;1;0;0;0;0;0;1;0;0;0;0;1;0;0;0;0;0
0;-0.6921734650110625;-0.46192584463212294;0;0;1;1;0;0;0;0;0;0;0;0;0;0;0;0;1;0;0
0;-0.41496906143576423;-0.4633826410329665;0;0;1;0;0;0;0;1;0;0;0;0;0;0;0;0;0;0;1
0;0.23184121357326506;0.449500827835424;0;1;0;1;0;0;0;0;0;0;0;0;0;0;1;0;0;0;0
0;-1.5237866757369574;-0.43023966597471547;0;0;1;0;0;0;0;0;1;0;0;0;0;0;0;0;0;0;1
0;1.3406588278744582;1.443598125233667;0;1;0;0;0;0;0;1;0;0;0;0;0;0;0;0;0;0;1
0;-0.41496906143576423;-0.14493723107726944;0;0;1;1;0;0;0;0;0;0;0;0;0;0;0;0;0;0;1
0;1.3406588278744582;-0.2561850597581605;0;0;1;1;0;0;0;0;0;0;0;0;0;0;1;0;0;0;0
0;-0.045363190002033205;0.8214466571425725;0;1;0;1;0;0;0;0;0;0;0;1;0;0;0;0;0;0;0
0;1.2482573600160254;1.9622930545712056;0;1;0;1;0;0;0;0;0;0;0;1;0;0;0;0;0;0;0
0;0.1394397457148323;0.5527002848711838;0;1;0;1;0;0;0;0;0;0;0;0;0;0;1;0;0;0;0
0;0.04703827785639956;0.2508417873476801;0;1;0;0;0;0;0;0;1;0;0;1;0;0;0;0;0;0;0
0;0.04703827785639956;0.3070467063703444;0;1;0;0;0;0;0;1;0;0;0;0;0;0;1;0;0;0;0
1;0.5090456171485633;-0.2096669798620467;0;0;1;0;0;0;0;0;1;0;0;0;0;1;0;0;0;0;0
0;-0.6921734650110625;-0.11639430488944691;0;0;1;0;0;0;0;1;0;0;0;0;0;0;0;0;0;0;1
0;-0.3225675935773315;-0.24926099215885694;0;0;1;0;0;0;0;0;1;0;0;0;0;0;1;0;0;0;0
0;-0.41496906143576423;-0.12574179614850683;0;0;1;1;0;0;0;0;0;0;0;0;1;0;0;0;0;0;0
0;-0.5997719971526297;0.29604360884867875;0;1;0;0;0;0;0;0;1;0;0;0;0;0;0;0;0;0;1
0;-0.507370529294197;-0.22864989390409804;0;0;1;0;0;0;0;1;0;0;0;0;0;0;0;0;0;0;1
0;-1.7085896114538228;-0.3867071617612718;0;0;1;0;0;0;0;0;1;0;0;0;0;0;0;0;0;0;1
0;-1.1541808043032262;-0.47581854066181484;0;0;1;0;0;0;0;0;1;0;0;0;0;0;0;0;0;0;1
0;-0.23016612571889872;2.9355530218030297;1;0;0;0;0;0;0;0;1;0;1;0;0;0;0;0;0;0;0
0;-0.876976400727928;0.909971889726541;0;1;0;0;0;0;0;0;1;0;0;1;0;0;0;0;0;0;0
0;-1.338983740020092;-0.36272315136903027;0;0;1;1;0;0;0;0;0;0;0;0;0;1;0;0;0;0;0
0;-1.8009910793122557;-0.8253879772520057;0;0;1;0;0;0;0;0;1;0;0;0;0;1;0;0;0;0;0
0;-0.507370529294197;1.5831112318471612;0;1;0;0;0;0;0;0;1;0;0;0;0;1;0;0;0;0;0
1;-1.5237866757369574;-0.3236090249454393;0;0;1;0;0;0;0;0;1;0;0;0;0;1;0;0;0;0;0
0;-1.4313852078785245;-0.492734517692787;0;0;1;0;0;0;0;0;1;0;0;0;0;1;0;0;0;0;0
0;-1.5237866757369574;-0.22303180143119775;0;0;1;0;0;0;0;0;1;0;0;0;1;0;0;0;0;0;0
0;-1.0617793364447936;-0.07405808760281345;0;0;1;0;0;0;0;0;1;0;0;0;1;0;0;0;0;0;0
1;-0.6921734650110625;-0.1320522953813375;0;0;1;1;0;0;0;0;0;0;0;0;0;0;1;0;0;0;0
0;-2.1705969507459866;-0.8087222264263549;0;0;1;0;0;0;0;0;1;0;0;0;0;1;0;0;0;0;0
1;-1.8009910793122557;-0.535176995422776;0;0;1;0;0;0;0;0;1;0;0;0;0;1;0;0;0;0;0
0;-0.23016612571889872;0.449500827835424;0;1;0;0;0;0;0;0;1;0;0;0;0;0;1;0;0;0;0
1;-1.1541808043032262;0.8972994749173203;0;1;0;0;0;0;0;0;1;0;0;1;0;0;0;0;0;0;0
0;-0.41496906143576423;0.44949740007918665;0;1;0;1;0;0;0;0;0;0;0;0;0;0;1;0;0;0;0
0;0.4166441492901306;0.22150019395657158;0;1;0;1;0;0;0;0;0;0;0;0;1;0;0;0;0;0;0
0;-1.1541808043032262;0.1577953442867407;0;1;0;0;0;0;0;0;1;0;0;0;0;1;0;0;0;0;0
0;-0.13776465786046596;0.19257678682641102;0;1;0;1;0;0;0;0;0;0;0;0;1;0;0;0;0;0;0
0;0.04703827785639956;0.2136403489044908;0;1;0;0;0;0;0;0;1;0;0;1;0;0;0;0;0;0;0
0;-1.246582272161659;-0.5163483304114022;0;0;1;0;0;0;0;0;1;0;0;0;0;0;0;0;0;0;1
1;1.1558558921575928;0.24178222761255166;0;1;0;0;0;0;0;0;1;0;0;0;0;0;1;0;0;0;0
1;-1.4313852078785245;-0.49369771719546235;0;0;1;0;0;0;0;0;1;0;0;0;0;1;0;0;0;0;0
0;-0.3225675935773315;0.7995741445924948;0;1;0;1;0;0;0;0;0;0;0;0;0;0;0;0;0;0;1
1;0.5090456171485633;1.474838695580228;0;1;0;1;0;0;0;0;0;0;0;0;0;1;0;0;0;0;0
0;0.6014470850069961;0.8966893343070848;0;1;0;1;0;0;0;0;0;0;1;0;0;0;0;0;0;0;0
1;0.23184121357326506;0.4316490733516748;0;1;0;1;0;0;0;0;0;0;0;0;0;0;1;0;0;0;0
0;0.7862500207238616;-0.6423972105248642;0;0;1;1;0;0;0;0;0;0;0;0;0;0;1;0;0;0;0
0;0.6938485528654289;-0.2506697999723785;0;0;1;1;0;0;0;0;0;0;0;0;0;0;0;0;1;0;0
0;0.04703827785639956;-0.8146625279855596;0;0;1;0;0;0;0;0;1;0;0;1;0;0;0;0;0;0;0
0;1.7102646993081891;0.2987104032012819;0;1;0;1;0;0;0;0;0;0;0;0;0;0;1;0;0;0;0
0;1.433060295732891;0.5662090722023009;0;1;0;1;0;0;0;0;0;0;1;0;0;0;0;0;0;0;0
0;0.8786514885822944;-0.2610250515651985;0;0;1;1;0;0;0;0;0;0;0;0;0;1;0;0;0;0;0
0;0.3242426814316978;0.45151977625918144;0;1;0;0;0;0;1;0;0;0;0;0;0;0;1;0;0;0;0
1;-0.13776465786046596;-0.7922587132187038;0;0;1;1;0;0;0;0;0;1;0;0;0;0;0;0;0;0;0
1;-0.13776465786046596;-0.6541201368563586;0;0;1;0;0;0;0;0;1;0;0;0;0;1;0;0;0;0;0
0;0.4166441492901306;-0.8265362755914942;0;0;1;1;0;0;0;0;0;0;0;0;1;0;0;0;0;0;0
0;0.9710529564407272;0.7519591827004517;0;1;0;1;0;0;0;0;0;0;0;0;1;0;0;0;0;0;0
0;0.3242426814316978;0.2684673099197689;0;1;0;0;0;0;0;0;1;0;0;0;0;0;0;0;0;0;1
0;0.1394397457148323;0.14936306394303428;0;1;0;1;0;0;0;0;0;0;0;0;0;0;1;0;0;0;0
1;0.9710529564407272;-0.5846223791455261;0;0;1;1;0;0;0;0;0;0;0;0;0;1;0;0;0;0;0
0;1.433060295732891;-0.62276302279773;0;0;1;1;0;0;0;0;0;0;0;0;0;0;0;0;1;0;0
0;0.04703827785639956;-0.29419544867334774;0;0;1;0;0;0;0;0;1;0;0;1;0;0;0;0;0;0;0
0;-0.41496906143576423;-0.5820652729925159;0;0;1;0;0;0;0;0;1;0;0;0;0;0;1;0;0;0;0
0;0.5090456171485633;-0.6670701999207987;0;0;1;1;0;0;0;0;0;0;0;0;0;0;0;0;0;0;1
1;0.9710529564407272;6.013328491743401;1;0;0;1;0;0;0;0;0;0;1;0;0;0;0;0;0;0;0
0;0.4166441492901306;-0.29324253243938425;0;0;1;1;0;0;0;0;0;0;0;0;0;0;0;0;0;0;1
0;0.23184121357326506;-0.7922587132187038;0;0;1;0;0;0;0;0;1;1;0;0;0;0;0;0;0;0;0
1;0.1394397457148323;0.15861457802745033;0;1;0;1;0;0;0;0;0;0;0;0;0;1;0;0;0;0;0
0;1.3406588278744582;-0.7257225368968805;0;0;1;1;0;0;0;0;0;0;0;0;0;0;0;0;1;0;0
0;-0.41496906143576423;-0.5974044821543396;0;0;1;0;0;0;0;0;1;0;0;0;0;0;0;0;0;0;1
0;0.9710529564407272;-0.622824722410001;0;0;1;1;0;0;0;0;0;0;0;0;0;0;0;0;0;0;1
0;-0.23016612571889872;-0.05189764352880444;0;1;0;0;0;0;0;0;1;0;0;1;0;0;0;0;0;0;0
0;-0.3225675935773315;-0.7922587132187038;0;0;1;0;0;0;0;0;1;0;0;0;0;1;0;0;0;0;0
0;-0.507370529294197;-0.8031178449784038;0;0;1;0;0;0;0;0;1;0;0;0;0;0;0;0;0;0;1
0;-0.5997719971526297;-0.7922587132187038;0;0;1;0;0;0;0;0;1;0;0;0;0;1;0;0;0;0;0
1;-0.23016612571889872;-0.7922587132187038;0;0;1;0;0;0;0;0;1;0;0;0;0;1;0;0;0;0;0
0;3.003885249326248;-0.29460335166558393;0;0;1;1;0;0;0;0;0;0;0;0;0;0;1;0;0;0;0
0;2.541877910034084;1.1938689445667026;0;1;0;1;0;0;0;0;0;0;0;0;0;0;0;0;0;0;1
0;1.5254617635913237;3.6047744385444385;1;0;0;1;0;0;0;0;0;0;0;0;0;1;0;0;0;0;0
0;1.3406588278744582;0.27034572033779786;0;1;0;0;0;0;0;0;1;0;1;0;0;0;0;0;0;0;0
0;1.433060295732891;0.16704000285868217;0;1;0;1;0;0;0;0;0;0;0;0;0;0;0;0;0;0;1
0;0.04703827785639956;-0.5708359435591898;0;0;1;0;0;0;0;0;1;0;0;0;1;0;0;0;0;0;0
0;-0.13776465786046596;0.13332116475256833;0;1;0;1;0;0;0;0;0;0;0;0;1;0;0;0;0;0;0
0;1.06345442429916;0.34281877046258863;0;1;0;1;0;0;0;0;0;0;0;0;1;0;0;0;0;0;0
0;0.7862500207238616;-0.4152055271180097;0;0;1;0;0;0;0;0;1;0;0;0;0;1;0;0;0;0;0
1;-0.5997719971526297;-0.7922587132187038;0;0;1;0;0;0;0;0;1;0;0;0;0;1;0;0;0;0;0
0;2.172272038600353;-0.5749766730938228;0;0;1;1;0;0;0;0;0;0;0;0;0;0;0;0;1;0;0
0;2.172272038600353;0.33044799820224857;0;1;0;1;0;0;0;0;0;0;0;0;0;0;1;0;0;0;0
0;1.433060295732891;-0.5534949247547952;0;0;1;1;0;0;0;0;0;0;0;0;0;0;1;0;0;0;0
1;-0.507370529294197;-0.4013882417255379;0;0;1;0;0;0;0;0;1;0;0;0;0;1;0;0;0;0;0
0;1.06345442429916;0.17799853954926337;0;1;0;1;0;0;0;0;0;0;0;0;0;0;0;0;0;0;1
1;-0.23016612571889872;-0.8256793365321744;0;0;1;0;0;0;0;0;1;0;0;0;0;1;0;0;0;0;0
0;1.7102646993081891;-0.07332454776803578;0;0;1;1;0;0;0;0;0;0;0;0;0;1;0;0;0;0;0
1;0.7862500207238616;0.3048906476970959;0;1;0;0;0;0;0;0;1;0;0;0;0;1;0;0;0;0;0
1;-0.23016612571889872;-0.5635553893112091;0;0;1;0;0;0;0;0;1;0;0;0;0;1;0;0;0;0;0
1;-0.507370529294197;-0.8256793365321744;0;0;1;0;0;0;0;0;1;0;0;0;0;1;0;0;0;0;0
0;-0.5997719971526297;-0.7550058584319552;0;0;1;0;0;0;0;1;0;0;0;0;0;1;0;0;0;0;0
0;-0.876976400727928;-0.4750850008270372;0;0;1;0;0;0;0;0;1;0;0;0;0;1;0;0;0;0;0
0;-0.3225675935773315;0.947221316757052;0;1;0;1;0;0;0;0;0;0;0;0;1;0;0;0;0;0;0
0;0.3242426814316978;-0.6606328737071887;0;0;1;1;0;0;0;0;0;0;0;0;0;1;0;0;0;0;0
0;0.23184121357326506;-0.7113636660189185;0;0;1;0;0;0;0;0;1;0;0;0;0;0;0;0;0;0;1
0;0.5090456171485633;-0.5253599015592088;0;0;1;1;0;0;0;0;0;0;0;0;0;0;0;0;0;0;1
0;1.2482573600160254;0.07312976522594847;0;1;0;1;0;0;0;0;0;0;0;0;0;0;0;0;0;0;1
0;1.9874691028834874;0.3144540875991046;0;1;0;1;0;0;0;0;0;0;0;0;0;0;0;0;0;0;1
1;0.3242426814316978;-0.057563724589026755;0;1;0;1;0;0;0;0;0;0;0;1;0;0;0;0;0;0;0
0;0.5090456171485633;0.9012619611276147;0;1;0;1;0;0;0;0;0;0;0;0;0;1;0;0;0;0;0
0;0.4166441492901306;-0.6647461811919236;0;0;1;1;0;0;0;0;0;0;0;0;0;1;0;0;0;0;0
0;0.4166441492901306;-0.3375085764876057;0;0;1;1;0;0;0;0;0;0;0;0;0;0;0;0;0;0;1
1;0.6938485528654289;2.0164447476077396;0;1;0;0;0;0;0;0;1;0;1;0;0;0;0;0;0;0;0
0;-0.5997719971526297;-0.36590410915722527;0;0;1;0;0;0;0;0;1;0;0;0;0;0;1;0;0;0;0
1;-0.876976400727928;-0.5650978796179846;0;0;1;0;0;0;0;0;1;0;0;0;0;1;0;0;0;0;0
1;0.6014470850069961;-0.4013676751881142;0;0;1;0;0;0;0;0;1;0;0;0;0;0;1;0;0;0;0
0;-0.6921734650110625;-0.5809066913843156;0;0;1;0;0;0;0;0;1;0;0;0;1;0;0;0;0;0;0
0;-0.9693778685863608;-0.9590738982621254;0;0;1;0;0;0;0;0;1;0;0;0;0;1;0;0;0;0;0
0;0.7862500207238616;2.9311414995256504;1;0;0;1;0;0;0;0;0;0;1;0;0;0;0;0;0;0;0
1;1.2482573600160254;-0.6803390443153059;0;0;1;0;0;0;1;0;0;0;0;0;0;1;0;0;0;0;0
1;1.2482573600160254;-0.607458091198279;0;0;1;0;0;0;0;0;1;0;0;0;0;1;0;0;0;0;0
0;-0.045363190002033205;-0.41896920346654204;0;0;1;0;0;0;0;0;1;0;0;0;0;0;1;0;0;0;0
0;-1.0617793364447936;-0.9225580110663919;0;0;1;0;0;0;0;0;1;0;0;0;0;1;0;0;0;0;0
0;-0.6921734650110625;-0.9293689627098654;0;0;1;0;0;0;0;0;1;0;0;0;0;1;0;0;0;0;0
0;0.4166441492901306;0.23442969048358803;0;1;0;0;0;0;0;0;1;0;0;0;0;0;0;0;0;0;1
0;-0.13776465786046596;-0.5939732981608233;0;0;1;1;0;0;0;0;0;0;0;0;0;1;0;0;0;0;0
0;0.5090456171485633;0.45571192213737355;0;1;0;0;0;0;1;0;0;0;0;0;1;0;0;0;0;0;0
1;0.23184121357326506;0.22149676620033423;0;1;0;0;0;0;0;0;1;0;0;0;0;1;0;0;0;0;0
0;0.8786514885822944;-0.36326130909828314;0;0;1;0;0;0;0;0;1;0;0;0;0;0;1;0;0;0;0
1;0.6014470850069961;-0.12039449641835141;0;0;1;1;0;0;0;0;0;0;0;0;1;0;0;0;0;0;0
0;0.3242426814316978;0.06676784964955859;0;1;0;1;0;0;0;0;0;0;0;0;1;0;0;0;0;0;0
0;1.1558558921575928;-0.32407177203747195;0;0;1;1;0;0;0;0;0;0;0;0;1;0;0;0;0;0;0
0;1.3406588278744582;0.5018906541659969;0;1;0;0;0;0;0;0;1;0;0;0;0;0;0;0;0;0;1
0;1.2482573600160254;-0.22020047477920518;0;0;1;1;0;0;0;0;0;0;0;0;0;0;1;0;0;0;0
0;0.3242426814316978;-0.5749766730938228;0;0;1;0;0;0;0;0;1;0;0;0;0;0;0;0;1;0;0
0;-0.41496906143576423;-0.5888556580985657;0;0;1;1;0;0;0;0;0;0;0;0;0;1;0;0;0;0;0
0;-0.6921734650110625;-0.7922587132187038;0;0;1;0;0;0;0;0;1;1;0;0;0;0;0;0;0;0;0
0;-0.41496906143576423;-0.7108632136082758;0;0;1;1;0;0;0;0;0;0;0;0;0;0;0;0;0;0;1
0;-0.5997719971526297;-0.09401105666001473;0;0;1;1;0;0;0;0;0;0;0;1;0;0;0;0;0;0;0
0;0.9710529564407272;-0.38473962968107356;0;0;1;0;0;0;0;1;0;0;0;0;0;0;1;0;0;0;0
1;-1.1541808043032262;0.22149676620033423;0;1;0;0;0;0;0;0;1;0;0;1;0;0;0;0;0;0;0
0;0.8786514885822944;-0.551798185417342;0;0;1;1;0;0;0;0;0;0;0;0;0;0;1;0;0;0;0
1;0.23184121357326506;-0.4013950972380124;0;0;1;0;0;0;0;0;1;0;0;0;0;1;0;0;0;0;0
0;-0.507370529294197;-0.16185663586447868;0;0;1;0;0;0;0;0;1;0;0;1;0;0;0;0;0;0;0
0;1.2482573600160254;0.36999402191173675;0;1;0;1;0;0;0;0;0;0;0;0;0;0;0;0;0;0;1
0;-0.7845749328694953;-0.4750884285832745;0;0;1;0;0;0;0;0;1;0;0;0;0;1;0;0;0;0;0
0;0.9710529564407272;0.6244089453550616;0;1;0;1;0;0;0;0;0;0;0;0;0;0;1;0;0;0;0
1;-0.13776465786046596;1.4173449402123468;0;1;0;0;0;0;0;0;1;0;0;1;0;0;0;0;0;0;0
0;0.6938485528654289;-0.6109509748040663;0;0;1;0;0;0;0;0;1;0;0;0;0;1;0;0;0;0;0
0;-1.0617793364447936;0.24203245381787303;0;1;0;1;0;0;0;0;0;0;0;1;0;0;0;0;0;0;0
1;-0.5997719971526297;-0.5448912565992248;0;0;1;1;0;0;0;0;0;0;0;0;0;1;0;0;0;0;0
0;0.1394397457148323;-0.5072613486263755;0;0;1;1;0;0;0;0;0;0;0;0;0;0;1;0;0;0;0
1;-0.876976400727928;-0.7922587132187038;0;0;1;0;0;0;0;0;1;0;0;0;0;1;0;0;0;0;0
1;-1.338983740020092;-0.930040802932372;0;0;1;0;0;0;0;0;1;0;0;0;0;1;0;0;0;0;0
0;-0.41496906143576423;0.8509459273205957;0;1;0;0;0;0;0;0;1;0;0;0;0;0;0;0;0;0;1
0;0.6014470850069961;0.0504551577163476;0;1;0;0;0;0;1;0;0;0;0;0;0;0;1;0;0;0;0
1;0.6014470850069961;-0.5296891576868923;0;0;1;1;0;0;0;0;0;0;0;0;0;1;0;0;0;0;0
0;-0.13776465786046596;-0.04753068208251102;0;1;0;0;0;0;1;0;0;0;0;0;0;0;1;0;0;0;0
0;-0.507370529294197;-0.46885676774390117;0;0;1;0;0;0;0;1;0;0;0;0;0;1;0;0;0;0;0
0;-0.41496906143576423;0.07313319298218567;0;1;0;1;0;0;0;0;0;0;0;0;0;0;0;0;0;0;1
0;-0.3225675935773315;-0.4341644468664;0;0;1;0;0;0;0;0;1;0;0;0;1;0;0;0;0;0;0
0;0.7862500207238616;-0.20315767076745386;0;0;1;1;0;0;0;0;0;0;0;0;0;0;1;0;0;0;0
0;0.7862500207238616;1.0611256565218345;0;1;0;1;0;0;0;0;0;0;0;0;0;0;0;0;0;0;1
1;-1.338983740020092;-0.9048913554194558;0;0;1;0;0;0;0;0;1;0;0;0;0;1;0;0;0;0;0
0;0.3242426814316978;-0.5500740240299907;0;0;1;1;0;0;0;0;0;0;0;0;0;0;0;0;0;0;1
0;-0.876976400727928;-0.7922587132187038;0;0;1;0;0;0;0;0;1;1;0;0;0;0;0;0;0;0;0
1;0.3242426814316978;-0.1878218893618674;0;0;1;1;0;0;0;0;0;0;0;0;0;1;0;0;0;0;0
1;0.5090456171485633;0.0016233423600704145;0;1;0;1;0;0;0;0;0;0;0;1;0;0;0;0;0;0;0
1;1.06345442429916;-0.14263377888581785;0;0;1;0;1;0;0;0;0;0;0;1;0;0;0;0;0;0;0
0;-0.3225675935773315;-0.17393604884465008;0;0;1;1;0;0;0;0;0;0;0;0;1;0;0;0;0;0;0
1;1.5254617635913237;-0.5888522303423284;0;0;1;1;0;0;0;0;0;0;0;0;0;0;1;0;0;0;0
1;-0.6921734650110625;-0.637272714950132;0;0;1;0;0;0;0;0;1;0;0;0;0;1;0;0;0;0;0
1;-1.0617793364447936;-0.6551484637275423;0;0;1;0;0;0;0;0;1;0;0;0;0;1;0;0;0;0;0
0;-0.876976400727928;-0.1406491080244333;0;0;1;0;0;0;0;0;1;0;0;0;0;1;0;0;0;0;0
0;1.1558558921575928;-0.025527914795416856;0;1;0;1;0;0;0;0;0;0;0;0;0;0;1;0;0;0;0
0;-0.5997719971526297;1.180768060227822;0;1;0;0;0;0;0;0;1;0;0;0;0;0;0;0;0;0;1
1;0.6014470850069961;4.15026071063255;1;0;0;1;0;0;0;0;0;0;1;0;0;0;0;0;0;0;0
0;1.6178632314497565;1.5150119986811383;0;1;0;1;0;0;0;0;0;0;1;0;0;0;0;0;0;0;0
1;-0.876976400727928;-0.5721179243919322;0;0;1;0;0;0;0;0;1;0;0;0;0;1;0;0;0;0;0
0;0.6938485528654289;2.7193198750867555;1;0;0;1;0;0;0;0;0;0;0;0;1;0;0;0;0;0;0
0;-0.13776465786046596;-0.0811741095514048;0;0;1;0;0;0;0;0;1;0;0;1;0;0;0;0;0;0;0
0;-0.7845749328694953;-0.5014958626352721;0;0;1;0;0;0;0;0;1;0;0;0;0;0;0;0;0;0;1
0;0.3242426814316978;0.561567890257025;0;1;0;1;0;0;0;0;0;0;0;0;1;0;0;0;0;0;0
1;-1.6161881435953902;-0.8850206525119491;0;0;1;0;0;0;0;0;1;0;0;0;0;1;0;0;0;0;0
0;1.2482573600160254;-0.043976098864452536;0;1;0;0;0;0;0;1;0;0;0;0;0;0;0;0;1;0;0
0;1.3406588278744582;-0.3053013788821318;0;0;1;0;0;0;0;1;0;0;0;0;0;0;0;0;0;0;1
1;-1.246582272161659;-0.6059087453790288;0;0;1;0;0;0;0;0;1;0;0;0;0;1;0;0;0;0;0
0;0.04703827785639956;-0.6021930576178185;0;0;1;0;0;0;0;0;1;0;0;0;0;0;0;0;0;0;1
0;-0.9693778685863608;-0.5545849512382498;0;0;1;0;0;0;0;0;1;0;0;0;0;1;0;0;0;0;0
0;-0.9693778685863608;-0.5758336121531427;0;0;1;0;0;0;0;0;1;0;0;0;0;1;0;0;0;0;0
1;-1.1541808043032262;0.2420393093303476;0;1;0;0;0;0;0;0;1;0;0;0;0;1;0;0;0;0;0
0;1.2482573600160254;-0.48724325220066594;0;0;1;1;0;0;0;0;0;0;0;0;0;0;1;0;0;0;0
0;-0.13776465786046596;-0.15559412521896987;0;0;1;0;0;0;0;0;1;0;0;0;0;0;1;0;0;0;0
0;-0.5997719971526297;-0.6764279744485705;0;0;1;1;0;0;0;0;0;0;0;0;0;1;0;0;0;0;0
0;-1.0617793364447936;-0.20967040761828404;0;0;1;0;0;0;0;1;0;0;0;0;0;0;0;0;0;0;1
0;-0.045363190002033205;-0.261693464031468;0;0;1;1;0;0;0;0;0;0;0;0;0;1;0;0;0;0;0
1;-1.0617793364447936;-0.3231359945846947;0;0;1;1;0;0;0;0;0;0;0;0;0;0;1;0;0;0;0
0;-0.7845749328694953;-0.6030705632145619;0;0;1;0;0;0;0;0;1;0;0;0;0;1;0;0;0;0;0
0;-1.246582272161659;-0.5859660595905395;0;0;1;0;0;0;0;0;1;0;0;0;0;1;0;0;0;0;0
0;0.9710529564407272;0.32397982218250304;0;1;0;0;0;0;0;1;0;0;0;0;0;0;1;0;0;0;0
0;-0.7845749328694953;0.561567890257025;0;1;0;0;0;0;0;0;1;0;0;0;0;0;0;0;0;0;1
0;-0.7845749328694953;-0.5721144966356949;0;0;1;0;0;0;0;0;1;0;0;0;0;1;0;0;0;0;0
0;1.9874691028834874;0.3179195491549936;0;1;0;0;0;0;1;0;0;0;0;0;0;0;1;0;0;0;0
0;0.04703827785639956;-0.230000429861586;0;0;1;1;0;0;0;0;0;0;0;0;0;1;0;0;0;0;0
1;-0.3225675935773315;-0.3143952161796332;0;0;1;0;0;0;0;0;1;0;0;0;0;1;0;0;0;0;0
0;0.04703827785639956;-0.4224963646347022;0;0;1;1;0;0;0;0;0;0;0;0;0;0;0;0;1;0;0
0;2.6342793778925166;-0.024218511912776207;0;1;0;0;0;0;1;0;0;0;0;0;0;0;1;0;0;0;0
0;-0.6921734650110625;-0.049237704688675984;0;1;0;0;0;0;0;0;1;0;0;0;0;0;0;0;0;0;1
1;0.04703827785639956;-0.4768948561203205;0;0;1;1;0;0;0;0;0;0;0;0;0;1;0;0;0;0;0
1;0.4166441492901306;-0.2029074445621325;0;0;1;1;0;0;0;0;0;0;0;0;0;1;0;0;0;0;0
0;1.802666167166622;-0.07272811818274914;0;0;1;1;0;0;0;0;0;0;0;0;0;0;1;0;0;0;0
0;-0.23016612571889872;-0.1326144474042512;0;0;1;1;0;0;0;0;0;0;0;0;0;1;0;0;0;0;0
1;-1.338983740020092;-0.4150444225748575;0;0;1;0;0;0;0;0;1;0;0;0;0;1;0;0;0;0;0
1;-1.6161881435953902;-0.8934357940744692;0;0;1;0;0;0;0;0;1;0;0;0;0;1;0;0;0;0;0
0;-0.13776465786046596;-0.20485783786114428;0;0;1;0;0;0;0;0;1;0;0;0;0;0;1;0;0;0;0
0;0.5090456171485633;-0.43570693717317555;0;0;1;0;0;0;0;0;1;0;0;0;0;1;0;0;0;0;0
0;-1.246582272161659;0.22150019395657158;0;1;0;1;0;0;0;0;0;0;0;1;0;0;0;0;0;0;0
0;-0.13776465786046596;4.858054668312062;1;0;0;1;0;0;0;0;0;0;1;0;0;0;0;0;0;0;0
0;-1.1541808043032262;-0.24694725669869358;0;0;1;0;0;0;0;0;1;0;0;0;0;0;0;0;0;0;1
0;-1.6161881435953902;-0.8608138379642846;0;0;1;0;0;0;0;0;1;0;0;0;0;1;0;0;0;0;0
1;-0.507370529294197;-0.46192584463212294;0;0;1;0;0;0;0;0;1;0;0;0;0;1;0;0;0;0;0
0;1.1558558921575928;0.425458545587149;0;1;0;0;0;0;1;0;0;0;0;0;0;0;1;0;0;0;0
0;0.6938485528654289;0.30068136303771736;0;1;0;1;0;0;0;0;0;0;0;0;1;0;0;0;0;0;0
0;-0.41496906143576423;1.2588694860942249;0;1;0;0;0;0;0;0;1;0;0;0;1;0;0;0;0;0;0
0;-1.1541808043032262;-0.39051539894088866;0;0;1;0;0;0;0;0;1;0;0;0;0;0;1;0;0;0;0
0;-1.0617793364447936;-0.4289165520671258;0;0;1;1;0;0;0;0;0;0;0;0;0;0;0;1;0;0;0
0;-0.41496906143576423;-0.42870745893665185;0;0;1;0;0;0;0;0;1;0;0;0;0;1;0;0;0;0;0
1;-0.507370529294197;-0.2745201278713662;0;0;1;0;0;0;0;0;1;0;0;0;0;1;0;0;0;0;0
0;-0.41496906143576423;0.0052704749965352665;0;1;0;1;0;0;0;0;0;0;0;0;0;0;0;0;0;0;1
0;0.7862500207238616;0.02407514571424811;0;1;0;1;0;0;0;0;0;0;0;0;0;1;0;0;0;0;0
1;-0.7845749328694953;0.22150019395657158;0;1;0;1;0;0;0;0;0;0;0;1;0;0;0;0;0;0;0
0;0.4166441492901306;0.01472079894271363;0;1;0;0;0;0;0;1;0;0;0;0;1;0;0;0;0;0;0
0;1.8950676350250548;-0.4137281641797424;0;0;1;0;0;0;1;0;0;0;0;0;0;0;1;0;0;0;0
0;-0.41496906143576423;-0.42361381316805513;0;0;1;0;0;0;0;0;1;0;0;0;0;0;0;0;0;0;1
0;0.8786514885822944;-0.2555063640231793;0;0;1;1;0;0;0;0;0;0;0;0;1;0;0;0;0;0;0
0;-1.6161881435953902;-0.883409607080428;0;0;1;0;0;0;0;0;1;0;0;0;0;1;0;0;0;0;0
0;-1.4313852078785245;0.3244185749808747;0;1;0;0;0;0;0;0;1;0;0;0;0;0;0;0;0;0;1
0;-0.3225675935773315;0.3699905941554994;0;1;0;0;0;0;0;0;1;0;0;0;0;0;0;0;0;0;1
0;-0.3225675935773315;-0.24898334390363736;0;0;1;1;0;0;0;0;0;0;0;0;0;0;0;0;1;0;0
1;-1.1541808043032262;-0.16812600202246203;0;0;1;0;0;0;0;0;1;0;0;0;0;1;0;0;0;0;0
0;0.04703827785639956;0.9946580353247567;0;1;0;0;0;0;0;0;1;0;0;0;1;0;0;0;0;0;0
0;-0.41496906143576423;-0.30335098558312007;0;0;1;0;0;0;0;1;0;0;0;0;1;0;0;0;0;0;0
0;-0.9693778685863608;-0.2398209514813905;0;0;1;0;0;0;0;0;1;0;0;0;0;1;0;0;0;0;0
0;-0.045363190002033205;-0.43474716542673747;0;0;1;0;0;0;0;0;1;0;0;0;0;1;0;0;0;0;0
0;0.7862500207238616;0.9153500392628316;0;1;0;0;0;0;0;0;1;0;0;1;0;0;0;0;0;0;0
0;-0.045363190002033205;0.1629575451800829;0;1;0;0;0;0;0;0;1;0;0;0;1;0;0;0;0;0;0
1;0.1394397457148323;-0.29934393854174085;0;0;1;0;0;0;0;0;1;0;0;0;0;0;1;0;0;0;0
0;0.6938485528654289;-0.07999153364954344;0;0;1;1;0;0;0;0;0;0;0;0;1;0;0;0;0;0;0
1;0.1394397457148323;-0.5201462843223075;0;0;1;0;0;0;1;0;0;0;0;0;0;1;0;0;0;0;0
0;0.8786514885822944;0.976199567987009;0;1;0;0;0;0;0;0;1;0;0;0;0;0;0;0;0;0;1
0;-0.41496906143576423;0.18627314310605492;0;1;0;1;0;0;0;0;0;0;0;1;0;0;0;0;0;0;0
1;-0.23016612571889872;-0.11560934871110987;0;0;1;0;0;0;1;0;0;0;0;1;0;0;0;0;0;0;0
0;-0.41496906143576423;-0.1365289450272239;0;0;1;0;0;0;0;0;1;0;0;0;0;1;0;0;0;0;0
0;-0.3225675935773315;0.06027567933615207;0;1;0;0;0;0;0;1;0;0;0;0;0;0;1;0;0;0;0
0;0.3242426814316978;0.22862992693011203;0;1;0;1;0;0;0;0;0;0;0;0;1;0;0;0;0;0;0
1;-1.4313852078785245;-0.36518085259115934;0;0;1;0;0;0;0;0;1;0;0;0;0;1;0;0;0;0;0
0;1.9874691028834874;-0.1564716308157133;0;0;1;1;0;0;0;0;0;0;0;0;0;0;1;0;0;0;0
1;-0.7845749328694953;-0.3286718209079004;0;0;1;0;0;0;0;0;1;0;0;0;0;1;0;0;0;0;0
0;-0.5997719971526297;0.43843260294525;0;1;0;0;0;0;0;0;1;0;0;0;1;0;0;0;0;0;0
0;-0.23016612571889872;0.16704343061491955;0;1;0;0;0;0;0;0;1;0;0;0;0;0;0;0;0;0;1
1;-1.8933925471706885;-0.8432568705169412;0;0;1;0;0;0;0;0;1;0;0;0;0;1;0;0;0;0;0
0;-1.8009910793122557;-0.47909547562465366;0;0;1;0;0;0;0;0;1;0;0;0;0;1;0;0;0;0;0
1;-0.507370529294197;0.3130727018354809;0;1;0;0;0;0;0;0;1;0;0;1;0;0;0;0;0;0;0
0;-0.41496906143576423;3.698101957616835;1;0;0;0;0;0;0;0;1;0;1;0;0;0;0;0;0;0;0
0;0.1394397457148323;-0.33833809349702726;0;0;1;0;0;0;0;0;1;0;0;0;0;1;0;0;0;0;0
1;-1.0617793364447936;0.4259418592166053;0;1;0;0;0;0;0;0;1;0;0;1;0;0;0;0;0;0;0
0;1.3406588278744582;0.3633784523737882;0;1;0;0;0;0;0;0;1;0;1;0;0;0;0;0;0;0;0
0;-1.0617793364447936;-0.022843981661627395;0;1;0;0;0;0;0;0;1;0;0;0;1;0;0;0;0;0;0
0;-0.045363190002033205;0.43843260294525;0;1;0;0;0;0;1;0;0;0;0;0;0;0;0;0;0;0;1
0;-1.4313852078785245;-0.5482813075178937;0;0;1;0;0;0;0;0;1;0;0;0;0;1;0;0;0;0;0
0;0.4166441492901306;6.540191764194377;1;0;0;1;0;0;0;0;0;0;1;0;0;0;0;0;0;0;0
1;1.433060295732891;5.061423445869827;1;0;0;0;0;0;1;0;0;0;1;0;0;0;0;0;0;0;0
0;2.6342793778925166;1.2330550538712763;0;1;0;1;0;0;0;0;0;0;0;0;0;0;1;0;0;0;0
1;-0.876976400727928;-0.1015144150634185;0;0;1;0;0;0;0;0;1;0;0;0;0;0;1;0;0;0;0
0;-1.246582272161659;-0.26168660851899345;0;0;1;0;0;0;0;0;1;0;0;0;0;1;0;0;0;0;0
0;-0.13776465786046596;0.7239544142418821;0;1;0;0;0;0;0;0;1;0;0;0;1;0;0;0;0;0;0
0;-1.7085896114538228;-0.535176995422776;0;0;1;0;0;0;0;0;1;0;0;0;0;1;0;0;0;0;0
1;-1.8933925471706885;-0.8351090939409291;0;0;1;0;0;0;0;0;1;0;0;0;0;1;0;0;0;0;0
0;-0.876976400727928;0.0029018954365755017;0;1;0;1;0;0;0;0;0;0;0;0;0;0;1;0;0;0;0
0;0.1394397457148323;-0.35347849279708876;0;0;1;0;0;0;1;0;0;0;0;0;0;0;1;0;0;0;0
0;-1.5237866757369574;-0.492734517692787;0;0;1;0;0;0;0;0;1;0;0;0;0;1;0;0;0;0;0
0;-0.507370529294197;-0.616757593870017;0;0;1;1;0;0;0;0;0;0;0;0;0;0;0;1;0;0;0
0;-0.876976400727928;2.2725666936572297;0;1;0;1;0;0;0;0;0;0;0;0;0;1;0;0;0;0;0
0;-0.507370529294197;0.561567890257025;0;1;0;1;0;0;0;0;0;0;0;0;0;0;0;0;0;0;1
0;-0.3225675935773315;0.12933811200485013;0;1;0;0;0;0;1;0;0;0;0;0;0;0;1;0;0;0;0
0;0.8786514885822944;0.6683939133918261;0;1;0;1;0;0;0;0;0;0;0;0;0;0;0;0;0;0;1
0;0.9710529564407272;0.9515985614720575;0;1;0;1;0;0;0;0;0;0;0;0;1;0;0;0;0;0;0
0;-1.6161881435953902;-0.3236090249454393;0;0;1;0;0;0;0;0;1;0;0;0;0;1;0;0;0;0;0
0;-1.5237866757369574;-0.4064407544192872;0;0;1;0;0;0;0;0;1;0;0;0;0;1;0;0;0;0;0
1;-1.4313852078785245;0.06475232898203848;0;1;0;0;0;0;0;0;1;0;0;0;1;0;0;0;0;0;0
0;-0.507370529294197;0.7644567819415712;0;1;0;0;0;0;0;0;1;0;0;0;0;0;1;0;0;0;0
1;-1.7085896114538228;-0.8253879772520057;0;0;1;0;0;0;0;0;1;0;0;0;0;1;0;0;0;0;0
0;0.23184121357326506;0.5470513425921482;0;1;0;1;0;0;0;0;0;0;0;0;0;0;1;0;0;0;0
0;-1.4313852078785245;-0.2561850597581605;0;0;1;0;0;0;0;0;1;0;0;0;0;1;0;0;0;0;0
0;-0.3225675935773315;-0.23656458305597539;0;0;1;0;0;0;0;0;1;0;0;0;0;1;0;0;0;0;0
1;-1.9857940150291211;-0.8343172822501175;0;0;1;0;0;0;0;0;1;0;0;0;0;1;0;0;0;0;0
0;-1.0617793364447936;-0.3236090249454393;0;0;1;0;0;0;0;0;1;0;0;0;0;1;0;0;0;0;0
0;-0.9693778685863608;-0.4421476911430229;0;0;1;0;0;0;0;0;1;0;0;0;0;0;1;0;0;0;0
1;0.23184121357326506;-0.3236124527016765;0;0;1;0;0;0;1;0;0;0;0;0;0;1;0;0;0;0;0
1;-1.8933925471706885;-0.8244830496053641;0;0;1;0;0;0;0;0;1;0;0;0;0;1;0;0;0;0;0
0;0.4166441492901306;0.16828085061657716;0;1;0;0;0;0;0;0;1;0;0;0;0;0;1;0;0;0;0
1;0.3242426814316978;0.9566167966034341;0;1;0;0;0;0;0;0;1;0;0;0;0;1;0;0;0;0;0
0;-0.23016612571889872;-0.5072339265764773;0;0;1;0;0;0;0;0;1;0;0;0;1;0;0;0;0;0;0
0;-1.1541808043032262;-0.39565360554057005;0;0;1;0;0;0;0;0;1;0;0;0;0;1;0;0;0;0;0
0;-1.4313852078785245;-0.4020360876543836;0;0;1;0;0;0;0;0;1;0;0;0;0;1;0;0;0;0;0
0;-1.5237866757369574;-0.3466504023724289;0;0;1;0;0;0;0;0;1;0;0;0;0;0;0;1;0;0;0
0;0.6938485528654289;-0.46006800075151777;0;0;1;1;0;0;0;0;0;0;0;0;0;0;1;0;0;0;0
1;-1.9857940150291211;-0.8308586762067031;0;0;1;0;0;0;0;0;1;0;0;0;0;1;0;0;0;0;0
0;0.23184121357326506;-0.22303180143119775;0;0;1;0;0;0;0;1;0;0;0;0;1;0;0;0;0;0;0
0;0.6014470850069961;0.17625381162448828;0;1;0;1;0;0;0;0;0;0;0;0;0;0;1;0;0;0;0
0;1.5254617635913237;0.8780697624261847;0;1;0;0;0;0;1;0;0;0;0;0;0;1;0;0;0;0;0
0;-0.6921734650110625;0.8873144209981264;0;1;0;0;0;0;0;0;1;0;0;0;0;1;0;0;0;0;0
0;-0.876976400727928;2.8411628982970756;1;0;0;1;0;0;0;0;0;0;0;0;0;1;0;0;0;0;0
1;-1.338983740020092;-0.4542408151481434;0;0;1;0;0;0;0;0;1;0;0;0;0;1;0;0;0;0;0
1;-1.4313852078785245;-0.454237387391906;0;0;1;0;0;0;0;0;1;0;0;0;0;1;0;0;0;0;0
0;-0.41496906143576423;-0.4830579618349482;0;0;1;1;0;0;0;0;0;0;0;0;0;0;0;0;0;0;1
0;0.1394397457148323;0.449500827835424;0;1;0;1;0;0;0;0;0;0;0;0;0;0;1;0;0;0;0
0;0.1394397457148323;0.3714748126062412;0;1;0;1;0;0;0;0;0;0;0;0;0;0;1;0;0;0;0
1;-0.045363190002033205;-0.5385773296101568;0;0;1;1;0;0;0;0;0;0;0;0;0;1;0;0;0;0;0
0;-0.045363190002033205;0.5284729037860958;0;1;0;1;0;0;0;0;0;0;0;0;0;0;0;0;0;0;1
0;-0.9693778685863608;0.4160082216409705;0;1;0;0;0;0;0;0;1;0;0;0;0;0;0;0;0;0;1
0;-0.6921734650110625;0.24203588157411024;0;1;0;0;0;0;0;0;1;0;0;1;0;0;0;0;0;0;0
0;0.3242426814316978;0.41600479388473316;0;1;0;0;0;0;0;0;1;0;0;0;0;0;0;0;0;0;1
0;1.3406588278744582;0.44949740007918665;0;1;0;0;0;0;0;0;1;0;0;0;0;0;1;0;0;0;0
0;-1.8933925471706885;-0.8308586762067031;0;0;1;0;0;0;0;0;1;0;0;0;0;1;0;0;0;0;0
1;0.23184121357326506;-0.286716084563605;0;0;1;1;0;0;0;0;0;0;0;0;0;0;1;0;0;0;0
0;-0.13776465786046596;1.2228540513091342;0;1;0;1;0;0;0;0;0;0;1;0;0;0;0;0;0;0;0
0;1.1558558921575928;-0.028300969591375645;0;1;0;0;0;0;0;0;1;0;0;0;0;1;0;0;0;0;0
0;-1.0617793364447936;-0.07406837087152535;0;0;1;0;0;0;0;0;1;0;0;0;0;0;0;0;0;0;1
