SEXO;IDADE;RENDA;CODCBO;PROFISSAO;ESTADO_CIVIL
M;38;1006,40;782305;MOTORISTA DE CARRO DE PASSEIO;SOLTEIRO(A)
M;44;5004,67;313105;ELETROTECNICO;SEPARADO(A) JUDICIALMENTE
M;46;1755,56;521105;VENDEDOR EM COMERCIO ATACADIST;SEPARADO(A) JUDICIALMENTE
M;34;1981,77;411010;ASSISTENTE ADMINISTRATIVO;CASADO(A)
M;41;1597,50;521105;VENDEDOR EM COMERCIO ATACADIST;OUTROS
M;37;11144,54;142405;GERENTE DE COMPRAS;CASADO(A)
M;58;964,86;521105;VENDEDOR EM COMERCIO ATACADIST;CASADO(A)
F;38;5265,78;253115;AGENTE PUBLICITARIO;SOLTEIRO(A)
M;43;10243,46;142705;GERENTE DE PROJETOS E SERVICOS DE MANUTE;CASADO(A)
M;34;800,00;514310;AUXILIAR DE MANUTENCAO PREDIAL;SOLTEIRO(A)
M;47;9765,24;142520;GERENTE DE PROJ DE TEC DA INFORMAÇÃO;CASADO(A)
M;76;5242,22;521105;VENDEDOR EM COMERCIO ATACADIST;CASADO(A)
M;62;1536,89;521105;VENDEDOR EM COMERCIO ATACADIST;SOLTEIRO(A)
M;37;1300,00;411005;AUXILIAR DE ESCRITORIO, EM GER;SOLTEIRO(A)
M;41;1010,49;411010;ASSISTENTE ADMINISTRATIVO;SOLTEIRO(A)
M;48;2936,08;914425;MECANICO DE VEICULOS AUTOMOTOR;SOLTEIRO(A)
F;40;2273,07;521105;VENDEDOR EM COMERCIO ATACADIST;SOLTEIRO(A)
M;58;997,50;782510;MOTORISTA DE CAMINHAO;CASADO(A)
F;33;900,00;411005;AUXILIAR DE ESCRITORIO, EM GER;SOLTEIRO(A)
M;49;6171,40;142305;GERENTE COMERCIAL;CASADO(A)
M;39;1800,00;521105;VENDEDOR EM COMERCIO ATACADIST;CASADO(A)
M;63;1951,18;354205;COMPRADOR;CASADO(A)
M;35;800,00;514310;AUXILIAR DE MANUTENCAO PREDIAL;SOLTEIRO(A)
F;39;1291,18;411010;ASSISTENTE ADMINISTRATIVO;CASADO(A)
M;38;2234,07;951105;ELETRICISTA DE MANUTENCAO, GER;CASADO(A)
M;33;1291,20;411010;ASSISTENTE ADMINISTRATIVO;SOLTEIRO(A)
F;33;940,43;422105;RECEPCIONISTA, EM GERAL;SOLTEIRO(A)
M;74;4150,60;142320;GERENTE DE VENDAS;CASADO(A)
M;30;979,78;914425;MECANICO DE VEICULOS AUTOMOTOR;SOLTEIRO(A)
M;43;1149,00;914425;MECANICO DE VEICULOS AUTOMOTOR;CASADO(A)
M;58;1731,44;521105;VENDEDOR EM COMERCIO ATACADIST;OUTROS
M;53;2860,07;411010;ASSISTENTE ADMINISTRATIVO;CASADO(A)
F;34;1418,29;411010;ASSISTENTE ADMINISTRATIVO;SOLTEIRO(A)
M;47;11580,15;142705;GERENTE DE PROJETOS E SERVICOS DE MANUTE;SOLTEIRO(A)
F;37;1939,44;411010;ASSISTENTE ADMINISTRATIVO;CASADO(A)
M;59;6966,68;520110;SUPERVISOR DE VENDAS COMERCIAL;SOLTEIRO(A)
F;34;900,00;0;SEM CBO;SOLTEIRO(A)
M;35;1624,17;411005;AUXILIAR DE ESCRITORIO, EM GER;SOLTEIRO(A)
M;34;5226,16;142705;GERENTE DE PROJETOS E SERVICOS DE MANUTE;SEPARADO(A) JUDICIALMENTE
F;33;900,00;0;SEM CBO;SOLTEIRO(A)
M;62;8676,00;122405;DIRETOR DE OPERACOES COMERCIAI;CASADO(A)
M;34;2692,64;521105;VENDEDOR EM COMERCIO ATACADIST;CASADO(A)
F;40;998,00;512105;EMPREGADO DOMESTICO;SOLTEIRO(A)
M;66;2000,00;411005;AUXILIAR DE ESCRITORIO, EM GER;OUTROS
M;46;2385,34;782220;OPERADOR DE EMPILHADEIRA;CASADO(A)
M;43;2500,00;910205;SUPERVISOR DA MANUTENÇÃO E REPARAÇ;CASADO(A)
M;43;2485,01;521105;VENDEDOR EM COMERCIO ATACADIST;CASADO(A)
M;44;1394,30;914425;MECANICO DE VEICULOS AUTOMOTOR;OUTROS
M;40;2608,71;521105;VENDEDOR EM COMERCIO ATACADIST;CASADO(A)
M;33;2926,17;411010;ASSISTENTE ADMINISTRATIVO;SOLTEIRO(A)
M;50;3304,17;212405;ANALISTA DE SISTEMA;SOLTEIRO(A)
M;35;1494,88;318705;DESENHISTA PROJETISTA DE ELETR;SOLTEIRO(A)
F;54;3448,97;411010;ASSISTENTE ADMINISTRATIVO;SOLTEIRO(A)
F;52;1174,78;411005;AUXILIAR DE ESCRITORIO, EM GER;CASADO(A)
F;29;413,34;411005;AUXILIAR DE ESCRITORIO, EM GER;SOLTEIRO(A)
M;38;2382,75;521105;VENDEDOR EM COMERCIO ATACADIST;CASADO(A)
M;54;2020,63;782515;MOTORISTA OPER DE GUINCHO;SOLTEIRO(A)
F;34;2120,43;411010;ASSISTENTE ADMINISTRATIVO;SOLTEIRO(A)
M;34;918,78;914425;MECANICO DE VEICULOS AUTOMOTOR;CASADO(A)
F;39;1202,48;411010;ASSISTENTE ADMINISTRATIVO;SOLTEIRO(A)
F;39;2054,00;411010;ASSISTENTE ADMINISTRATIVO;SOLTEIRO(A)
F;52;5104,12;252210;CONTADOR;SOLTEIRO(A)
M;55;1800,00;141115;GERENTE DE PROD E OP AGROPECUA;SOLTEIRO(A)
M;51;3487,32;142330;ANALISTA DE NEGOCIOS;CASADO(A)
F;43;2571,33;241010;ADVOGADO DE EMPRESA;SOLTEIRO(A)
M;38;2688,25;914425;MECANICO DE VEICULOS AUTOMOTOR;CASADO(A)
M;61;1013,03;514310;AUXILIAR DE MANUTENCAO PREDIAL;CASADO(A)
F;25;453,68;411005;AUXILIAR DE ESCRITORIO, EM GER;SOLTEIRO(A)
M;40;6987,50;142705;GERENTE DE PROJETOS E SERVICOS DE MANUTE;SOLTEIRO(A)
M;32;1181,22;514310;AUXILIAR DE MANUTENCAO PREDIAL;SOLTEIRO(A)
M;59;17347,34;252210;CONTADOR;CASADO(A)
M;47;2568,90;521105;VENDEDOR EM COMERCIO ATACADIST;CASADO(A)
M;44;1463,92;313105;ELETROTECNICO;SEPARADO(A) JUDICIALMENTE
M;27;440,19;411005;AUXILIAR DE ESCRITORIO, EM GER;SOLTEIRO(A)
F;35;1261,93;411010;ASSISTENTE ADMINISTRATIVO;SOLTEIRO(A)
F;37;1398,63;411010;ASSISTENTE ADMINISTRATIVO;SOLTEIRO(A)
M;39;1840,84;914425;MECANICO DE VEICULOS AUTOMOTOR;SOLTEIRO(A)
M;43;3424,31;914425;MECANICO DE VEICULOS AUTOMOTOR;SOLTEIRO(A)
F;34;802,00;411005;AUXILIAR DE ESCRITORIO, EM GER;SOLTEIRO(A)
M;38;4328,88;313105;ELETROTECNICO;CASADO(A)
M;51;2085,15;411010;ASSISTENTE ADMINISTRATIVO;SOLTEIRO(A)
M;53;3409,76;914425;MECANICO DE VEICULOS AUTOMOTOR;SOLTEIRO(A)
M;27;900,00;411005;AUXILIAR DE ESCRITORIO, EM GER;SOLTEIRO(A)
M;41;9695,63;911305;MECANICO DE MANUTENÇÃO DE MAQUINAS, EM GERAL;CASADO(A)
M;43;2743,47;914425;MECANICO DE VEICULOS AUTOMOTOR;CASADO(A)
F;40;2565,73;252210;CONTADOR;SOLTEIRO(A)
M;31;3314,50;252725;ANALISTA DE GESTÃO DE ESTOQUE;SOLTEIRO(A)
M;46;1421,67;914425;MECANICO DE VEICULOS AUTOMOTOR;SEPARADO(A) JUDICIALMENTE
M;42;2071,94;313105;ELETROTECNICO;CASADO(A)
M;53;4082,72;521105;VENDEDOR EM COMERCIO ATACADIST;SOLTEIRO(A)
M;50;3933,77;313105;ELETROTECNICO;CASADO(A)
M;33;4912,19;521105;VENDEDOR EM COMERCIO ATACADIST;SOLTEIRO(A)
M;48;1353,48;414105;ALMOXARIFE;SOLTEIRO(A)
M;33;1354,31;313105;ELETROTECNICO;SOLTEIRO(A)
M;41;3520,63;521105;VENDEDOR EM COMERCIO ATACADIST;CASADO(A)
M;46;1601,51;521105;VENDEDOR EM COMERCIO ATACADIST;CASADO(A)
F;26;448,46;411005;AUXILIAR DE ESCRITORIO, EM GER;SOLTEIRO(A)
F;42;4223,93;411010;ASSISTENTE ADMINISTRATIVO;SOLTEIRO(A)
M;34;2809,24;252210;CONTADOR;SOLTEIRO(A)
M;34;1542,23;318705;DESENHISTA PROJETISTA DE ELETR;CASADO(A)
F;44;4858,43;521105;VENDEDOR EM COMERCIO ATACADIST;CASADO(A)
M;39;2542,55;521105;VENDEDOR EM COMERCIO ATACADIST;SEPARADO(A) JUDICIALMENTE
M;26;476,08;411005;AUXILIAR DE ESCRITORIO, EM GER;SOLTEIRO(A)
M;37;1491,26;521105;VENDEDOR EM COMERCIO ATACADIST;CASADO(A)
M;48;3083,01;782515;MOTORISTA OPER DE GUINCHO;CASADO(A)
M;40;1276,72;411005;AUXILIAR DE ESCRITORIO, EM GER;CASADO(A)
M;31;1935,33;914425;MECANICO DE VEICULOS AUTOMOTOR;CASADO(A)
F;37;2347,50;521105;VENDEDOR EM COMERCIO ATACADIST;CASADO(A)
F;23;542,49;411005;AUXILIAR DE ESCRITORIO, EM GER;SOLTEIRO(A)
F;48;2298,40;521105;VENDEDOR EM COMERCIO ATACADIST;SOLTEIRO(A)
M;33;2904,92;521105;VENDEDOR EM COMERCIO ATACADIST;SOLTEIRO(A)
M;22;530,90;411005;AUXILIAR DE ESCRITORIO, EM GER;SOLTEIRO(A)
M;41;1506,48;914425;MECANICO DE VEICULOS AUTOMOTOR;CASADO(A)
F;34;3107,43;411010;ASSISTENTE ADMINISTRATIVO;CASADO(A)
F;24;542,49;411005;AUXILIAR DE ESCRITORIO, EM GER;SOLTEIRO(A)
M;50;3781,87;914425;MECANICO DE VEICULOS AUTOMOTOR;CASADO(A)
F;31;3216,05;252405;ANALISTA DE RECURSOS HUMANOS;SOLTEIRO(A)
M;36;1971,49;313105;ELETROTECNICO;SOLTEIRO(A)
M;41;6840,49;212405;ANALISTA DE SISTEMA;CASADO(A)
M;52;1542,23;517410;PORTEIRO DE EDIFICIOS;CASADO(A)
M;37;1562,23;313105;ELETROTECNICO;CASADO(A)
M;32;2320,63;914425;MECANICO DE VEICULOS AUTOMOTOR;SOLTEIRO(A)
M;56;2347,50;521105;VENDEDOR EM COMERCIO ATACADIST;CASADO(A)
F;49;1621,00;121010;DIRETOR GERAL DE EMPRESA E ORG;CASADO(A)
F;28;2548,25;411010;ASSISTENTE ADMINISTRATIVO;SOLTEIRO(A)
M;31;5387,42;214320;ENGENHEIRO ELETRICISTA DE PROJ;SOLTEIRO(A)
M;31;3092,95;914425;MECANICO DE VEICULOS AUTOMOTOR;SOLTEIRO(A)
M;54;17977,28;142520;GERENTE DE PROJ DE TEC DA INFORMAÇÃO;CASADO(A)
M;40;2086,34;313105;ELETROTECNICO;OUTROS
M;40;4659,21;914425;MECANICO DE VEICULOS AUTOMOTOR;CASADO(A)
M;33;3553,08;910210;SUPERVISOR DA MANUT E REPAR DE;SOLTEIRO(A)
M;23;553,94;411005;AUXILIAR DE ESCRITORIO, EM GER;SOLTEIRO(A)
M;30;2709,62;914425;MECANICO DE VEICULOS AUTOMOTOR;SOLTEIRO(A)
M;32;1981,78;411010;ASSISTENTE ADMINISTRATIVO;SOLTEIRO(A)
M;45;5436,69;914425;MECANICO DE VEICULOS AUTOMOTOR;CASADO(A)
M;46;1606,54;914425;MECANICO DE VEICULOS AUTOMOTOR;CASADO(A)
M;41;3558,42;914425;MECANICO DE VEICULOS AUTOMOTOR;SOLTEIRO(A)
M;44;1750,00;621005;TRABALHADOR AGROPECUARIO EM GE;SOLTEIRO(A)
F;41;13764,78;241010;ADVOGADO DE EMPRESA;OUTROS
F;43;2377,93;411010;ASSISTENTE ADMINISTRATIVO;SOLTEIRO(A)
M;28;2824,42;252105;ADMINISTRADOR;SOLTEIRO(A)
M;31;3237,76;521105;VENDEDOR EM COMERCIO ATACADIST;SOLTEIRO(A)
M;47;2734,85;521105;VENDEDOR EM COMERCIO ATACADIST;CASADO(A)
F;35;2631,83;411010;ASSISTENTE ADMINISTRATIVO;SOLTEIRO(A)
F;33;2145,42;252210;CONTADOR;SOLTEIRO(A)
M;26;2139,94;414105;ALMOXARIFE;SOLTEIRO(A)
M;42;2234,19;914425;MECANICO DE VEICULOS AUTOMOTOR;CASADO(A)
F;45;5160,07;411010;ASSISTENTE ADMINISTRATIVO;DESQUITADO(A)
M;48;1624,44;521105;VENDEDOR EM COMERCIO ATACADIST;SOLTEIRO(A)
M;21;604,83;411005;AUXILIAR DE ESCRITORIO, EM GER;SOLTEIRO(A)
M;30;1554,03;313105;ELETROTECNICO;CASADO(A)
M;41;3465,26;521105;VENDEDOR EM COMERCIO ATACADIST;CASADO(A)
M;22;614,91;411005;AUXILIAR DE ESCRITORIO, EM GER;SOLTEIRO(A)
M;33;2403,50;212405;ANALISTA DE SISTEMA;SOLTEIRO(A)
M;39;2603,85;411010;ASSISTENTE ADMINISTRATIVO;CASADO(A)
F;25;900,00;411005;AUXILIAR DE ESCRITORIO, EM GER;SOLTEIRO(A)
M;23;900,00;0;SEM CBO;SOLTEIRO(A)
M;36;3947,00;252210;CONTADOR;CASADO(A)
M;39;2231,00;913120;MECÂNICO DE MANUTENÇÃO DE MÁQUIN;CASADO(A)
M;42;2936,05;313105;ELETROTECNICO;CASADO(A)
M;32;1293,75;914425;MECANICO DE VEICULOS AUTOMOTOR;OUTROS
M;38;1702,13;414105;ALMOXARIFE;SOLTEIRO(A)
M;40;7056,88;214320;ENGENHEIRO ELETRICISTA DE PROJ;CASADO(A)
M;38;3589,12;313105;ELETROTECNICO;SEPARADO(A) JUDICIALMENTE
M;36;1322,25;914425;MECANICO DE VEICULOS AUTOMOTOR;CASADO(A)
M;48;3107,44;354205;COMPRADOR;CASADO(A)
F;36;3239,54;521105;VENDEDOR EM COMERCIO ATACADIST;CASADO(A)
M;44;4725,99;520110;SUPERVISOR DE VENDAS COMERCIAL;CASADO(A)
M;48;1260,00;621005;TRABALHADOR AGROPECUARIO EM GE;SOLTEIRO(A)
M;32;1814,30;414215;CONFERENTE DE CARGA E DESCARGA;SOLTEIRO(A)
M;53;5181,45;354125;ASSISTENTE DE VENDAS;OUTROS
M;34;3441,47;391145;ANALISTA DE PLANEJAMENTO DE MANUTENCAO;CASADO(A)
F;57;2151,41;521105;VENDEDOR EM COMERCIO ATACADIST;OUTROS
M;24;5152,65;318705;DESENHISTA PROJETISTA DE ELETR;SOLTEIRO(A)
F;21;656,88;411005;AUXILIAR DE ESCRITORIO, EM GER;SOLTEIRO(A)
M;27;1563,27;313105;ELETROTECNICO;SOLTEIRO(A)
M;47;6238,00;391145;ANALISTA DE PLANEJAMENTO DE MANUTENCAO;CASADO(A)
M;38;4611,47;521105;VENDEDOR EM COMERCIO ATACADIST;SOLTEIRO(A)
F;41;13136,24;142405;GERENTE DE COMPRAS;SOLTEIRO(A)
F;29;3622,06;411010;ASSISTENTE ADMINISTRATIVO;SOLTEIRO(A)
M;39;3870,74;914425;MECANICO DE VEICULOS AUTOMOTOR;SOLTEIRO(A)
F;51;1999,78;521105;VENDEDOR EM COMERCIO ATACADIST;SOLTEIRO(A)
M;49;6279,36;410105;SUPERVISOR ADMINISTRATIVO;CASADO(A)
M;30;4435,57;410240;SUPERVISOR DE LOGÍSTICA;SOLTEIRO(A)
F;34;4295,67;252405;ANALISTA DE RECURSOS HUMANOS;SOLTEIRO(A)
M;47;2824,42;414120;CONFERENTE MERC (EXCETO CARGA E DESC;SOLTEIRO(A)
M;26;1756,09;411010;ASSISTENTE ADMINISTRATIVO;SOLTEIRO(A)
M;27;2273,80;914425;MECANICO DE VEICULOS AUTOMOTOR;SOLTEIRO(A)
M;37;3886,40;214320;ENGENHEIRO ELETRICISTA DE PROJ;SOLTEIRO(A)
M;49;3436,19;313105;ELETROTECNICO;SOLTEIRO(A)
M;26;3076,19;914425;MECANICO DE VEICULOS AUTOMOTOR;SOLTEIRO(A)
M;21;2491,02;411010;ASSISTENTE ADMINISTRATIVO;SOLTEIRO(A)
M;44;3229,45;914425;MECANICO DE VEICULOS AUTOMOTOR;SOLTEIRO(A)
M;28;4590,42;253115;AGENTE PUBLICITARIO;SOLTEIRO(A)
M;41;2267,22;414120;CONFERENTE MERC (EXCETO CARGA E DESC;SOLTEIRO(A)
M;31;1588,02;914425;MECANICO DE VEICULOS AUTOMOTOR;SEPARADO(A) JUDICIALMENTE
M;32;3857,50;411010;ASSISTENTE ADMINISTRATIVO;SOLTEIRO(A)
M;24;2224,25;414120;CONFERENTE MERC (EXCETO CARGA E DESC;SOLTEIRO(A)
M;44;2092,99;621005;TRABALHADOR AGROPECUARIO EM GE;SOLTEIRO(A)
M;18;704,72;411005;AUXILIAR DE ESCRITORIO, EM GER;SOLTEIRO(A)
M;25;2824,42;318705;DESENHISTA PROJETISTA DE ELETR;SOLTEIRO(A)
F;35;6778,82;411010;ASSISTENTE ADMINISTRATIVO;CASADO(A)
M;26;1649,90;414105;ALMOXARIFE;SOLTEIRO(A)
M;50;4753,04;913120;MECÂNICO DE MANUTENÇÃO DE MÁQUIN;CASADO(A)
M;27;2997,37;914425;MECANICO DE VEICULOS AUTOMOTOR;SOLTEIRO(A)
M;19;1757,76;411005;AUXILIAR DE ESCRITORIO, EM GER;SOLTEIRO(A)
M;34;4310,25;253405;ANALISTA DE MÍDIAS SOCIAIS;SOLTEIRO(A)
M;34;2643,19;782310;MOTORISTA DE FURGÃO OU VEÍCULO SIMILAR;SEPARADO(A) JUDICIALMENTE
M;40;4901,48;914425;MECANICO DE VEICULOS AUTOMOTOR;CASADO(A)
M;20;1722,33;414105;ALMOXARIFE;SOLTEIRO(A)
F;19;851,97;411005;AUXILIAR DE ESCRITORIO, EM GER;SOLTEIRO(A)
M;41;2700,00;621005;TRABALHADOR AGROPECUARIO EM GE;SOLTEIRO(A)
M;32;3532,98;521105;VENDEDOR EM COMERCIO ATACADIST;CASADO(A)
M;24;2339,91;414120;CONFERENTE MERC (EXCETO CARGA E DESC;SOLTEIRO(A)
M;54;2070,50;517410;PORTEIRO DE EDIFICIOS;SEPARADO(A) JUDICIALMENTE
M;32;2306,18;521105;VENDEDOR EM COMERCIO ATACADIST;CASADO(A)
M;47;6562,37;391145;ANALISTA DE PLANEJAMENTO DE MANUTENCAO;CASADO(A)
M;47;3671,65;252725;ANALISTA DE GESTÃO DE ESTOQUE;SOLTEIRO(A)
F;41;3622,06;351605;TECNICO EM SEGURANCA DO TRABAL;SOLTEIRO(A)
M;42;4317,68;411010;ASSISTENTE ADMINISTRATIVO;OUTROS
M;44;5543,95;313105;ELETROTECNICO;SEPARADO(A) JUDICIALMENTE
M;34;3793,68;914425;MECANICO DE VEICULOS AUTOMOTOR;CASADO(A)
F;24;4619,51;253405;ANALISTA DE MÍDIAS SOCIAIS;SOLTEIRO(A)
M;38;4290,71;913120;MECÂNICO DE MANUTENÇÃO DE MÁQUIN;CASADO(A)
F;34;5958,43;411010;ASSISTENTE ADMINISTRATIVO;SOLTEIRO(A)
F;37;3277,28;521105;VENDEDOR EM COMERCIO ATACADIST;CASADO(A)
M;30;2447,87;414120;CONFERENTE MERC (EXCETO CARGA E DESC;SOLTEIRO(A)
F;43;4310,25;413105;ANALISTA DE FOLHA DE PAGAMENTO;SOLTEIRO(A)
M;24;3733,80;318705;DESENHISTA PROJETISTA DE ELETR;SOLTEIRO(A)
M;28;2374,85;521105;VENDEDOR EM COMERCIO ATACADIST;SOLTEIRO(A)
M;43;16837,89;142320;GERENTE DE VENDAS;CASADO(A)
M;49;4054,41;914425;MECANICO DE VEICULOS AUTOMOTOR;OUTROS
M;37;12063,95;710205;MESTRE (CONSTRUÇÃO CIVIL);CASADO(A)
M;42;5167,61;214405;ENGENHEIRO MECANICO;CASADO(A)
M;45;2349,28;621005;TRABALHADOR AGROPECUARIO EM GE;CASADO(A)
M;32;2255,30;521105;VENDEDOR EM COMERCIO ATACADIST;SOLTEIRO(A)
M;34;3051,33;342115;CONTROLADOR DE SERV DE MAQ E V;CASADO(A)
M;22;1573,96;414105;ALMOXARIFE;SOLTEIRO(A)
M;18;720,42;411005;AUXILIAR DE ESCRITORIO, EM GER;SOLTEIRO(A)
F;27;2444,00;351430;AUXILIAR DE SERVIÇOS JURÍDICOS;SOLTEIRO(A)
M;43;6020,10;914425;MECANICO DE VEICULOS AUTOMOTOR;SOLTEIRO(A)
M;20;2559,12;411010;ASSISTENTE ADMINISTRATIVO;SOLTEIRO(A)
F;32;5829,06;413105;ANALISTA DE FOLHA DE PAGAMENTO;CASADO(A)
M;54;6621,16;214320;ENGENHEIRO ELETRICISTA DE PROJ;OUTROS
M;19;754,32;411005;AUXILIAR DE ESCRITORIO, EM GER;SOLTEIRO(A)
M;43;4175,38;521105;VENDEDOR EM COMERCIO ATACADIST;SOLTEIRO(A)
M;29;2374,84;521105;VENDEDOR EM COMERCIO ATACADIST;CASADO(A)
M;46;4223,96;212405;ANALISTA DE SISTEMA;CASADO(A)
M;23;2037,22;414215;CONFERENTE DE CARGA E DESCARGA;SOLTEIRO(A)
M;37;2146,29;914425;MECANICO DE VEICULOS AUTOMOTOR;OUTROS
M;24;2836,23;313105;ELETROTECNICO;SOLTEIRO(A)
M;21;2788,48;914425;MECANICO DE VEICULOS AUTOMOTOR;SOLTEIRO(A)
M;51;4400,95;313105;ELETROTECNICO;CASADO(A)
F;30;1650,00;411005;AUXILIAR DE ESCRITORIO, EM GER;CASADO(A)
M;22;1650,00;414105;ALMOXARIFE;SOLTEIRO(A)
M;39;2997,37;313105;ELETROTECNICO;SOLTEIRO(A)
F;46;4310,26;413105;ANALISTA DE FOLHA DE PAGAMENTO;OUTROS
M;46;13649,01;214320;ENGENHEIRO ELETRICISTA DE PROJ;CASADO(A)
M;38;5845,50;214305;ENGENHEIRO ELETRICISTA;CASADO(A)
M;36;10629,94;142330;ANALISTA DE NEGOCIOS;SOLTEIRO(A)
M;60;3523,45;520110;SUPERVISOR DE VENDAS COMERCIAL;CASADO(A)
F;47;1659,43;411010;ASSISTENTE ADMINISTRATIVO;CASADO(A)
M;50;860,00;313105;ELETROTECNICO;SOLTEIRO(A)
M;62;2580,15;521105;VENDEDOR EM COMERCIO ATACADIST;CASADO(A)
M;43;971,22;914425;MECANICO DE VEICULOS AUTOMOTOR;SOLTEIRO(A)
M;45;1490,29;521105;VENDEDOR EM COMERCIO ATACADIST;CASADO(A)
M;33;2045,83;914425;MECANICO DE VEICULOS AUTOMOTOR;CASADO(A)
M;43;848,03;782510;MOTORISTA DE CAMINHAO;CASADO(A)
M;39;4958,76;354205;COMPRADOR;SOLTEIRO(A)
M;37;1924,38;252210;CONTADOR;SOLTEIRO(A)
M;67;6146,28;520110;SUPERVISOR DE VENDAS COMERCIAL;CASADO(A)
M;44;1291,02;914425;MECANICO DE VEICULOS AUTOMOTOR;SOLTEIRO(A)
F;38;5593,30;252405;ANALISTA DE RECURSOS HUMANOS;SOLTEIRO(A)
M;57;910,92;411005;AUXILIAR DE ESCRITORIO, EM GER;SEPARADO(A) JUDICIALMENTE
M;62;2321,90;411010;ASSISTENTE ADMINISTRATIVO;SOLTEIRO(A)
M;43;2488,98;914425;MECANICO DE VEICULOS AUTOMOTOR;SOLTEIRO(A)
M;44;2679,55;914425;MECANICO DE VEICULOS AUTOMOTOR;SOLTEIRO(A)
M;46;1602,92;782515;MOTORISTA OPER DE GUINCHO;CASADO(A)
M;59;1533,89;782515;MOTORISTA OPER DE GUINCHO;CASADO(A)
F;37;2456,65;411010;ASSISTENTE ADMINISTRATIVO;SOLTEIRO(A)
M;49;6358,00;142520;GERENTE DE PROJ DE TEC DA INFORMAÇÃO;CASADO(A)
M;32;1286,38;414105;ALMOXARIFE;SOLTEIRO(A)
M;61;5418,24;142705;GERENTE DE PROJETOS E SERVICOS DE MANUTE;OUTROS
F;44;2355,38;252210;CONTADOR;CASADO(A)
M;47;4519,89;520110;SUPERVISOR DE VENDAS COMERCIAL;CASADO(A)
M;55;3508,86;521105;VENDEDOR EM COMERCIO ATACADIST;CASADO(A)
M;41;1760,27;914425;MECANICO DE VEICULOS AUTOMOTOR;SEPARADO(A) JUDICIALMENTE
M;61;2783,61;521105;VENDEDOR EM COMERCIO ATACADIST;OUTROS
M;31;724,00;411005;AUXILIAR DE ESCRITORIO, EM GER;SOLTEIRO(A)
M;39;1010,49;782305;MOTORISTA DE CARRO DE PASSEIO;CASADO(A)
M;51;1758,20;782515;MOTORISTA OPER DE GUINCHO;CASADO(A)
M;35;6784,82;142705;GERENTE DE PROJETOS E SERVICOS DE MANUTE;CASADO(A)
M;46;2633,96;313105;ELETROTECNICO;CASADO(A)
M;62;1752,12;914425;MECANICO DE VEICULOS AUTOMOTOR;CASADO(A)
M;60;1242,05;992120;LAVADOR DE PECAS;CASADO(A)
M;31;1298,03;313105;ELETROTECNICO;SOLTEIRO(A)
F;36;1649,11;411010;ASSISTENTE ADMINISTRATIVO;CASADO(A)
M;34;2217,31;241010;ADVOGADO DE EMPRESA;SOLTEIRO(A)
F;35;865,10;411005;AUXILIAR DE ESCRITORIO, EM GER;CASADO(A)
M;53;2569,80;521105;VENDEDOR EM COMERCIO ATACADIST;CASADO(A)
M;46;4235,06;142705;GERENTE DE PROJETOS E SERVICOS DE MANUTE;CASADO(A)
M;37;2405,98;914425;MECANICO DE VEICULOS AUTOMOTOR;CASADO(A)
M;57;2289,40;914425;MECANICO DE VEICULOS AUTOMOTOR;CASADO(A)
M;48;2127,68;914425;MECANICO DE VEICULOS AUTOMOTOR;SOLTEIRO(A)
F;50;1565,33;411010;ASSISTENTE ADMINISTRATIVO;CASADO(A)
M;39;10614,33;142320;GERENTE DE VENDAS;CASADO(A)
M;48;2003,25;521105;VENDEDOR EM COMERCIO ATACADIST;SOLTEIRO(A)
M;39;1027,17;414105;ALMOXARIFE;SOLTEIRO(A)
M;53;1499,50;521105;VENDEDOR EM COMERCIO ATACADIST;CASADO(A)
F;53;2355,38;411010;ASSISTENTE ADMINISTRATIVO;CASADO(A)
M;32;1704,03;313105;ELETROTECNICO;CASADO(A)
M;41;1577,28;313105;ELETROTECNICO;SOLTEIRO(A)
M;53;5885,00;142320;GERENTE DE VENDAS;SOLTEIRO(A)
F;40;1567,21;411010;ASSISTENTE ADMINISTRATIVO;SOLTEIRO(A)
M;34;2501,67;253115;AGENTE PUBLICITARIO;SOLTEIRO(A)
M;38;2211,52;313105;ELETROTECNICO;SEPARADO(A) JUDICIALMENTE
F;36;900,00;411005;AUXILIAR DE ESCRITORIO, EM GER;CASADO(A)
F;36;1628,11;411010;ASSISTENTE ADMINISTRATIVO;SOLTEIRO(A)
M;38;1686,38;411030;AUXILIAR DE SETOR DE PESSOAL;SOLTEIRO(A)
M;39;1163,81;411005;AUXILIAR DE ESCRITORIO, EM GER;SOLTEIRO(A)
F;36;3631,92;411010;ASSISTENTE ADMINISTRATIVO;CASADO(A)
M;74;2250,00;121010;DIRETOR GERAL DE EMPRESA E ORG;DESQUITADO(A)
F;46;2520,28;521105;VENDEDOR EM COMERCIO ATACADIST;SOLTEIRO(A)
M;38;1851,00;521105;VENDEDOR EM COMERCIO ATACADIST;CASADO(A)
M;36;1863,29;411010;ASSISTENTE ADMINISTRATIVO;SOLTEIRO(A)
M;31;900,00;411005;AUXILIAR DE ESCRITORIO, EM GER;SOLTEIRO(A)
M;34;3083,01;782515;MOTORISTA OPER DE GUINCHO;SOLTEIRO(A)
M;36;5072,17;521105;VENDEDOR EM COMERCIO ATACADIST;SEPARADO(A) JUDICIALMENTE
F;37;8716,83;252210;CONTADOR;SOLTEIRO(A)
M;42;1313,52;992120;LAVADOR DE PECAS;SOLTEIRO(A)
M;55;2970,00;521105;VENDEDOR EM COMERCIO ATACADIST;SEPARADO(A) JUDICIALMENTE
M;54;3365,85;914425;MECANICO DE VEICULOS AUTOMOTOR;CASADO(A)
M;67;2795,17;521105;VENDEDOR EM COMERCIO ATACADIST;OUTROS
M;40;2330,82;212405;ANALISTA DE SISTEMA;SOLTEIRO(A)
F;38;900,00;411005;AUXILIAR DE ESCRITORIO, EM GER;SOLTEIRO(A)
M;54;1869,10;517410;PORTEIRO DE EDIFICIOS;SEPARADO(A) JUDICIALMENTE
M;51;3972,86;313105;ELETROTECNICO;CASADO(A)
F;30;900,00;411005;AUXILIAR DE ESCRITORIO, EM GER;SOLTEIRO(A)
F;35;900,00;411005;AUXILIAR DE ESCRITORIO, EM GER;SOLTEIRO(A)
M;42;2280,39;313105;ELETROTECNICO;CASADO(A)
M;41;4881,52;313105;ELETROTECNICO;CASADO(A)
M;41;17500,00;142305;GERENTE COMERCIAL;CASADO(A)
M;34;1400,00;623110;TRABALHADOR DA PECUARIA (BOVIN;SOLTEIRO(A)
F;37;3520,60;521105;VENDEDOR EM COMERCIO ATACADIST;SOLTEIRO(A)
F;43;3368,82;411010;ASSISTENTE ADMINISTRATIVO;SOLTEIRO(A)
M;31;2719,38;253115;AGENTE PUBLICITARIO;SOLTEIRO(A)
M;65;1176,07;514310;AUXILIAR DE MANUTENCAO PREDIAL;CASADO(A)
M;40;9402,95;520110;SUPERVISOR DE VENDAS COMERCIAL;SOLTEIRO(A)
M;49;4022,92;521105;VENDEDOR EM COMERCIO ATACADIST;CASADO(A)
F;37;2145,42;411010;ASSISTENTE ADMINISTRATIVO;CASADO(A)
M;36;3426,79;914425;MECANICO DE VEICULOS AUTOMOTOR;CASADO(A)
M;38;6825,00;520110;SUPERVISOR DE VENDAS COMERCIAL;CASADO(A)
M;30;1688,75;414215;CONFERENTE DE CARGA E DESCARGA;SOLTEIRO(A)
F;30;1884,05;521105;VENDEDOR EM COMERCIO ATACADIST;SOLTEIRO(A)
F;34;1664,25;411010;ASSISTENTE ADMINISTRATIVO;OUTROS
M;37;2268,60;521105;VENDEDOR EM COMERCIO ATACADIST;SEPARADO(A) JUDICIALMENTE
M;49;19000,00;142605;GERENTE DE PESQUISA E DESENVOL;CASADO(A)
M;44;2813,00;991305;FUNILEIRO DE VEICULOS (REPARAC;OUTROS
M;47;3182,49;521105;VENDEDOR EM COMERCIO ATACADIST;CASADO(A)
M;41;3387,18;521105;VENDEDOR EM COMERCIO ATACADIST;CASADO(A)
M;42;2599,99;521105;VENDEDOR EM COMERCIO ATACADIST;CASADO(A)
M;54;3306,16;782515;MOTORISTA OPER DE GUINCHO;SOLTEIRO(A)
M;24;900,00;411005;AUXILIAR DE ESCRITORIO, EM GER;SOLTEIRO(A)
F;35;3060,84;411010;ASSISTENTE ADMINISTRATIVO;SOLTEIRO(A)
M;29;5378,84;214405;ENGENHEIRO MECANICO;SOLTEIRO(A)
F;29;1711,48;411010;ASSISTENTE ADMINISTRATIVO;SOLTEIRO(A)
F;23;604,83;411005;AUXILIAR DE ESCRITORIO, EM GER;SOLTEIRO(A)
M;35;2273,05;521105;VENDEDOR EM COMERCIO ATACADIST;SOLTEIRO(A)
M;44;1354,61;992120;LAVADOR DE PECAS;SOLTEIRO(A)
M;41;3387,16;521105;VENDEDOR EM COMERCIO ATACADIST;SOLTEIRO(A)
F;23;629,38;411005;AUXILIAR DE ESCRITORIO, EM GER;SOLTEIRO(A)
M;67;3702,21;521105;VENDEDOR EM COMERCIO ATACADIST;CASADO(A)
F;33;1463,43;411005;AUXILIAR DE ESCRITORIO, EM GER;SOLTEIRO(A)
M;33;3431,71;913120;MECÂNICO DE MANUTENÇÃO DE MÁQUIN;SOLTEIRO(A)
M;33;3774,08;910210;SUPERVISOR DA MANUT E REPAR DE;SEPARADO(A) JUDICIALMENTE
M;48;7761,02;410205;SUPERVISOR DE ALMOXARIFADO;CASADO(A)
M;31;1649,90;414105;ALMOXARIFE;SOLTEIRO(A)
M;41;4185,12;313105;ELETROTECNICO;SOLTEIRO(A)
M;28;2139,94;414105;ALMOXARIFE;CASADO(A)
F;44;2099,22;521105;VENDEDOR EM COMERCIO ATACADIST;SOLTEIRO(A)
F;53;3749,95;252305;SECRETARIA(O) EXECUTIVA(O);CASADO(A)
M;37;2734,81;521105;VENDEDOR EM COMERCIO ATACADIST;CASADO(A)
M;24;1800,69;411005;AUXILIAR DE ESCRITORIO, EM GER;SOLTEIRO(A)
M;34;4063,60;252725;ANALISTA DE GESTÃO DE ESTOQUE;CASADO(A)
M;32;8716,83;910205;SUPERVISOR DA MANUTENÇÃO E REPARAÇ;SOLTEIRO(A)
M;34;5092,18;313105;ELETROTECNICO;CASADO(A)
F;22;634,08;411005;AUXILIAR DE ESCRITORIO, EM GER;SOLTEIRO(A)
M;31;2139,93;414105;ALMOXARIFE;SOLTEIRO(A)
M;40;2501,28;414105;ALMOXARIFE;SOLTEIRO(A)
F;53;3060,83;411010;ASSISTENTE ADMINISTRATIVO;OUTROS
M;37;1542,24;414105;ALMOXARIFE;SOLTEIRO(A)
F;32;3881,96;411010;ASSISTENTE ADMINISTRATIVO;SOLTEIRO(A)
M;43;2872,19;914425;MECANICO DE VEICULOS AUTOMOTOR;SOLTEIRO(A)
M;32;2824,42;414120;CONFERENTE MERC (EXCETO CARGA E DESC;SOLTEIRO(A)
M;45;3147,47;914425;MECANICO DE VEICULOS AUTOMOTOR;CASADO(A)
M;36;3369,83;521105;VENDEDOR EM COMERCIO ATACADIST;CASADO(A)
F;21;658,72;411005;AUXILIAR DE ESCRITORIO, EM GER;SOLTEIRO(A)
M;55;1750,00;621005;TRABALHADOR AGROPECUARIO EM GE;CASADO(A)
M;35;3449,49;313105;ELETROTECNICO;SOLTEIRO(A)
M;42;6334,78;354205;COMPRADOR;CASADO(A)
M;31;1525,14;914425;MECANICO DE VEICULOS AUTOMOTOR;SOLTEIRO(A)
M;41;4022,91;521105;VENDEDOR EM COMERCIO ATACADIST;SOLTEIRO(A)
M;35;2372,40;411010;ASSISTENTE ADMINISTRATIVO;CASADO(A)
F;31;3326,28;411010;ASSISTENTE ADMINISTRATIVO;CASADO(A)
M;30;2681,32;318705;DESENHISTA PROJETISTA DE ELETR;SOLTEIRO(A)
M;37;6840,49;262410;DESENHISTA INDUSTRIAL GRÁFICO (DESIGNER ;SOLTEIRO(A)
F;37;3754,73;411010;ASSISTENTE ADMINISTRATIVO;SOLTEIRO(A)
M;43;1400,00;621005;TRABALHADOR AGROPECUARIO EM GE;CASADO(A)
F;40;2421,20;411010;ASSISTENTE ADMINISTRATIVO;SOLTEIRO(A)
F;20;714,02;411005;AUXILIAR DE ESCRITORIO, EM GER;SOLTEIRO(A)
M;29;1979,52;414120;CONFERENTE MERC (EXCETO CARGA E DESC;SOLTEIRO(A)
M;30;4435,57;300305;TÉCNICO EM ELETROMECÂNICA;SOLTEIRO(A)
M;21;704,72;411005;AUXILIAR DE ESCRITORIO, EM GER;SOLTEIRO(A)
M;35;3520,60;521105;VENDEDOR EM COMERCIO ATACADIST;CASADO(A)
M;51;11100,84;910205;SUPERVISOR DA MANUTENÇÃO E REPARAÇ;CASADO(A)
F;30;2521,16;411010;ASSISTENTE ADMINISTRATIVO;SOLTEIRO(A)
M;27;2034,50;414215;CONFERENTE DE CARGA E DESCARGA;SOLTEIRO(A)
M;27;2139,94;414105;ALMOXARIFE;SOLTEIRO(A)
M;39;1960,00;621005;TRABALHADOR AGROPECUARIO EM GE;SOLTEIRO(A)
F;23;1674,47;411005;AUXILIAR DE ESCRITORIO, EM GER;SOLTEIRO(A)
M;31;1859,45;914425;MECANICO DE VEICULOS AUTOMOTOR;SEPARADO(A) JUDICIALMENTE
M;42;9687,60;520110;SUPERVISOR DE VENDAS COMERCIAL;CASADO(A)
M;34;1362,29;414105;ALMOXARIFE;SOLTEIRO(A)
M;42;2224,25;414120;CONFERENTE MERC (EXCETO CARGA E DESC;SEPARADO(A) JUDICIALMENTE
M;19;683,40;411005;AUXILIAR DE ESCRITORIO, EM GER;SOLTEIRO(A)
F;34;5378,84;411010;ASSISTENTE ADMINISTRATIVO;SOLTEIRO(A)
F;34;900,00;411005;AUXILIAR DE ESCRITORIO, EM GER;SOLTEIRO(A)
M;21;2025,56;413110;AUXILIAR DE CONTABILIDADE;SOLTEIRO(A)
F;48;5378,84;252305;SECRETARIA(O) EXECUTIVA(O);SOLTEIRO(A)
M;52;6189,46;725105;MONTADOR DE MÁQUINAS, MOTORES E AC;CASADO(A)
M;28;3008,91;521105;VENDEDOR EM COMERCIO ATACADIST;SOLTEIRO(A)
M;28;3857,49;411010;ASSISTENTE ADMINISTRATIVO;SOLTEIRO(A)
M;21;3185,56;621005;TRABALHADOR AGROPECUARIO EM GE;SOLTEIRO(A)
M;20;1914,00;414120;CONFERENTE MERC (EXCETO CARGA E DESC;SOLTEIRO(A)
M;31;1826,92;411005;AUXILIAR DE ESCRITORIO, EM GER;CASADO(A)
M;40;3400,21;354205;COMPRADOR;SOLTEIRO(A)
F;38;4590,41;253115;AGENTE PUBLICITARIO;SOLTEIRO(A)
M;23;2857,31;411010;ASSISTENTE ADMINISTRATIVO;SOLTEIRO(A)
M;32;2971,28;414120;CONFERENTE MERC (EXCETO CARGA E DESC;SOLTEIRO(A)
M;41;3703,70;521105;VENDEDOR EM COMERCIO ATACADIST;CASADO(A)
M;28;3486,85;414105;ALMOXARIFE;SOLTEIRO(A)
M;22;1813,61;414105;ALMOXARIFE;SOLTEIRO(A)
M;57;3205,70;300305;TÉCNICO EM ELETROMECÂNICA;SEPARADO(A) JUDICIALMENTE
M;42;1731,51;313105;ELETROTECNICO;SOLTEIRO(A)
M;32;3878,31;318705;DESENHISTA PROJETISTA DE ELETR;SOLTEIRO(A)
M;22;1847,99;913120;MECÂNICO DE MANUTENÇÃO DE MÁQUIN;SOLTEIRO(A)
M;28;2150,00;318705;DESENHISTA PROJETISTA DE ELETR;SOLTEIRO(A)
M;30;1914,00;414105;ALMOXARIFE;SOLTEIRO(A)
M;27;2447,86;414120;CONFERENTE MERC (EXCETO CARGA E DESC;SOLTEIRO(A)
M;44;4424,95;914425;MECANICO DE VEICULOS AUTOMOTOR;SOLTEIRO(A)
F;19;720,42;411005;AUXILIAR DE ESCRITORIO, EM GER;SOLTEIRO(A)
F;43;9841,19;410205;SUPERVISOR DE ALMOXARIFADO;CASADO(A)
M;28;1960,00;621005;TRABALHADOR AGROPECUARIO EM GE;CASADO(A)
F;31;3744,64;214405;ENGENHEIRO MECANICO;SOLTEIRO(A)
M;41;3128,76;411010;ASSISTENTE ADMINISTRATIVO;SOLTEIRO(A)
M;34;3369,99;313105;ELETROTECNICO;SOLTEIRO(A)
M;48;3252,45;914425;MECANICO DE VEICULOS AUTOMOTOR;SOLTEIRO(A)
M;27;1966,31;414105;ALMOXARIFE;CASADO(A)
M;16;851,97;414140;AUXILIAR DE LOGISTICA;SOLTEIRO(A)
M;24;2660,61;411010;ASSISTENTE ADMINISTRATIVO;SOLTEIRO(A)
M;19;1746,68;411005;AUXILIAR DE ESCRITORIO, EM GER;SOLTEIRO(A)
M;40;5161,28;914425;MECANICO DE VEICULOS AUTOMOTOR;SOLTEIRO(A)
M;31;3245,21;913120;MECÂNICO DE MANUTENÇÃO DE MÁQUIN;SOLTEIRO(A)
M;42;3051,67;521105;VENDEDOR EM COMERCIO ATACADIST;CASADO(A)
M;43;12109,50;142705;GERENTE DE PROJETOS E SERVICOS DE MANUTE;CASADO(A)
M;21;1611,77;414105;ALMOXARIFE;SOLTEIRO(A)
M;22;1886,12;413110;AUXILIAR DE CONTABILIDADE;CASADO(A)
M;17;787,39;411005;AUXILIAR DE ESCRITORIO, EM GER;SOLTEIRO(A)
M;39;8044,10;142125;ANALISTA DE COMPLIANCE;CASADO(A)
M;34;1800,81;914425;MECANICO DE VEICULOS AUTOMOTOR;SOLTEIRO(A)
M;35;2346,21;414120;CONFERENTE MERC (EXCETO CARGA E DESC;CASADO(A)
F;24;2073,38;411010;ASSISTENTE ADMINISTRATIVO;SOLTEIRO(A)
M;40;5948,16;354205;COMPRADOR;CASADO(A)
M;27;2232,06;411010;ASSISTENTE ADMINISTRATIVO;SOLTEIRO(A)
M;34;3627,00;621005;TRABALHADOR AGROPECUARIO EM GE;SOLTEIRO(A)
M;50;5958,45;910210;SUPERVISOR DA MANUT E REPAR DE;SOLTEIRO(A)
M;18;809,09;411005;AUXILIAR DE ESCRITORIO, EM GER;SOLTEIRO(A)
M;40;2845,11;914425;MECANICO DE VEICULOS AUTOMOTOR;CASADO(A)
F;35;7509,26;411010;ASSISTENTE ADMINISTRATIVO;CASADO(A)
M;26;3875,12;913120;MECÂNICO DE MANUTENÇÃO DE MÁQUIN;SOLTEIRO(A)
M;26;1677,07;914425;MECANICO DE VEICULOS AUTOMOTOR;SOLTEIRO(A)
M;37;3703,68;521105;VENDEDOR EM COMERCIO ATACADIST;CASADO(A)
F;43;12900,00;142410;GERENTE DE SUPRIMENTOS;CASADO(A)
M;26;1573,96;414105;ALMOXARIFE;SOLTEIRO(A)
M;36;3128,75;414120;CONFERENTE MERC (EXCETO CARGA E DESC;CASADO(A)
M;37;5717,11;914425;MECANICO DE VEICULOS AUTOMOTOR;CASADO(A)
M;36;2186,00;313105;ELETROTECNICO;SEPARADO(A) JUDICIALMENTE
M;22;2857,31;411010;ASSISTENTE ADMINISTRATIVO;SOLTEIRO(A)
M;23;2660,61;411010;ASSISTENTE ADMINISTRATIVO;CASADO(A)
M;20;1762,40;411010;ASSISTENTE ADMINISTRATIVO;SOLTEIRO(A)
M;19;725,39;411005;AUXILIAR DE ESCRITORIO, EM GER;SOLTEIRO(A)
M;32;1240,92;914425;MECANICO DE VEICULOS AUTOMOTOR;SOLTEIRO(A)
M;39;2005,12;521105;VENDEDOR EM COMERCIO ATACADIST;CASADO(A)
M;34;2715,98;313105;ELETROTECNICO;CASADO(A)
M;47;2222,30;914425;MECANICO DE VEICULOS AUTOMOTOR;CASADO(A)
M;47;1228,49;313105;ELETROTECNICO;SOLTEIRO(A)
M;55;2904,94;521105;VENDEDOR EM COMERCIO ATACADIST;CASADO(A)
M;44;1158,96;313105;ELETROTECNICO;CASADO(A)
M;58;2017,11;252105;ADMINISTRADOR;CASADO(A)
M;48;1158,96;313105;ELETROTECNICO;SOLTEIRO(A)
M;34;860,00;313105;ELETROTECNICO;SOLTEIRO(A)
M;44;981,81;782510;MOTORISTA DE CAMINHAO;CASADO(A)
M;34;900,00;411005;AUXILIAR DE ESCRITORIO, EM GER;SOLTEIRO(A)
M;49;1461,68;521105;VENDEDOR EM COMERCIO ATACADIST;CASADO(A)
M;48;1110,93;914425;MECANICO DE VEICULOS AUTOMOTOR;SOLTEIRO(A)
F;38;1480,98;521105;VENDEDOR EM COMERCIO ATACADIST;CASADO(A)
M;51;1630,30;142705;GERENTE DE PROJETOS E SERVICOS DE MANUTE;CASADO(A)
M;40;4290,70;313105;ELETROTECNICO;SOLTEIRO(A)
M;35;5362,07;212420;ANALISTA DE SUPORTE COMPUTACIO;SOLTEIRO(A)
M;40;2743,47;914425;MECANICO DE VEICULOS AUTOMOTOR;CASADO(A)
M;59;4260,62;410225;SUPERVISOR DE CREDITO E COBRAN;CASADO(A)
M;61;1708,48;520110;SUPERVISOR DE VENDAS COMERCIAL;CASADO(A)
F;46;1908,86;521105;VENDEDOR EM COMERCIO ATACADIST;CASADO(A)
M;48;4659,21;914425;MECANICO DE VEICULOS AUTOMOTOR;CASADO(A)
M;54;1436,06;313105;ELETROTECNICO;CASADO(A)
M;57;9419,76;142305;GERENTE COMERCIAL;CASADO(A)
M;40;3584,31;351605;TECNICO EM SEGURANCA DO TRABAL;CASADO(A)
F;34;920,00;422105;RECEPCIONISTA, EM GERAL;SOLTEIRO(A)
M;56;1602,92;782515;MOTORISTA OPER DE GUINCHO;CASADO(A)
M;41;1924,38;252210;CONTADOR;SOLTEIRO(A)
M;53;1696,87;782305;MOTORISTA DE CARRO DE PASSEIO;CASADO(A)
M;64;1924,68;520110;SUPERVISOR DE VENDAS COMERCIAL;SOLTEIRO(A)
M;45;1929,97;342115;CONTROLADOR DE SERV DE MAQ E V;CASADO(A)
F;60;1869,10;514310;AUXILIAR DE MANUTENCAO PREDIAL;CASADO(A)
F;43;4360,48;212405;ANALISTA DE SISTEMA;CASADO(A)
M;53;10324,79;122405;DIRETOR DE OPERACOES COMERCIAI;CASADO(A)
M;63;800,00;621005;TRABALHADOR AGROPECUARIO EM GE;CASADO(A)
M;32;871,37;514310;AUXILIAR DE MANUTENCAO PREDIAL;SOLTEIRO(A)
F;29;424,00;411005;AUXILIAR DE ESCRITORIO, EM GER;SOLTEIRO(A)
F;45;1649,90;411010;ASSISTENTE ADMINISTRATIVO;SOLTEIRO(A)
F;37;900,00;411005;AUXILIAR DE ESCRITORIO, EM GER;SOLTEIRO(A)
M;47;2166,89;914425;MECANICO DE VEICULOS AUTOMOTOR;CASADO(A)
M;38;1391,97;411010;ASSISTENTE ADMINISTRATIVO;SOLTEIRO(A)
M;33;1621,20;411010;ASSISTENTE ADMINISTRATIVO;SOLTEIRO(A)
M;49;7174,77;142305;GERENTE COMERCIAL;CASADO(A)
M;74;1721,26;411010;ASSISTENTE ADMINISTRATIVO;DESQUITADO(A)
M;68;901,00;623110;TRABALHADOR DA PECUARIA (BOVIN;CASADO(A)
M;44;2630,00;623110;TRABALHADOR DA PECUARIA (BOVIN;OUTROS
M;39;1016,55;414105;ALMOXARIFE;SOLTEIRO(A)
F;52;6612,95;142115;GERENTE FINANCEIRO;CASADO(A)
M;55;2858,50;410105;SUPERVISOR ADMINISTRATIVO;OUTROS
M;47;1596,56;521105;VENDEDOR EM COMERCIO ATACADIST;CASADO(A)
M;27;370,12;411005;AUXILIAR DE ESCRITORIO, EM GER;SOLTEIRO(A)
M;45;1603,42;991305;FUNILEIRO DE VEICULOS (REPARAC;SOLTEIRO(A)
M;55;2258,83;252210;CONTADOR;CASADO(A)
M;78;4651,17;142305;GERENTE COMERCIAL;CASADO(A)
M;34;1435,11;411010;ASSISTENTE ADMINISTRATIVO;SOLTEIRO(A)
M;30;1204,48;411005;AUXILIAR DE ESCRITORIO, EM GER;SOLTEIRO(A)
M;39;2571,33;342115;CONTROLADOR DE SERV DE MAQ E V;SOLTEIRO(A)
M;32;750,00;0;SEM CBO;SOLTEIRO(A)
M;58;900,00;621005;TRABALHADOR AGROPECUARIO EM GE;SOLTEIRO(A)
M;34;1034,85;313105;ELETROTECNICO;SOLTEIRO(A)
M;33;1971,49;914425;MECANICO DE VEICULOS AUTOMOTOR;SOLTEIRO(A)
M;37;4777,70;142330;ANALISTA DE NEGOCIOS;SOLTEIRO(A)
F;53;2830,28;521105;VENDEDOR EM COMERCIO ATACADIST;SOLTEIRO(A)
M;38;2422,40;521105;VENDEDOR EM COMERCIO ATACADIST;SOLTEIRO(A)
F;53;1395,00;411010;ASSISTENTE ADMINISTRATIVO;SOLTEIRO(A)
F;43;2062,93;411010;ASSISTENTE ADMINISTRATIVO;SOLTEIRO(A)
F;37;3148,54;391210;TECNICO DE GARANTIA DA QUALIDA;CASADO(A)
M;47;1120,00;621005;TRABALHADOR AGROPECUARIO EM GE;SOLTEIRO(A)
M;73;7706,77;142320;GERENTE DE VENDAS;OUTROS
M;52;11721,04;142605;GERENTE DE PESQUISA E DESENVOL;CASADO(A)
M;27;448,46;411005;AUXILIAR DE ESCRITORIO, EM GER;SOLTEIRO(A)
F;36;1418,29;411010;ASSISTENTE ADMINISTRATIVO;CASADO(A)
M;49;1777,34;914425;MECANICO DE VEICULOS AUTOMOTOR;SOLTEIRO(A)
M;45;1466,61;521105;VENDEDOR EM COMERCIO ATACADIST;SOLTEIRO(A)
F;36;1729,83;411010;ASSISTENTE ADMINISTRATIVO;CASADO(A)
M;28;440,19;411005;AUXILIAR DE ESCRITORIO, EM GER;SOLTEIRO(A)
M;34;901,00;623110;TRABALHADOR DA PECUARIA (BOVIN;SOLTEIRO(A)
M;48;950,00;715145;OPERADOR DE TRATOR DE LAMINA;OUTROS
M;44;1894,36;914425;MECANICO DE VEICULOS AUTOMOTOR;SOLTEIRO(A)
M;29;1398,53;414105;ALMOXARIFE;SOLTEIRO(A)
M;39;1360,67;411010;ASSISTENTE ADMINISTRATIVO;SOLTEIRO(A)
M;41;1531,39;313105;ELETROTECNICO;SOLTEIRO(A)
M;35;1360,49;521105;VENDEDOR EM COMERCIO ATACADIST;SOLTEIRO(A)
M;49;5141,18;521105;VENDEDOR EM COMERCIO ATACADIST;SEPARADO(A) JUDICIALMENTE
F;29;2603,83;411010;ASSISTENTE ADMINISTRATIVO;CASADO(A)
F;38;1576,05;411010;ASSISTENTE ADMINISTRATIVO;SOLTEIRO(A)
M;34;4262,11;241010;ADVOGADO DE EMPRESA;CASADO(A)
M;50;5378,85;910210;SUPERVISOR DA MANUT E REPAR DE;SOLTEIRO(A)
F;27;1542,23;422105;RECEPCIONISTA, EM GERAL;SOLTEIRO(A)
F;44;6495,36;252210;CONTADOR;CASADO(A)
M;69;2471,85;521105;VENDEDOR EM COMERCIO ATACADIST;CASADO(A)
M;38;5381,54;913120;MECÂNICO DE MANUTENÇÃO DE MÁQUIN;SEPARADO(A) JUDICIALMENTE
F;31;900,00;411005;AUXILIAR DE ESCRITORIO, EM GER;SOLTEIRO(A)
M;36;7422,79;142330;ANALISTA DE NEGOCIOS;CASADO(A)
M;39;2987,92;252725;ANALISTA DE GESTÃO DE ESTOQUE;SOLTEIRO(A)
F;43;1430,71;411010;ASSISTENTE ADMINISTRATIVO;SOLTEIRO(A)
M;39;3314,50;252725;ANALISTA DE GESTÃO DE ESTOQUE;SOLTEIRO(A)
M;50;2107,47;914425;MECANICO DE VEICULOS AUTOMOTOR;CASADO(A)
M;46;7069,21;410240;SUPERVISOR DE LOGÍSTICA;SOLTEIRO(A)
M;25;498,04;411005;AUXILIAR DE ESCRITORIO, EM GER;SOLTEIRO(A)
F;37;3227,47;411010;ASSISTENTE ADMINISTRATIVO;SOLTEIRO(A)
M;46;3217,14;142705;GERENTE DE PROJETOS E SERVICOS DE MANUTE;CASADO(A)
M;44;5913,42;914425;MECANICO DE VEICULOS AUTOMOTOR;CASADO(A)
F;33;2364,27;411010;ASSISTENTE ADMINISTRATIVO;OUTROS
M;40;2844,52;521105;VENDEDOR EM COMERCIO ATACADIST;CASADO(A)
M;35;2422,39;521105;VENDEDOR EM COMERCIO ATACADIST;SOLTEIRO(A)
F;31;2306,12;413105;ANALISTA DE FOLHA DE PAGAMENTO;SEPARADO(A) JUDICIALMENTE
F;44;2715,96;411010;ASSISTENTE ADMINISTRATIVO;SEPARADO(A) JUDICIALMENTE
M;29;1164,59;992120;LAVADOR DE PECAS;SOLTEIRO(A)
M;33;1365,94;414105;ALMOXARIFE;SOLTEIRO(A)
M;48;3927,97;521105;VENDEDOR EM COMERCIO ATACADIST;CASADO(A)
M;31;6521,86;142330;ANALISTA DE NEGOCIOS;CASADO(A)
M;29;1760,94;212405;ANALISTA DE SISTEMA;CASADO(A)
M;39;1621,00;121010;DIRETOR GERAL DE EMPRESA E ORG;SOLTEIRO(A)
M;32;1685,87;914425;MECANICO DE VEICULOS AUTOMOTOR;SOLTEIRO(A)
M;37;3406,10;313105;ELETROTECNICO;CASADO(A)
M;41;2214,24;782220;OPERADOR DE EMPILHADEIRA;SOLTEIRO(A)
F;27;1090,75;411005;AUXILIAR DE ESCRITORIO, EM GER;SOLTEIRO(A)
M;45;3691,27;914425;MECANICO DE VEICULOS AUTOMOTOR;SOLTEIRO(A)
M;48;4869,03;914425;MECANICO DE VEICULOS AUTOMOTOR;SOLTEIRO(A)
F;23;900,00;411005;AUXILIAR DE ESCRITORIO, EM GER;SOLTEIRO(A)
M;40;1954,54;414105;ALMOXARIFE;SOLTEIRO(A)
F;40;2099,47;411010;ASSISTENTE ADMINISTRATIVO;CASADO(A)
F;35;3857,48;252210;CONTADOR;CASADO(A)
M;41;1685,21;914425;MECANICO DE VEICULOS AUTOMOTOR;CASADO(A)
M;50;2660,94;914425;MECANICO DE VEICULOS AUTOMOTOR;CASADO(A)
M;38;4914,34;212405;ANALISTA DE SISTEMA;CASADO(A)
M;43;1799,24;521105;VENDEDOR EM COMERCIO ATACADIST;SEPARADO(A) JUDICIALMENTE
M;49;5888,06;142705;GERENTE DE PROJETOS E SERVICOS DE MANUTE;SOLTEIRO(A)
M;32;3678,59;913120;MECÂNICO DE MANUTENÇÃO DE MÁQUIN;SOLTEIRO(A)
M;26;1992,06;521105;VENDEDOR EM COMERCIO ATACADIST;SOLTEIRO(A)
F;36;1892,84;411010;ASSISTENTE ADMINISTRATIVO;CASADO(A)
M;36;1983,64;914425;MECANICO DE VEICULOS AUTOMOTOR;CASADO(A)
F;46;1955,82;521105;VENDEDOR EM COMERCIO ATACADIST;CASADO(A)
M;43;3157,20;914425;MECANICO DE VEICULOS AUTOMOTOR;CASADO(A)
M;48;2139,94;514120;ZELADOR DE EDIFÍCIO;OUTROS
M;40;2422,39;521105;VENDEDOR EM COMERCIO ATACADIST;OUTROS
F;35;1324,81;411005;AUXILIAR DE ESCRITORIO, EM GER;CASADO(A)
M;22;658,72;411005;AUXILIAR DE ESCRITORIO, EM GER;SOLTEIRO(A)
F;21;611,54;411005;AUXILIAR DE ESCRITORIO, EM GER;SOLTEIRO(A)
M;42;4216,78;354205;COMPRADOR;CASADO(A)
M;24;900,00;0;SEM CBO;SOLTEIRO(A)
M;41;1542,24;414105;ALMOXARIFE;CASADO(A)
F;24;553,94;411005;AUXILIAR DE ESCRITORIO, EM GER;SOLTEIRO(A)
M;66;2291,06;521105;VENDEDOR EM COMERCIO ATACADIST;CASADO(A)
M;45;3171,46;521105;VENDEDOR EM COMERCIO ATACADIST;CASADO(A)
F;32;2347,59;411010;ASSISTENTE ADMINISTRATIVO;SOLTEIRO(A)
M;28;2377,93;414105;ALMOXARIFE;CASADO(A)
M;34;1717,71;914425;MECANICO DE VEICULOS AUTOMOTOR;SOLTEIRO(A)
M;37;4082,72;521105;VENDEDOR EM COMERCIO ATACADIST;OUTROS
M;33;3119,56;914425;MECANICO DE VEICULOS AUTOMOTOR;SOLTEIRO(A)
M;43;1260,00;621005;TRABALHADOR AGROPECUARIO EM GE;SOLTEIRO(A)
M;27;2037,93;414105;ALMOXARIFE;SOLTEIRO(A)
M;39;2917,62;521105;VENDEDOR EM COMERCIO ATACADIST;SOLTEIRO(A)
F;31;1907,12;411010;ASSISTENTE ADMINISTRATIVO;CASADO(A)
M;38;8095,13;214320;ENGENHEIRO ELETRICISTA DE PROJ;CASADO(A)
M;51;1860,82;414105;ALMOXARIFE;CASADO(A)
M;44;7854,96;252205;AUDITOR (CONTADORES E AFINS);CASADO(A)
F;30;2624,68;411030;AUXILIAR DE SETOR DE PESSOAL;SOLTEIRO(A)
M;47;5147,06;391145;ANALISTA DE PLANEJAMENTO DE MANUTENCAO;CASADO(A)
M;33;9867,69;410105;SUPERVISOR ADMINISTRATIVO;CASADO(A)
M;41;3484,85;521105;VENDEDOR EM COMERCIO ATACADIST;CASADO(A)
M;44;2559,80;521105;VENDEDOR EM COMERCIO ATACADIST;CASADO(A)
M;21;692,32;411005;AUXILIAR DE ESCRITORIO, EM GER;SOLTEIRO(A)
M;45;3500,00;141115;GERENTE DE PROD E OP AGROPECUA;SOLTEIRO(A)
M;32;6883,87;391145;ANALISTA DE PLANEJAMENTO DE MANUTENCAO;CASADO(A)
F;37;1362,29;414105;ALMOXARIFE;SOLTEIRO(A)
M;32;3108,36;391145;ANALISTA DE PLANEJAMENTO DE MANUTENCAO;SOLTEIRO(A)
M;35;5004,67;913120;MECÂNICO DE MANUTENÇÃO DE MÁQUIN;CASADO(A)
M;46;15014,37;142705;GERENTE DE PROJETOS E SERVICOS DE MANUTE;CASADO(A)
M;21;3080,25;212405;ANALISTA DE SISTEMA;SOLTEIRO(A)
M;50;3044,04;914425;MECANICO DE VEICULOS AUTOMOTOR;CASADO(A)
F;27;1591,09;411005;AUXILIAR DE ESCRITORIO, EM GER;SEPARADO(A) JUDICIALMENTE
M;48;12754,68;142305;GERENTE COMERCIAL;CASADO(A)
M;40;3265,41;914425;MECANICO DE VEICULOS AUTOMOTOR;SOLTEIRO(A)
M;31;3559,55;214320;ENGENHEIRO ELETRICISTA DE PROJ;SOLTEIRO(A)
M;33;4912,18;910210;SUPERVISOR DA MANUT E REPAR DE;OUTROS
M;31;4590,42;411010;ASSISTENTE ADMINISTRATIVO;SOLTEIRO(A)
M;41;3520,61;521105;VENDEDOR EM COMERCIO ATACADIST;CASADO(A)
M;47;6059,23;914425;MECANICO DE VEICULOS AUTOMOTOR;CASADO(A)
M;27;2823,64;414120;CONFERENTE MERC (EXCETO CARGA E DESC;SOLTEIRO(A)
F;32;3424,62;411010;ASSISTENTE ADMINISTRATIVO;SOLTEIRO(A)
M;52;9500,00;520110;SUPERVISOR DE VENDAS COMERCIAL;CASADO(A)
M;33;3465,00;521105;VENDEDOR EM COMERCIO ATACADIST;CASADO(A)
F;21;2232,06;411010;ASSISTENTE ADMINISTRATIVO;SOLTEIRO(A)
M;33;3320,21;914425;MECANICO DE VEICULOS AUTOMOTOR;SOLTEIRO(A)
M;48;1750,00;621005;TRABALHADOR AGROPECUARIO EM GE;SOLTEIRO(A)
M;48;21000,00;123305;DIRETOR COMERCIAL;CASADO(A)
M;59;8044,10;410225;SUPERVISOR DE CREDITO E COBRAN;CASADO(A)
F;22;751,22;411005;AUXILIAR DE ESCRITORIO, EM GER;SOLTEIRO(A)
M;22;1563,42;914425;MECANICO DE VEICULOS AUTOMOTOR;SOLTEIRO(A)
M;24;2696,04;313105;ELETROTECNICO;SOLTEIRO(A)
F;42;2025,57;411010;ASSISTENTE ADMINISTRATIVO;CASADO(A)
M;32;1821,60;414105;ALMOXARIFE;SOLTEIRO(A)
M;28;1897,44;914425;MECANICO DE VEICULOS AUTOMOTOR;SOLTEIRO(A)
M;33;2377,93;782220;OPERADOR DE EMPILHADEIRA;SOLTEIRO(A)
M;29;2139,94;414105;ALMOXARIFE;CASADO(A)
M;33;3622,06;411010;ASSISTENTE ADMINISTRATIVO;CASADO(A)
M;32;2744,35;521105;VENDEDOR EM COMERCIO ATACADIST;CASADO(A)
M;23;2440,11;914425;MECANICO DE VEICULOS AUTOMOTOR;SOLTEIRO(A)
F;39;3255,55;521105;VENDEDOR EM COMERCIO ATACADIST;SOLTEIRO(A)
M;51;11171,28;141605;GERENTE DE OPERACOES DE TRANSP;CASADO(A)
M;39;1667,42;913120;MECÂNICO DE MANUTENÇÃO DE MÁQUIN;SOLTEIRO(A)
F;18;800,04;411005;AUXILIAR DE ESCRITORIO, EM GER;SOLTEIRO(A)
M;31;3818,04;914425;MECANICO DE VEICULOS AUTOMOTOR;SOLTEIRO(A)
M;21;3400,21;414105;ALMOXARIFE;SOLTEIRO(A)
M;59;4522,66;521105;VENDEDOR EM COMERCIO ATACADIST;CASADO(A)
M;24;1826,33;411010;ASSISTENTE ADMINISTRATIVO;SOLTEIRO(A)
M;26;2346,20;414120;CONFERENTE MERC (EXCETO CARGA E DESC;SOLTEIRO(A)
M;22;2046,68;414120;CONFERENTE MERC (EXCETO CARGA E DESC;SOLTEIRO(A)
M;32;2212,69;414120;CONFERENTE MERC (EXCETO CARGA E DESC;SOLTEIRO(A)
F;22;2153,10;411010;ASSISTENTE ADMINISTRATIVO;SOLTEIRO(A)
M;40;2709,64;914425;MECANICO DE VEICULOS AUTOMOTOR;SOLTEIRO(A)
F;18;1746,68;411005;AUXILIAR DE ESCRITORIO, EM GER;SOLTEIRO(A)
M;55;3400,21;342115;CONTROLADOR DE SERV DE MAQ E V;CASADO(A)
M;46;15119,76;214320;ENGENHEIRO ELETRICISTA DE PROJ;CASADO(A)
M;22;1960,61;784205;AUXILIAR DE LINHA DE PRODUCAO;SOLTEIRO(A)
M;20;1813,61;414105;ALMOXARIFE;SOLTEIRO(A)
M;25;1960,61;784205;AUXILIAR DE LINHA DE PRODUCAO;CASADO(A)
F;19;774,99;411005;AUXILIAR DE ESCRITORIO, EM GER;SOLTEIRO(A)
M;32;2690,62;914425;MECANICO DE VEICULOS AUTOMOTOR;SOLTEIRO(A)
M;36;3865,75;521105;VENDEDOR EM COMERCIO ATACADIST;CASADO(A)
M;22;1684,53;414105;ALMOXARIFE;SOLTEIRO(A)
M;29;6475,37;214405;ENGENHEIRO MECANICO;SOLTEIRO(A)
M;37;3520,61;521105;VENDEDOR EM COMERCIO ATACADIST;CASADO(A)
M;41;5323,24;413105;ANALISTA DE FOLHA DE PAGAMENTO;SOLTEIRO(A)
M;28;1802,05;914425;MECANICO DE VEICULOS AUTOMOTOR;CASADO(A)
M;31;2599,62;914425;MECANICO DE VEICULOS AUTOMOTOR;SOLTEIRO(A)
M;33;5167,61;910210;SUPERVISOR DA MANUT E REPAR DE;OUTROS
M;27;2899,03;914425;MECANICO DE VEICULOS AUTOMOTOR;SEPARADO(A) JUDICIALMENTE
M;25;2175,96;414215;CONFERENTE DE CARGA E DESCARGA;SOLTEIRO(A)
F;38;2795,29;411010;ASSISTENTE ADMINISTRATIVO;OUTROS
M;36;8222,63;142330;ANALISTA DE NEGOCIOS;CASADO(A)
M;61;2682,78;521105;VENDEDOR EM COMERCIO ATACADIST;SEPARADO(A) JUDICIALMENTE
M;50;2754,01;521105;VENDEDOR EM COMERCIO ATACADIST;CASADO(A)
M;26;2857,31;351605;TECNICO EM SEGURANCA DO TRABAL;CASADO(A)
M;20;1650,00;414105;ALMOXARIFE;SOLTEIRO(A)
M;23;2294,11;414120;CONFERENTE MERC (EXCETO CARGA E DESC;SEPARADO(A) JUDICIALMENTE
M;32;3107,43;214405;ENGENHEIRO MECANICO;SOLTEIRO(A)
F;36;3407,99;521105;VENDEDOR EM COMERCIO ATACADIST;CASADO(A)
M;24;3080,25;342115;CONTROLADOR DE SERV DE MAQ E V;SOLTEIRO(A)
M;39;4400,95;913120;MECÂNICO DE MANUTENÇÃO DE MÁQUIN;CASADO(A)
F;32;2602,86;411030;AUXILIAR DE SETOR DE PESSOAL;SOLTEIRO(A)
M;22;2333,13;784205;AUXILIAR DE LINHA DE PRODUCAO;SOLTEIRO(A)
M;48;4290,00;313105;ELETROTECNICO;CASADO(A)
M;40;7808,77;410240;SUPERVISOR DE LOGÍSTICA;CASADO(A)
F;42;2466,49;521105;VENDEDOR EM COMERCIO ATACADIST;CASADO(A)
M;26;2816,24;318705;DESENHISTA PROJETISTA DE ELETR;CASADO(A)
F;49;36855,00;122405;DIRETOR DE OPERACOES COMERCIAI;CASADO(A)
M;20;1863,70;411005;AUXILIAR DE ESCRITORIO, EM GER;SOLTEIRO(A)
F;20;1717,35;411005;AUXILIAR DE ESCRITORIO, EM GER;SOLTEIRO(A)
M;37;8741,98;253115;AGENTE PUBLICITARIO;SOLTEIRO(A)
M;31;4279,49;521105;VENDEDOR EM COMERCIO ATACADIST;SOLTEIRO(A)
F;40;2891,71;521105;VENDEDOR EM COMERCIO ATACADIST;SOLTEIRO(A)
M;43;1580,92;521105;VENDEDOR EM COMERCIO ATACADIST;CASADO(A)
M;61;1350,21;517420;VIGIA;CASADO(A)
F;43;1397,99;411010;ASSISTENTE ADMINISTRATIVO;SOLTEIRO(A)
M;56;1500,95;521105;VENDEDOR EM COMERCIO ATACADIST;CASADO(A)
F;37;2662,33;391210;TECNICO DE GARANTIA DA QUALIDA;CASADO(A)
M;37;2134,34;318705;DESENHISTA PROJETISTA DE ELETR;OUTROS
M;45;2330,47;342115;CONTROLADOR DE SERV DE MAQ E V;SEPARADO(A) JUDICIALMENTE
M;37;1202,48;414105;ALMOXARIFE;SOLTEIRO(A)
M;37;4659,21;914425;MECANICO DE VEICULOS AUTOMOTOR;CASADO(A)
M;36;765,39;914425;MECANICO DE VEICULOS AUTOMOTOR;SOLTEIRO(A)
M;44;6632,27;313105;ELETROTECNICO;SOLTEIRO(A)
M;45;2205,83;914425;MECANICO DE VEICULOS AUTOMOTOR;CASADO(A)
M;34;1200,00;411005;AUXILIAR DE ESCRITORIO, EM GER;SOLTEIRO(A)
M;38;2820,28;914425;MECANICO DE VEICULOS AUTOMOTOR;CASADO(A)
M;39;4053,12;410205;SUPERVISOR DE ALMOXARIFADO;CASADO(A)
M;46;4719,34;142705;GERENTE DE PROJETOS E SERVICOS DE MANUTE;SOLTEIRO(A)
M;41;1038,07;914425;MECANICO DE VEICULOS AUTOMOTOR;CASADO(A)
M;37;1659,43;411010;ASSISTENTE ADMINISTRATIVO;CASADO(A)
M;45;2348,09;914425;MECANICO DE VEICULOS AUTOMOTOR;SEPARADO(A) JUDICIALMENTE
F;44;1924,38;411010;ASSISTENTE ADMINISTRATIVO;SOLTEIRO(A)
M;32;1083,25;992120;LAVADOR DE PECAS;SOLTEIRO(A)
F;43;3213,96;411010;ASSISTENTE ADMINISTRATIVO;CASADO(A)
M;31;1286,38;414105;ALMOXARIFE;SOLTEIRO(A)
M;35;1929,24;252210;CONTADOR;SOLTEIRO(A)
F;64;2494,17;252210;CONTADOR;SOLTEIRO(A)
M;37;1910,71;252210;CONTADOR;SOLTEIRO(A)
M;50;6523,29;914425;MECANICO DE VEICULOS AUTOMOTOR;CASADO(A)
M;57;1389,83;914425;MECANICO DE VEICULOS AUTOMOTOR;SEPARADO(A) JUDICIALMENTE
M;46;5625,43;411010;ASSISTENTE ADMINISTRATIVO;SEPARADO(A) JUDICIALMENTE
M;46;3380,71;910205;SUPERVISOR DA MANUTENÇÃO E REPARAÇ;SOLTEIRO(A)
M;34;3099,55;914425;MECANICO DE VEICULOS AUTOMOTOR;SOLTEIRO(A)
F;45;2692,56;411010;ASSISTENTE ADMINISTRATIVO;CASADO(A)
M;37;600,00;0;SEM CBO;SOLTEIRO(A)
M;46;1473,22;914425;MECANICO DE VEICULOS AUTOMOTOR;SOLTEIRO(A)
M;35;2037,93;414105;ALMOXARIFE;CASADO(A)
M;37;1419,58;252105;ADMINISTRADOR;SOLTEIRO(A)
M;56;1584,52;782515;MOTORISTA OPER DE GUINCHO;CASADO(A)
M;44;1758,20;782515;MOTORISTA OPER DE GUINCHO;CASADO(A)
M;37;1704,03;313105;ELETROTECNICO;SOLTEIRO(A)
M;44;2795,63;520110;SUPERVISOR DE VENDAS COMERCIAL;SOLTEIRO(A)
M;46;1000,00;992120;LAVADOR DE PECAS;SOLTEIRO(A)
F;44;802,50;411005;AUXILIAR DE ESCRITORIO, EM GER;CASADO(A)
F;36;2003,17;411010;ASSISTENTE ADMINISTRATIVO;SOLTEIRO(A)
M;50;1596,56;521105;VENDEDOR EM COMERCIO ATACADIST;CASADO(A)
M;33;802,50;411005;AUXILIAR DE ESCRITORIO, EM GER;SOLTEIRO(A)
M;54;2516,84;521105;VENDEDOR EM COMERCIO ATACADIST;DIVORCIADO(A)
M;33;3878,31;913120;MECÂNICO DE MANUTENÇÃO DE MÁQUIN;SOLTEIRO(A)
F;36;2219,20;411010;ASSISTENTE ADMINISTRATIVO;CASADO(A)
M;55;8022,06;411010;ASSISTENTE ADMINISTRATIVO;CASADO(A)
M;53;8083,33;142305;GERENTE COMERCIAL;CASADO(A)
M;43;5881,36;913120;MECÂNICO DE MANUTENÇÃO DE MÁQUIN;SEPARADO(A) JUDICIALMENTE
M;44;1373,64;782515;MOTORISTA OPER DE GUINCHO;CASADO(A)
M;42;8553,87;142320;GERENTE DE VENDAS;CASADO(A)
M;44;1073,11;313105;ELETROTECNICO;SOLTEIRO(A)
M;40;4082,73;521105;VENDEDOR EM COMERCIO ATACADIST;CASADO(A)
F;38;2662,33;391210;TECNICO DE GARANTIA DA QUALIDA;SOLTEIRO(A)
M;39;4288,76;252105;ADMINISTRADOR;SEPARADO(A) JUDICIALMENTE
M;44;2016,69;521105;VENDEDOR EM COMERCIO ATACADIST;SOLTEIRO(A)
F;35;1630,24;411010;ASSISTENTE ADMINISTRATIVO;CASADO(A)
F;32;1969,31;252210;CONTADOR;SOLTEIRO(A)
M;33;2891,72;521105;VENDEDOR EM COMERCIO ATACADIST;SOLTEIRO(A)
F;33;2239,16;411010;ASSISTENTE ADMINISTRATIVO;SOLTEIRO(A)
M;28;900,00;411005;AUXILIAR DE ESCRITORIO, EM GER;SOLTEIRO(A)
M;32;2484,13;521105;VENDEDOR EM COMERCIO ATACADIST;CASADO(A)
M;49;1887,05;521105;VENDEDOR EM COMERCIO ATACADIST;CASADO(A)
F;29;1012,28;411005;AUXILIAR DE ESCRITORIO, EM GER;CASADO(A)
M;28;1645,30;521105;VENDEDOR EM COMERCIO ATACADIST;SOLTEIRO(A)
M;40;2565,73;252210;CONTADOR;SOLTEIRO(A)
M;28;1478,47;414105;ALMOXARIFE;SOLTEIRO(A)
M;31;1312,86;411010;ASSISTENTE ADMINISTRATIVO;SOLTEIRO(A)
M;48;1100,00;715145;OPERADOR DE TRATOR DE LAMINA;CASADO(A)
M;55;8304,71;142320;GERENTE DE VENDAS;CASADO(A)
M;68;2057,02;521105;VENDEDOR EM COMERCIO ATACADIST;CASADO(A)
M;50;2815,60;342115;CONTROLADOR DE SERV DE MAQ E V;OUTROS
M;37;2368,24;914425;MECANICO DE VEICULOS AUTOMOTOR;SOLTEIRO(A)
M;28;900,00;0;SEM CBO;SOLTEIRO(A)
M;59;3638,62;313105;ELETROTECNICO;CASADO(A)
M;55;5211,40;410105;SUPERVISOR ADMINISTRATIVO;OUTROS
M;37;1268,55;411005;AUXILIAR DE ESCRITORIO, EM GER;SOLTEIRO(A)
M;46;4482,07;410105;SUPERVISOR ADMINISTRATIVO;CASADO(A)
M;33;3293,77;411010;ASSISTENTE ADMINISTRATIVO;CASADO(A)
F;43;3232,34;411010;ASSISTENTE ADMINISTRATIVO;OUTROS
M;61;2280,65;411010;ASSISTENTE ADMINISTRATIVO;CASADO(A)
M;37;1820,79;914425;MECANICO DE VEICULOS AUTOMOTOR;CASADO(A)
F;50;2466,47;521105;VENDEDOR EM COMERCIO ATACADIST;CASADO(A)
M;39;2050,54;414105;ALMOXARIFE;CASADO(A)
F;28;900,00;411005;AUXILIAR DE ESCRITORIO, EM GER;CASADO(A)
M;42;1834,13;782515;MOTORISTA OPER DE GUINCHO;CASADO(A)
M;23;529,81;411005;AUXILIAR DE ESCRITORIO, EM GER;SOLTEIRO(A)
M;35;1413,89;414105;ALMOXARIFE;SOLTEIRO(A)
F;42;4235,85;411010;ASSISTENTE ADMINISTRATIVO;SOLTEIRO(A)
M;32;3431,71;313105;ELETROTECNICO;SOLTEIRO(A)
M;31;1704,03;313105;ELETROTECNICO;SOLTEIRO(A)
F;30;2532,66;391145;ANALISTA DE PLANEJAMENTO DE MANUTENCAO;SOLTEIRO(A)
M;52;8066,78;212405;ANALISTA DE SISTEMA;CASADO(A)
M;37;1413,89;411010;ASSISTENTE ADMINISTRATIVO;SOLTEIRO(A)
M;44;3916,66;521105;VENDEDOR EM COMERCIO ATACADIST;CASADO(A)
F;25;498,04;411005;AUXILIAR DE ESCRITORIO, EM GER;SOLTEIRO(A)
M;44;1721,28;914425;MECANICO DE VEICULOS AUTOMOTOR;CASADO(A)
M;48;12221,81;142305;GERENTE COMERCIAL;CASADO(A)
M;30;3058,42;914425;MECANICO DE VEICULOS AUTOMOTOR;CASADO(A)
M;43;1875,38;313105;ELETROTECNICO;CASADO(A)
M;46;2307,12;521105;VENDEDOR EM COMERCIO ATACADIST;CASADO(A)
M;39;1760,39;914425;MECANICO DE VEICULOS AUTOMOTOR;SOLTEIRO(A)
F;35;900,00;411005;AUXILIAR DE ESCRITORIO, EM GER;CASADO(A)
M;56;2493,55;521105;VENDEDOR EM COMERCIO ATACADIST;CASADO(A)
M;44;3994,53;914425;MECANICO DE VEICULOS AUTOMOTOR;SOLTEIRO(A)
M;48;4306,55;521105;VENDEDOR EM COMERCIO ATACADIST;SEPARADO(A) JUDICIALMENTE
F;32;4124,63;253115;AGENTE PUBLICITARIO;CASADO(A)
F;23;1223,73;411005;AUXILIAR DE ESCRITORIO, EM GER;SOLTEIRO(A)
M;54;6174,46;914425;MECANICO DE VEICULOS AUTOMOTOR;CASADO(A)
M;42;2479,94;914425;MECANICO DE VEICULOS AUTOMOTOR;CASADO(A)
M;40;1693,85;411010;ASSISTENTE ADMINISTRATIVO;CASADO(A)
M;46;1480,00;623110;TRABALHADOR DA PECUARIA (BOVIN;SOLTEIRO(A)
M;48;1260,00;623110;TRABALHADOR DA PECUARIA (BOVIN;SOLTEIRO(A)
M;30;1899,99;914425;MECANICO DE VEICULOS AUTOMOTOR;CASADO(A)
M;41;2401,81;411010;ASSISTENTE ADMINISTRATIVO;SOLTEIRO(A)
M;40;3571,95;252210;CONTADOR;SOLTEIRO(A)
M;43;5197,57;914425;MECANICO DE VEICULOS AUTOMOTOR;SOLTEIRO(A)
M;40;1260,00;621005;TRABALHADOR AGROPECUARIO EM GE;CASADO(A)
M;35;1389,14;411005;AUXILIAR DE ESCRITORIO, EM GER;SOLTEIRO(A)
M;53;13162,50;142305;GERENTE COMERCIAL;OUTROS
M;44;2691,03;521105;VENDEDOR EM COMERCIO ATACADIST;SEPARADO(A) JUDICIALMENTE
M;48;3082,55;914425;MECANICO DE VEICULOS AUTOMOTOR;CASADO(A)
M;41;5144,50;262410;DESENHISTA INDUSTRIAL GRÁFICO (DESIGNER ;CASADO(A)
F;43;3004,54;252210;CONTADOR;CASADO(A)
M;40;3559,53;411010;ASSISTENTE ADMINISTRATIVO;CASADO(A)
M;42;1260,00;621005;TRABALHADOR AGROPECUARIO EM GE;CASADO(A)
F;34;3966,16;252405;ANALISTA DE RECURSOS HUMANOS;CASADO(A)
M;37;4310,21;391145;ANALISTA DE PLANEJAMENTO DE MANUTENCAO;CASADO(A)
M;29;4577,65;214320;ENGENHEIRO ELETRICISTA DE PROJ;SOLTEIRO(A)
M;29;1723,18;914425;MECANICO DE VEICULOS AUTOMOTOR;SOLTEIRO(A)
M;45;2846,35;521105;VENDEDOR EM COMERCIO ATACADIST;SOLTEIRO(A)
M;23;1723,14;411005;AUXILIAR DE ESCRITORIO, EM GER;SOLTEIRO(A)
F;39;3469,66;521105;VENDEDOR EM COMERCIO ATACADIST;SOLTEIRO(A)
M;34;2139,94;414105;ALMOXARIFE;SOLTEIRO(A)
M;30;1100,00;621005;TRABALHADOR AGROPECUARIO EM GE;SOLTEIRO(A)
F;42;2080,94;521105;VENDEDOR EM COMERCIO ATACADIST;SOLTEIRO(A)
M;40;4852,52;914425;MECANICO DE VEICULOS AUTOMOTOR;CASADO(A)
M;44;12955,13;142305;GERENTE COMERCIAL;CASADO(A)
M;28;2091,60;212405;ANALISTA DE SISTEMA;SOLTEIRO(A)
M;37;4318,72;914425;MECANICO DE VEICULOS AUTOMOTOR;SOLTEIRO(A)
F;32;2903,54;411010;ASSISTENTE ADMINISTRATIVO;SOLTEIRO(A)
F;19;727,45;411005;AUXILIAR DE ESCRITORIO, EM GER;SOLTEIRO(A)
M;32;3194,89;313105;ELETROTECNICO;CASADO(A)
F;27;2056,21;411010;ASSISTENTE ADMINISTRATIVO;SOLTEIRO(A)
M;35;4988,30;342115;CONTROLADOR DE SERV DE MAQ E V;CASADO(A)
M;27;2224,25;414105;ALMOXARIFE;SOLTEIRO(A)
M;21;630,55;414140;AUXILIAR DE LOGISTICA;SOLTEIRO(A)
M;40;3385,97;313105;ELETROTECNICO;OUTROS
M;19;770,02;411005;AUXILIAR DE ESCRITORIO, EM GER;SOLTEIRO(A)
F;21;704,72;411005;AUXILIAR DE ESCRITORIO, EM GER;SOLTEIRO(A)
M;23;1260,00;621005;TRABALHADOR AGROPECUARIO EM GE;SOLTEIRO(A)
M;35;1787,87;411010;ASSISTENTE ADMINISTRATIVO;SOLTEIRO(A)
M;50;2905,86;521105;VENDEDOR EM COMERCIO ATACADIST;CASADO(A)
M;32;3702,24;521105;VENDEDOR EM COMERCIO ATACADIST;SOLTEIRO(A)
M;25;1440,00;414105;ALMOXARIFE;SOLTEIRO(A)
M;45;1750,00;621005;TRABALHADOR AGROPECUARIO EM GE;SOLTEIRO(A)
M;42;1540,00;621005;TRABALHADOR AGROPECUARIO EM GE;SOLTEIRO(A)
M;26;900,00;411005;AUXILIAR DE ESCRITORIO, EM GER;SOLTEIRO(A)
M;37;3556,51;521105;VENDEDOR EM COMERCIO ATACADIST;CASADO(A)
M;27;2517,22;914425;MECANICO DE VEICULOS AUTOMOTOR;SOLTEIRO(A)
F;30;4956,88;252405;ANALISTA DE RECURSOS HUMANOS;SOLTEIRO(A)
F;23;3314,50;252105;ADMINISTRADOR;SEPARADO(A) JUDICIALMENTE
M;21;2184,87;414120;CONFERENTE MERC (EXCETO CARGA E DESC;SOLTEIRO(A)
M;24;2703,87;313105;ELETROTECNICO;SOLTEIRO(A)
M;40;1699,77;914425;MECANICO DE VEICULOS AUTOMOTOR;CASADO(A)
F;26;2238,04;351430;AUXILIAR DE SERVIÇOS JURÍDICOS;SOLTEIRO(A)
M;40;3698,63;914425;MECANICO DE VEICULOS AUTOMOTOR;SOLTEIRO(A)
M;32;2703,87;313105;ELETROTECNICO;CASADO(A)
M;18;832,85;411005;AUXILIAR DE ESCRITORIO, EM GER;SOLTEIRO(A)
M;19;732,72;411005;AUXILIAR DE ESCRITORIO, EM GER;SOLTEIRO(A)
M;25;1540,00;621005;TRABALHADOR AGROPECUARIO EM GE;CASADO(A)
M;43;3532,98;521105;VENDEDOR EM COMERCIO ATACADIST;SOLTEIRO(A)
M;37;3051,67;521105;VENDEDOR EM COMERCIO ATACADIST;SOLTEIRO(A)
M;39;3326,38;391145;ANALISTA DE PLANEJAMENTO DE MANUTENCAO;SOLTEIRO(A)
M;29;3372,71;212405;ANALISTA DE SISTEMA;SOLTEIRO(A)
M;50;3130,67;521105;VENDEDOR EM COMERCIO ATACADIST;CASADO(A)
M;40;3886,41;351605;TECNICO EM SEGURANCA DO TRABAL;SOLTEIRO(A)
M;41;1621,00;121010;DIRETOR GERAL DE EMPRESA E ORG;CASADO(A)
M;25;2078,50;414120;CONFERENTE MERC (EXCETO CARGA E DESC;SOLTEIRO(A)
M;24;2317,16;313105;ELETROTECNICO;SOLTEIRO(A)
F;22;1518,00;411005;AUXILIAR DE ESCRITORIO, EM GER;SOLTEIRO(A)
M;46;2995,22;313105;ELETROTECNICO;CASADO(A)
M;28;3856,70;391145;ANALISTA DE PLANEJAMENTO DE MANUTENCAO;SOLTEIRO(A)
M;53;4522,66;521105;VENDEDOR EM COMERCIO ATACADIST;CASADO(A)
M;34;4088,51;318705;DESENHISTA PROJETISTA DE ELETR;CASADO(A)
M;26;1847,99;913120;MECÂNICO DE MANUTENÇÃO DE MÁQUIN;CASADO(A)
M;43;3786,01;313105;ELETROTECNICO;CASADO(A)
F;20;754,32;411005;AUXILIAR DE ESCRITORIO, EM GER;SOLTEIRO(A)
M;53;2224,25;514120;ZELADOR DE EDIFÍCIO;CASADO(A)
M;31;12500,00;142305;GERENTE COMERCIAL;CASADO(A)
M;40;6992,32;354125;ASSISTENTE DE VENDAS;SOLTEIRO(A)
M;27;2971,29;414120;CONFERENTE MERC (EXCETO CARGA E DESC;SOLTEIRO(A)
F;33;2025,56;413110;AUXILIAR DE CONTABILIDADE;SOLTEIRO(A)
F;37;3899,96;521105;VENDEDOR EM COMERCIO ATACADIST;SOLTEIRO(A)
M;32;1863,70;784205;AUXILIAR DE LINHA DE PRODUCAO;SOLTEIRO(A)
M;47;2651,53;521105;VENDEDOR EM COMERCIO ATACADIST;CASADO(A)
M;38;2885,31;914425;MECANICO DE VEICULOS AUTOMOTOR;CASADO(A)
M;54;6501,70;914425;MECANICO DE VEICULOS AUTOMOTOR;CASADO(A)
M;24;1702,80;914425;MECANICO DE VEICULOS AUTOMOTOR;SOLTEIRO(A)
M;35;2217,81;411010;ASSISTENTE ADMINISTRATIVO;SOLTEIRO(A)
M;21;2463,92;411010;ASSISTENTE ADMINISTRATIVO;SOLTEIRO(A)
M;47;1823,39;914425;MECANICO DE VEICULOS AUTOMOTOR;SOLTEIRO(A)
M;50;4297,68;914425;MECANICO DE VEICULOS AUTOMOTOR;CASADO(A)
M;21;2510,25;414215;CONFERENTE DE CARGA E DESCARGA;SOLTEIRO(A)
M;33;3219,77;521105;VENDEDOR EM COMERCIO ATACADIST;SEPARADO(A) JUDICIALMENTE
M;22;2995,23;913120;MECÂNICO DE MANUTENÇÃO DE MÁQUIN;SOLTEIRO(A)
M;45;1944,05;521105;VENDEDOR EM COMERCIO ATACADIST;CASADO(A)
M;35;4513,81;913120;MECÂNICO DE MANUTENÇÃO DE MÁQUIN;SOLTEIRO(A)
M;37;3842,06;521105;VENDEDOR EM COMERCIO ATACADIST;OUTROS
M;32;2195,71;414215;CONFERENTE DE CARGA E DESCARGA;OUTROS
M;28;1971,13;784205;AUXILIAR DE LINHA DE PRODUCAO;CASADO(A)
F;28;3476,75;318705;DESENHISTA PROJETISTA DE ELETR;SOLTEIRO(A)
M;18;1236,55;411005;AUXILIAR DE ESCRITORIO, EM GER;SOLTEIRO(A)
M;36;4097,17;914425;MECANICO DE VEICULOS AUTOMOTOR;SOLTEIRO(A)
M;45;3746,67;521105;VENDEDOR EM COMERCIO ATACADIST;CASADO(A)
M;17;851,97;411005;AUXILIAR DE ESCRITORIO, EM GER;SOLTEIRO(A)
M;38;6149,46;214305;ENGENHEIRO ELETRICISTA;CASADO(A)
F;21;1971,60;411010;ASSISTENTE ADMINISTRATIVO;SOLTEIRO(A)
F;34;4467,50;252405;ANALISTA DE RECURSOS HUMANOS;SOLTEIRO(A)
F;20;704,72;411005;AUXILIAR DE ESCRITORIO, EM GER;SOLTEIRO(A)
F;41;4952,31;521105;VENDEDOR EM COMERCIO ATACADIST;CASADO(A)
M;41;19385,73;142305;GERENTE COMERCIAL;CASADO(A)
F;30;4590,41;253115;AGENTE PUBLICITARIO;SOLTEIRO(A)
M;40;2973,10;521105;VENDEDOR EM COMERCIO ATACADIST;CASADO(A)
F;33;2526,70;411010;ASSISTENTE ADMINISTRATIVO;CASADO(A)
M;21;2346,21;411010;ASSISTENTE ADMINISTRATIVO;SOLTEIRO(A)
M;26;2025,57;411010;ASSISTENTE ADMINISTRATIVO;CASADO(A)
M;60;10600,00;520110;SUPERVISOR DE VENDAS COMERCIAL;SEPARADO(A) JUDICIALMENTE
F;27;3326,39;241010;ADVOGADO DE EMPRESA;SOLTEIRO(A)
M;49;6955,99;410105;SUPERVISOR ADMINISTRATIVO;CASADO(A)
M;41;14300,62;911305;MECANICO DE MANUTENÇÃO DE MAQUINAS, EM GERAL;CASADO(A)
M;68;2278,67;521105;VENDEDOR EM COMERCIO ATACADIST;CASADO(A)
M;34;871,37;411005;AUXILIAR DE ESCRITORIO, EM GER;SOLTEIRO(A)
M;70;3452,44;410240;SUPERVISOR DE LOGÍSTICA;CASADO(A)
M;80;8549,42;520110;SUPERVISOR DE VENDAS COMERCIAL;CASADO(A)
M;47;5513,13;141420;GERENTE DE OPERACOES DE SERVICOS DE ASSI;CASADO(A)
M;57;1597,50;521105;VENDEDOR EM COMERCIO ATACADIST;OUTROS
F;49;10980,83;142205;GERENTE DE RECURSOS HUMANOS;CASADO(A)
M;57;2389,93;410240;SUPERVISOR DE LOGÍSTICA;CASADO(A)
F;39;3116,78;521105;VENDEDOR EM COMERCIO ATACADIST;SOLTEIRO(A)
F;54;2655,64;411010;ASSISTENTE ADMINISTRATIVO;SOLTEIRO(A)
M;46;3393,37;410205;SUPERVISOR DE ALMOXARIFADO;CASADO(A)
M;51;1265,22;914425;MECANICO DE VEICULOS AUTOMOTOR;CASADO(A)
M;48;1104,41;914425;MECANICO DE VEICULOS AUTOMOTOR;SOLTEIRO(A)
F;45;1736,64;411010;ASSISTENTE ADMINISTRATIVO;SOLTEIRO(A)
M;36;1924,38;214405;ENGENHEIRO MECANICO;SOLTEIRO(A)
F;49;1343,23;521105;VENDEDOR EM COMERCIO ATACADIST;CASADO(A)
M;53;2160,09;521105;VENDEDOR EM COMERCIO ATACADIST;CASADO(A)
M;53;7308,08;911305;MECANICO DE MANUTENÇÃO DE MAQUINAS, EM GERAL;CASADO(A)
F;37;920,00;422105;RECEPCIONISTA, EM GERAL;SOLTEIRO(A)
M;41;17696,70;142305;GERENTE COMERCIAL;CASADO(A)
M;39;5456,84;142605;GERENTE DE PESQUISA E DESENVOL;CASADO(A)
M;33;1202,48;414105;ALMOXARIFE;SOLTEIRO(A)
M;33;965,87;313105;ELETROTECNICO;SOLTEIRO(A)
F;46;2290,01;411010;ASSISTENTE ADMINISTRATIVO;CASADO(A)
M;37;1286,40;991305;FUNILEIRO DE VEICULOS (REPARAC;SOLTEIRO(A)
M;39;1010,49;411005;AUXILIAR DE ESCRITORIO, EM GER;CASADO(A)
M;54;2665,08;914425;MECANICO DE VEICULOS AUTOMOTOR;DESQUITADO(A)
F;39;1394,48;411010;ASSISTENTE ADMINISTRATIVO;SOLTEIRO(A)
M;48;4513,81;313105;ELETROTECNICO;CASADO(A)
M;39;4179,44;913120;MECÂNICO DE MANUTENÇÃO DE MÁQUIN;CASADO(A)
M;35;900,00;0;SEM CBO;SOLTEIRO(A)
M;53;1600,00;620110;SUPERVISOR DE EXPLORACAO AGROP;CASADO(A)
M;38;2083,24;342115;CONTROLADOR DE SERV DE MAQ E V;SOLTEIRO(A)
M;60;12285,38;142105;GERENTE ADMINISTRATIVO;OUTROS
F;56;1319,34;411010;ASSISTENTE ADMINISTRATIVO;OUTROS
F;37;3522,78;252210;CONTADOR;SOLTEIRO(A)
M;38;2809,22;252210;CONTADOR;SOLTEIRO(A)
M;41;3508,86;521105;VENDEDOR EM COMERCIO ATACADIST;CASADO(A)
M;36;1929,24;411010;ASSISTENTE ADMINISTRATIVO;CASADO(A)
F;46;5085,99;252210;CONTADOR;SOLTEIRO(A)
F;41;5428,89;252210;CONTADOR;SOLTEIRO(A)
M;40;1968,03;517410;PORTEIRO DE EDIFICIOS;OUTROS
F;47;3969,70;411010;ASSISTENTE ADMINISTRATIVO;SOLTEIRO(A)
M;34;1494,88;411010;ASSISTENTE ADMINISTRATIVO;SOLTEIRO(A)
M;27;413,34;411005;AUXILIAR DE ESCRITORIO, EM GER;SOLTEIRO(A)
M;45;4745,05;141420;GERENTE DE OPERACOES DE SERVICOS DE ASSI;CASADO(A)
M;44;940,43;514310;AUXILIAR DE MANUTENCAO PREDIAL;CASADO(A)
F;36;1421,19;411010;ASSISTENTE ADMINISTRATIVO;SOLTEIRO(A)
F;51;1875,99;521105;VENDEDOR EM COMERCIO ATACADIST;OUTROS
M;34;1988,18;914425;MECANICO DE VEICULOS AUTOMOTOR;CASADO(A)
M;55;3325,88;410105;SUPERVISOR ADMINISTRATIVO;OUTROS
M;47;1180,13;782305;MOTORISTA DE CARRO DE PASSEIO;SOLTEIRO(A)
F;45;2441,10;521105;VENDEDOR EM COMERCIO ATACADIST;SOLTEIRO(A)
F;49;3446,66;411010;ASSISTENTE ADMINISTRATIVO;SOLTEIRO(A)
F;59;1775,22;411010;ASSISTENTE ADMINISTRATIVO;CASADO(A)
M;40;1593,86;521105;VENDEDOR EM COMERCIO ATACADIST;SOLTEIRO(A)
M;31;4623,85;391145;ANALISTA DE PLANEJAMENTO DE MANUTENCAO;SOLTEIRO(A)
M;50;3099,55;914425;MECANICO DE VEICULOS AUTOMOTOR;CASADO(A)
M;62;910,92;782510;MOTORISTA DE CAMINHAO;CASADO(A)
M;32;802,50;411005;AUXILIAR DE ESCRITORIO, EM GER;SOLTEIRO(A)
M;42;963,54;414105;ALMOXARIFE;SOLTEIRO(A)
F;44;3210,00;342115;CONTROLADOR DE SERV DE MAQ E V;SOLTEIRO(A)
F;51;5628,20;410105;SUPERVISOR ADMINISTRATIVO;SOLTEIRO(A)
M;65;1202,25;414215;CONFERENTE DE CARGA E DESCARGA;SOLTEIRO(A)
M;51;1120,00;621005;TRABALHADOR AGROPECUARIO EM GE;SOLTEIRO(A)
M;49;2000,47;514320;FAXINEIRO;SOLTEIRO(A)
M;42;3121,03;313105;ELETROTECNICO;CASADO(A)
M;32;3423,81;318705;DESENHISTA PROJETISTA DE ELETR;SOLTEIRO(A)
F;25;448,46;411005;AUXILIAR DE ESCRITORIO, EM GER;SOLTEIRO(A)
M;49;3044,08;914425;MECANICO DE VEICULOS AUTOMOTOR;CASADO(A)
M;45;1612,50;521105;VENDEDOR EM COMERCIO ATACADIST;CASADO(A)
F;27;400,00;411005;AUXILIAR DE ESCRITORIO, EM GER;SOLTEIRO(A)
F;46;2322,21;252210;CONTADOR;SOLTEIRO(A)
F;32;802,50;411005;AUXILIAR DE ESCRITORIO, EM GER;SOLTEIRO(A)
M;33;900,00;411005;AUXILIAR DE ESCRITORIO, EM GER;CASADO(A)
F;47;3584,73;252405;ANALISTA DE RECURSOS HUMANOS;CASADO(A)
M;39;35000,00;121010;DIRETOR GERAL DE EMPRESA E ORG;CASADO(A)
M;48;1186,15;414105;ALMOXARIFE;CASADO(A)
M;61;1402,33;517420;VIGIA;CASADO(A)
F;40;1737,30;521105;VENDEDOR EM COMERCIO ATACADIST;CASADO(A)
M;54;2057,94;521105;VENDEDOR EM COMERCIO ATACADIST;CASADO(A)
M;35;8910,32;142520;GERENTE DE PROJ DE TEC DA INFORMAÇÃO;SOLTEIRO(A)
M;28;1176,07;414105;ALMOXARIFE;SOLTEIRO(A)
F;26;440,19;411005;AUXILIAR DE ESCRITORIO, EM GER;SOLTEIRO(A)
M;27;4063,60;411010;ASSISTENTE ADMINISTRATIVO;SOLTEIRO(A)
M;62;3473,36;521105;VENDEDOR EM COMERCIO ATACADIST;CASADO(A)
M;81;5435,63;142305;GERENTE COMERCIAL;CASADO(A)
M;47;954,00;512105;EMPREGADO DOMESTICO;SOLTEIRO(A)
M;32;1076,88;914425;MECANICO DE VEICULOS AUTOMOTOR;SOLTEIRO(A)
M;55;2826,04;914425;MECANICO DE VEICULOS AUTOMOTOR;DIVORCIADO(A)
M;27;1030,60;411005;AUXILIAR DE ESCRITORIO, EM GER;SOLTEIRO(A)
M;32;1493,41;411010;ASSISTENTE ADMINISTRATIVO;SOLTEIRO(A)
M;47;3922,40;410105;SUPERVISOR ADMINISTRATIVO;CASADO(A)
F;33;1945,12;521105;VENDEDOR EM COMERCIO ATACADIST;SOLTEIRO(A)
F;33;1821,77;318705;DESENHISTA PROJETISTA DE ELETR;CASADO(A)
M;61;2750,19;521105;VENDEDOR EM COMERCIO ATACADIST;CASADO(A)
M;29;900,00;411005;AUXILIAR DE ESCRITORIO, EM GER;SOLTEIRO(A)
M;26;3559,55;252105;ADMINISTRADOR;SOLTEIRO(A)
M;36;2565,73;212405;ANALISTA DE SISTEMA;SOLTEIRO(A)
M;41;3194,83;914425;MECANICO DE VEICULOS AUTOMOTOR;SOLTEIRO(A)
M;36;6840,50;351605;TECNICO EM SEGURANCA DO TRABAL;CASADO(A)
F;41;2094,99;411010;ASSISTENTE ADMINISTRATIVO;CASADO(A)
F;41;8044,10;410105;SUPERVISOR ADMINISTRATIVO;CASADO(A)
M;37;1165,99;414105;ALMOXARIFE;CASADO(A)
M;41;2113,32;414105;ALMOXARIFE;CASADO(A)
M;39;1770,44;313105;ELETROTECNICO;SOLTEIRO(A)
M;43;1721,28;914425;MECANICO DE VEICULOS AUTOMOTOR;SOLTEIRO(A)
M;40;1542,23;411010;ASSISTENTE ADMINISTRATIVO;CASADO(A)
M;47;1480,00;623110;TRABALHADOR DA PECUARIA (BOVIN;SOLTEIRO(A)
F;45;1898,32;411010;ASSISTENTE ADMINISTRATIVO;CASADO(A)
M;40;4998,43;212405;ANALISTA DE SISTEMA;SOLTEIRO(A)
M;42;1190,00;623110;TRABALHADOR DA PECUARIA (BOVIN;CASADO(A)
M;38;5323,33;413105;ANALISTA DE FOLHA DE PAGAMENTO;SOLTEIRO(A)
M;41;1305,32;411010;ASSISTENTE ADMINISTRATIVO;CASADO(A)
M;40;4063,59;252725;ANALISTA DE GESTÃO DE ESTOQUE;CASADO(A)
M;43;3955,60;313105;ELETROTECNICO;SOLTEIRO(A)
M;29;2143,84;521105;VENDEDOR EM COMERCIO ATACADIST;CASADO(A)
M;51;3060,83;411010;ASSISTENTE ADMINISTRATIVO;SOLTEIRO(A)
M;45;1300,00;623110;TRABALHADOR DA PECUARIA (BOVIN;SOLTEIRO(A)
F;22;519,87;411005;AUXILIAR DE ESCRITORIO, EM GER;SOLTEIRO(A)
M;31;8043,42;142705;GERENTE DE PROJETOS E SERVICOS DE MANUTE;SOLTEIRO(A)
F;49;18887,25;142205;GERENTE DE RECURSOS HUMANOS;CASADO(A)
M;60;6523,29;914425;MECANICO DE VEICULOS AUTOMOTOR;CASADO(A)
M;36;1260,00;621005;TRABALHADOR AGROPECUARIO EM GE;SOLTEIRO(A)
M;53;4290,70;913120;MECÂNICO DE MANUTENÇÃO DE MÁQUIN;SEPARADO(A) JUDICIALMENTE
M;31;2324,65;414120;CONFERENTE MERC (EXCETO CARGA E DESC;CASADO(A)
M;49;11586,03;142305;GERENTE COMERCIAL;CASADO(A)
F;38;1742,08;411010;ASSISTENTE ADMINISTRATIVO;SOLTEIRO(A)
M;34;1413,89;414105;ALMOXARIFE;SOLTEIRO(A)
M;31;3406,09;913120;MECÂNICO DE MANUTENÇÃO DE MÁQUIN;SOLTEIRO(A)
F;40;11705,17;142315;GERENTE DE MARKETING;SOLTEIRO(A)
M;31;1542,24;414105;ALMOXARIFE;SOLTEIRO(A)
M;24;634,08;411005;AUXILIAR DE ESCRITORIO, EM GER;SOLTEIRO(A)
M;21;677,11;411005;AUXILIAR DE ESCRITORIO, EM GER;SOLTEIRO(A)
F;48;3216,05;252305;SECRETARIA(O) EXECUTIVA(O);OUTROS
M;50;1894,60;913120;MECÂNICO DE MANUTENÇÃO DE MÁQUIN;CASADO(A)
M;48;7346,21;142505;GERENTE DE REDE;CASADO(A)
M;43;3706,25;913120;MECÂNICO DE MANUTENÇÃO DE MÁQUIN;SEPARADO(A) JUDICIALMENTE
M;28;3314,50;414105;ALMOXARIFE;SOLTEIRO(A)
M;34;2517,23;914425;MECANICO DE VEICULOS AUTOMOTOR;CASADO(A)
M;45;16081,50;142305;GERENTE COMERCIAL;OUTROS
M;57;2642,68;914425;MECANICO DE VEICULOS AUTOMOTOR;OUTROS
M;41;4024,57;914425;MECANICO DE VEICULOS AUTOMOTOR;SOLTEIRO(A)
M;46;3119,02;782515;MOTORISTA OPER DE GUINCHO;SEPARADO(A) JUDICIALMENTE
M;27;2703,90;313105;ELETROTECNICO;SOLTEIRO(A)
M;21;900,00;411005;AUXILIAR DE ESCRITORIO, EM GER;SOLTEIRO(A)
M;45;2575,17;342115;CONTROLADOR DE SERV DE MAQ E V;SEPARADO(A) JUDICIALMENTE
F;21;3080,24;411010;ASSISTENTE ADMINISTRATIVO;SOLTEIRO(A)
M;24;1300,00;411005;AUXILIAR DE ESCRITORIO, EM GER;SOLTEIRO(A)
M;29;2775,61;313105;ELETROTECNICO;SOLTEIRO(A)
M;35;3035,25;913120;MECÂNICO DE MANUTENÇÃO DE MÁQUIN;SOLTEIRO(A)
F;34;3135,35;521105;VENDEDOR EM COMERCIO ATACADIST;SOLTEIRO(A)
F;23;1352,22;411005;AUXILIAR DE ESCRITORIO, EM GER;SOLTEIRO(A)
M;40;3355,92;521105;VENDEDOR EM COMERCIO ATACADIST;SOLTEIRO(A)
F;37;6334,78;252405;ANALISTA DE RECURSOS HUMANOS;SOLTEIRO(A)
M;47;2894,06;313105;ELETROTECNICO;OUTROS
F;26;4223,96;252210;CONTADOR;SOLTEIRO(A)
M;31;4088,49;214320;ENGENHEIRO ELETRICISTA DE PROJ;CASADO(A)
F;46;4453,90;252405;ANALISTA DE RECURSOS HUMANOS;CASADO(A)
M;26;3288,00;354125;ASSISTENTE DE VENDAS;SEPARADO(A) JUDICIALMENTE
M;45;5405,04;913120;MECÂNICO DE MANUTENÇÃO DE MÁQUIN;SEPARADO(A) JUDICIALMENTE
F;24;900,00;411005;AUXILIAR DE ESCRITORIO, EM GER;SOLTEIRO(A)
M;48;2662,56;521105;VENDEDOR EM COMERCIO ATACADIST;CASADO(A)
M;40;2403,50;411010;ASSISTENTE ADMINISTRATIVO;SOLTEIRO(A)
M;46;6059,23;914425;MECANICO DE VEICULOS AUTOMOTOR;OUTROS
M;22;1611,77;414105;ALMOXARIFE;SOLTEIRO(A)
F;22;727,45;411005;AUXILIAR DE ESCRITORIO, EM GER;SOLTEIRO(A)
M;39;7443,99;410240;SUPERVISOR DE LOGÍSTICA;OUTROS
M;26;1826,93;411005;AUXILIAR DE ESCRITORIO, EM GER;SOLTEIRO(A)
M;21;1953,49;414120;CONFERENTE MERC (EXCETO CARGA E DESC;SOLTEIRO(A)
F;25;2338,76;351430;AUXILIAR DE SERVIÇOS JURÍDICOS;SOLTEIRO(A)
F;21;2025,56;411010;ASSISTENTE ADMINISTRATIVO;SOLTEIRO(A)
M;21;2046,68;414120;CONFERENTE MERC (EXCETO CARGA E DESC;SOLTEIRO(A)
M;47;13000,00;142320;GERENTE DE VENDAS;CASADO(A)
M;41;36855,00;123305;DIRETOR COMERCIAL;CASADO(A)
M;31;5323,34;252210;CONTADOR;CASADO(A)
M;27;1826,93;411005;AUXILIAR DE ESCRITORIO, EM GER;SEPARADO(A) JUDICIALMENTE
M;26;3314,50;411010;ASSISTENTE ADMINISTRATIVO;SOLTEIRO(A)
F;21;751,22;411005;AUXILIAR DE ESCRITORIO, EM GER;SOLTEIRO(A)
F;20;676,35;411005;AUXILIAR DE ESCRITORIO, EM GER;SOLTEIRO(A)
M;43;2552,24;414215;CONFERENTE DE CARGA E DESCARGA;CASADO(A)
M;46;13468,03;354305;ANALISTA DE EXPORTAÇÃO E IMPORTAÇÃO;CASADO(A)
M;39;1513,43;414120;CONFERENTE MERC (EXCETO CARGA E DESC;SOLTEIRO(A)
M;24;2856,61;621005;TRABALHADOR AGROPECUARIO EM GE;SOLTEIRO(A)
M;41;4064,60;914425;MECANICO DE VEICULOS AUTOMOTOR;CASADO(A)
M;30;3232,34;621005;TRABALHADOR AGROPECUARIO EM GE;SOLTEIRO(A)
F;18;851,97;411005;AUXILIAR DE ESCRITORIO, EM GER;SOLTEIRO(A)
M;27;1790,18;411005;AUXILIAR DE ESCRITORIO, EM GER;SOLTEIRO(A)
M;24;2682,50;313105;ELETROTECNICO;SOLTEIRO(A)
M;26;2078,50;414120;CONFERENTE MERC (EXCETO CARGA E DESC;SOLTEIRO(A)
M;28;2484,05;521105;VENDEDOR EM COMERCIO ATACADIST;SOLTEIRO(A)
M;40;4405,87;521105;VENDEDOR EM COMERCIO ATACADIST;SOLTEIRO(A)
M;32;4590,41;212405;ANALISTA DE SISTEMA;SOLTEIRO(A)
M;54;4097,15;914425;MECANICO DE VEICULOS AUTOMOTOR;CASADO(A)
M;24;3080,24;342115;CONTROLADOR DE SERV DE MAQ E V;SOLTEIRO(A)
M;44;10600,00;520110;SUPERVISOR DE VENDAS COMERCIAL;CASADO(A)
F;37;2600,45;521105;VENDEDOR EM COMERCIO ATACADIST;OUTROS
M;20;2025,56;411030;AUXILIAR DE SETOR DE PESSOAL;SOLTEIRO(A)
F;48;5958,43;252305;SECRETARIA(O) EXECUTIVA(O);SOLTEIRO(A)
M;27;2556,26;914425;MECANICO DE VEICULOS AUTOMOTOR;CASADO(A)
M;33;10600,00;520110;SUPERVISOR DE VENDAS COMERCIAL;SOLTEIRO(A)
M;39;4223,96;391145;ANALISTA DE PLANEJAMENTO DE MANUTENCAO;SOLTEIRO(A)
F;31;2224,25;411010;ASSISTENTE ADMINISTRATIVO;SOLTEIRO(A)
M;46;3647,05;521105;VENDEDOR EM COMERCIO ATACADIST;CASADO(A)
M;35;4619,51;391145;ANALISTA DE PLANEJAMENTO DE MANUTENCAO;OUTROS
M;49;12834,49;142305;GERENTE COMERCIAL;CASADO(A)
M;51;9649,40;142330;ANALISTA DE NEGOCIOS;CASADO(A)
M;36;3773,10;313105;ELETROTECNICO;CASADO(A)
M;18;754,32;411005;AUXILIAR DE ESCRITORIO, EM GER;SOLTEIRO(A)
M;37;7509,25;141420;GERENTE DE OPERACOES DE SERVICOS DE ASSI;CASADO(A)
M;25;3670,80;414105;ALMOXARIFE;SOLTEIRO(A)
M;25;1826,92;414105;ALMOXARIFE;SOLTEIRO(A)
F;43;3761,61;521105;VENDEDOR EM COMERCIO ATACADIST;CASADO(A)
M;36;2340,62;914425;MECANICO DE VEICULOS AUTOMOTOR;OUTROS
M;38;5508,00;262410;DESENHISTA INDUSTRIAL GRÁFICO (DESIGNER ;SOLTEIRO(A)
F;31;2000,48;411010;ASSISTENTE ADMINISTRATIVO;SOLTEIRO(A)
M;52;4753,05;913120;MECÂNICO DE MANUTENÇÃO DE MÁQUIN;CASADO(A)
M;38;16832,00;123305;DIRETOR COMERCIAL;CASADO(A)
M;47;6492,25;300305;TÉCNICO EM ELETROMECÂNICA;CASADO(A)
F;20;809,09;411005;AUXILIAR DE ESCRITORIO, EM GER;SOLTEIRO(A)
M;23;1749,05;914425;MECANICO DE VEICULOS AUTOMOTOR;SOLTEIRO(A)
M;37;3588,63;521105;VENDEDOR EM COMERCIO ATACADIST;CASADO(A)
M;54;6334,78;212405;ANALISTA DE SISTEMA;CASADO(A)
M;27;2449,49;300305;TÉCNICO EM ELETROMECÂNICA;SEPARADO(A) JUDICIALMENTE
M;48;4753,04;313105;ELETROTECNICO;CASADO(A)
M;23;1700,06;914425;MECANICO DE VEICULOS AUTOMOTOR;SOLTEIRO(A)
M;40;4513,81;313105;ELETROTECNICO;SOLTEIRO(A)
M;34;2877,14;313105;ELETROTECNICO;CASADO(A)
M;31;2643,29;414215;CONFERENTE DE CARGA E DESCARGA;CASADO(A)
M;23;2038,41;414215;CONFERENTE DE CARGA E DESCARGA;SOLTEIRO(A)
M;19;1813,61;411005;AUXILIAR DE ESCRITORIO, EM GER;SOLTEIRO(A)
F;24;2025,56;411010;ASSISTENTE ADMINISTRATIVO;SOLTEIRO(A)
M;38;3363,98;300305;TÉCNICO EM ELETROMECÂNICA;CASADO(A)
F;19;748,64;411005;AUXILIAR DE ESCRITORIO, EM GER;SOLTEIRO(A)
M;40;3322,28;913120;MECÂNICO DE MANUTENÇÃO DE MÁQUIN;CASADO(A)
M;45;7808,78;410240;SUPERVISOR DE LOGÍSTICA;CASADO(A)
F;20;1813,61;411005;AUXILIAR DE ESCRITORIO, EM GER;SOLTEIRO(A)
F;16;800,04;411005;AUXILIAR DE ESCRITORIO, EM GER;SOLTEIRO(A)
M;38;4306,55;521105;VENDEDOR EM COMERCIO ATACADIST;CASADO(A)
M;31;2877,14;313105;ELETROTECNICO;SEPARADO(A) JUDICIALMENTE
F;38;2493,82;411010;ASSISTENTE ADMINISTRATIVO;SOLTEIRO(A)
M;16;800,04;411005;AUXILIAR DE ESCRITORIO, EM GER;SOLTEIRO(A)
M;30;2836,23;313105;ELETROTECNICO;SOLTEIRO(A)
M;57;4295,05;520110;SUPERVISOR DE VENDAS COMERCIAL;CASADO(A)
M;60;3703,69;521105;VENDEDOR EM COMERCIO ATACADIST;CASADO(A)
M;36;3520,61;521105;VENDEDOR EM COMERCIO ATACADIST;SOLTEIRO(A)
F;26;2273,79;411010;ASSISTENTE ADMINISTRATIVO;SOLTEIRO(A)
F;41;3707,23;411010;ASSISTENTE ADMINISTRATIVO;SOLTEIRO(A)
M;42;1494,88;318705;DESENHISTA PROJETISTA DE ELETR;CASADO(A)
F;42;1775,21;411010;ASSISTENTE ADMINISTRATIVO;CASADO(A)
M;37;1762,50;214320;ENGENHEIRO ELETRICISTA DE PROJ;SOLTEIRO(A)
F;78;5441,36;142105;GERENTE ADMINISTRATIVO;DIVORCIADO(A)
M;39;5913,41;914425;MECANICO DE VEICULOS AUTOMOTOR;SOLTEIRO(A)
F;38;1791,90;413105;ANALISTA DE FOLHA DE PAGAMENTO;CASADO(A)
M;42;1106,49;514320;FAXINEIRO;SOLTEIRO(A)
M;39;805,00;414105;ALMOXARIFE;SOLTEIRO(A)
M;38;1847,20;313105;ELETROTECNICO;CASADO(A)
M;35;1150,20;914425;MECANICO DE VEICULOS AUTOMOTOR;SOLTEIRO(A)
M;51;2581,25;520110;SUPERVISOR DE VENDAS COMERCIAL;CASADO(A)
F;44;6783,04;411010;ASSISTENTE ADMINISTRATIVO;CASADO(A)
M;51;3774,09;410240;SUPERVISOR DE LOGÍSTICA;SOLTEIRO(A)
M;56;1137,49;313105;ELETROTECNICO;CASADO(A)
F;36;1526,95;411010;ASSISTENTE ADMINISTRATIVO;SOLTEIRO(A)
M;41;1394,30;914425;MECANICO DE VEICULOS AUTOMOTOR;SOLTEIRO(A)
M;65;1997,96;782515;MOTORISTA OPER DE GUINCHO;CASADO(A)
F;40;1480,24;411010;ASSISTENTE ADMINISTRATIVO;SOLTEIRO(A)
M;40;600,00;0;SEM CBO;SOLTEIRO(A)
M;55;3036,91;410105;SUPERVISOR ADMINISTRATIVO;CASADO(A)
M;75;1578,57;410205;SUPERVISOR DE ALMOXARIFADO;CASADO(A)
F;33;1495,50;411010;ASSISTENTE ADMINISTRATIVO;SOLTEIRO(A)
F;51;3967,28;410105;SUPERVISOR ADMINISTRATIVO;OUTROS
M;47;6351,87;313105;ELETROTECNICO;CASADO(A)
M;45;7422,80;410240;SUPERVISOR DE LOGÍSTICA;CASADO(A)
M;41;1924,38;351605;TECNICO EM SEGURANCA DO TRABAL;SOLTEIRO(A)
F;64;2107,20;252210;CONTADOR;SOLTEIRO(A)
M;34;1205,74;313105;ELETROTECNICO;SOLTEIRO(A)
M;34;871,37;514310;AUXILIAR DE MANUTENCAO PREDIAL;SOLTEIRO(A)
M;62;1011,91;782510;MOTORISTA DE CAMINHAO;CASADO(A)
M;58;2332,04;313105;ELETROTECNICO;OUTROS
F;37;3664,78;252210;CONTADOR;SOLTEIRO(A)
M;41;1106,49;414105;ALMOXARIFE;SOLTEIRO(A)
M;50;3664,79;410225;SUPERVISOR DE CREDITO E COBRAN;CASADO(A)
M;47;850,00;623110;TRABALHADOR DA PECUARIA (BOVIN;SOLTEIRO(A)
M;36;900,00;411005;AUXILIAR DE ESCRITORIO, EM GER;SOLTEIRO(A)
M;48;9730,58;142305;GERENTE COMERCIAL;SOLTEIRO(A)
F;44;1010,49;411005;AUXILIAR DE ESCRITORIO, EM GER;CASADO(A)
M;37;900,00;411005;AUXILIAR DE ESCRITORIO, EM GER;SOLTEIRO(A)
M;52;1869,68;521105;VENDEDOR EM COMERCIO ATACADIST;CASADO(A)
M;50;1606,75;782220;OPERADOR DE EMPILHADEIRA;DIVORCIADO(A)
M;38;3159,77;214405;ENGENHEIRO MECANICO;SOLTEIRO(A)
M;44;2234,07;914425;MECANICO DE VEICULOS AUTOMOTOR;SOLTEIRO(A)
M;36;2000,00;411005;AUXILIAR DE ESCRITORIO, EM GER;SOLTEIRO(A)
M;47;1228,49;313105;ELETROTECNICO;CASADO(A)
M;65;880,00;512105;EMPREGADO DOMESTICO;CASADO(A)
M;39;1781,81;521105;VENDEDOR EM COMERCIO ATACADIST;CASADO(A)
M;44;1186,15;414105;ALMOXARIFE;SEPARADO(A) JUDICIALMENTE
M;54;900,00;621005;TRABALHADOR AGROPECUARIO EM GE;SOLTEIRO(A)
M;44;1163,81;782510;MOTORISTA DE CAMINHAO;CASADO(A)
M;56;3424,00;520110;SUPERVISOR DE VENDAS COMERCIAL;CASADO(A)
M;50;2419,53;411010;ASSISTENTE ADMINISTRATIVO;CASADO(A)
M;61;1978,58;521105;VENDEDOR EM COMERCIO ATACADIST;SOLTEIRO(A)
M;49;3345,02;521105;VENDEDOR EM COMERCIO ATACADIST;SEPARADO(A) JUDICIALMENTE
M;45;1920,92;414105;ALMOXARIFE;SOLTEIRO(A)
M;41;2663,56;342115;CONTROLADOR DE SERV DE MAQ E V;CASADO(A)
M;54;2691,03;521105;VENDEDOR EM COMERCIO ATACADIST;SEPARADO(A) JUDICIALMENTE
M;55;1732,27;521105;VENDEDOR EM COMERCIO ATACADIST;CASADO(A)
M;36;5626,19;214320;ENGENHEIRO ELETRICISTA DE PROJ;CASADO(A)
M;50;1835,09;914425;MECANICO DE VEICULOS AUTOMOTOR;SOLTEIRO(A)
M;37;2249,52;342115;CONTROLADOR DE SERV DE MAQ E V;CASADO(A)
F;50;1312,95;411010;ASSISTENTE ADMINISTRATIVO;SOLTEIRO(A)
M;48;1084,33;992120;LAVADOR DE PECAS;CASADO(A)
F;56;4744,61;142705;GERENTE DE PROJETOS E SERVICOS DE MANUTE;CASADO(A)
M;55;1897,40;521105;VENDEDOR EM COMERCIO ATACADIST;CASADO(A)
F;41;2857,62;411010;ASSISTENTE ADMINISTRATIVO;SOLTEIRO(A)
M;47;3653,02;520110;SUPERVISOR DE VENDAS COMERCIAL;CASADO(A)
F;45;2663,56;391210;TECNICO DE GARANTIA DA QUALIDA;CASADO(A)
M;41;1310,70;414105;ALMOXARIFE;SEPARADO(A) JUDICIALMENTE
M;54;2059,71;914425;MECANICO DE VEICULOS AUTOMOTOR;CASADO(A)
M;41;900,00;411005;AUXILIAR DE ESCRITORIO, EM GER;SOLTEIRO(A)
M;46;3732,10;521105;VENDEDOR EM COMERCIO ATACADIST;SEPARADO(A) JUDICIALMENTE
M;26;448,46;411005;AUXILIAR DE ESCRITORIO, EM GER;SOLTEIRO(A)
F;36;1969,31;411010;ASSISTENTE ADMINISTRATIVO;SOLTEIRO(A)
M;25;453,68;411005;AUXILIAR DE ESCRITORIO, EM GER;SOLTEIRO(A)
M;46;2016,69;521105;VENDEDOR EM COMERCIO ATACADIST;CASADO(A)
M;50;4290,70;913120;MECÂNICO DE MANUTENÇÃO DE MÁQUIN;CASADO(A)
M;53;2374,15;521105;VENDEDOR EM COMERCIO ATACADIST;CASADO(A)
M;39;2405,11;910210;SUPERVISOR DA MANUT E REPAR DE;CASADO(A)
M;45;3152,59;914425;MECANICO DE VEICULOS AUTOMOTOR;CASADO(A)
M;42;3548,47;413105;ANALISTA DE FOLHA DE PAGAMENTO;CASADO(A)
M;50;1445,02;414105;ALMOXARIFE;CASADO(A)
F;35;802,00;411005;AUXILIAR DE ESCRITORIO, EM GER;SOLTEIRO(A)
M;36;2565,71;411010;ASSISTENTE ADMINISTRATIVO;CASADO(A)
M;30;1398,53;414105;ALMOXARIFE;SOLTEIRO(A)
M;39;900,00;411005;AUXILIAR DE ESCRITORIO, EM GER;SOLTEIRO(A)
F;37;3927,96;521105;VENDEDOR EM COMERCIO ATACADIST;CASADO(A)
M;35;3090,66;521105;VENDEDOR EM COMERCIO ATACADIST;SOLTEIRO(A)
M;39;1291,02;914425;MECANICO DE VEICULOS AUTOMOTOR;CASADO(A)
M;55;3069,46;342115;CONTROLADOR DE SERV DE MAQ E V;CASADO(A)
F;55;12021,10;142605;GERENTE DE PESQUISA E DESENVOL;CASADO(A)
M;38;1645,66;411010;ASSISTENTE ADMINISTRATIVO;CASADO(A)
M;29;1623,86;914425;MECANICO DE VEICULOS AUTOMOTOR;SOLTEIRO(A)
M;34;1265,92;411005;AUXILIAR DE ESCRITORIO, EM GER;CASADO(A)
F;42;2796,03;354125;ASSISTENTE DE VENDAS;SOLTEIRO(A)
F;43;5716,31;241010;ADVOGADO DE EMPRESA;CASADO(A)
M;41;2237,91;253115;AGENTE PUBLICITARIO;SOLTEIRO(A)
M;49;2307,12;521105;VENDEDOR EM COMERCIO ATACADIST;SEPARADO(A) JUDICIALMENTE
M;35;2330,47;342115;CONTROLADOR DE SERV DE MAQ E V;CASADO(A)
M;36;3406,09;313105;ELETROTECNICO;CASADO(A)
F;25;519,87;411005;AUXILIAR DE ESCRITORIO, EM GER;SOLTEIRO(A)
M;44;1761,87;782515;MOTORISTA OPER DE GUINCHO;CASADO(A)
F;33;1173,17;411005;AUXILIAR DE ESCRITORIO, EM GER;SOLTEIRO(A)
M;48;7911,19;142305;GERENTE COMERCIAL;CASADO(A)
M;30;7346,21;252210;CONTADOR;CASADO(A)
M;35;2337,65;411010;ASSISTENTE ADMINISTRATIVO;SEPARADO(A) JUDICIALMENTE
M;33;1175,15;992120;LAVADOR DE PECAS;SOLTEIRO(A)
M;31;1518,86;313105;ELETROTECNICO;SOLTEIRO(A)
M;44;15035,84;142305;GERENTE COMERCIAL;CASADO(A)
F;30;1749,20;411010;ASSISTENTE ADMINISTRATIVO;SOLTEIRO(A)
M;48;11077,00;520110;SUPERVISOR DE VENDAS COMERCIAL;OUTROS
M;32;2395,99;521105;VENDEDOR EM COMERCIO ATACADIST;CASADO(A)
M;52;4724,44;212405;ANALISTA DE SISTEMA;CASADO(A)
M;48;9685,92;142305;GERENTE COMERCIAL;CASADO(A)
M;48;4881,53;313105;ELETROTECNICO;CASADO(A)
M;44;2986,75;521105;VENDEDOR EM COMERCIO ATACADIST;CASADO(A)
M;53;4819,96;354125;ASSISTENTE DE VENDAS;OUTROS
M;46;4869,03;914425;MECANICO DE VEICULOS AUTOMOTOR;OUTROS
M;28;2795,19;411010;ASSISTENTE ADMINISTRATIVO;SOLTEIRO(A)
F;37;1621,65;411010;ASSISTENTE ADMINISTRATIVO;SOLTEIRO(A)
M;56;2596,61;521105;VENDEDOR EM COMERCIO ATACADIST;CASADO(A)
M;27;1542,23;411010;ASSISTENTE ADMINISTRATIVO;CASADO(A)
M;27;1901,79;414105;ALMOXARIFE;SOLTEIRO(A)
M;29;1591,82;913120;MECÂNICO DE MANUTENÇÃO DE MÁQUIN;SOLTEIRO(A)
M;38;1548,21;862150;OPERADOR DE MAQUINAS FIXAS, EM;SOLTEIRO(A)
F;46;2937,03;252405;ANALISTA DE RECURSOS HUMANOS;CASADO(A)
M;48;1865,73;782515;MOTORISTA OPER DE GUINCHO;CASADO(A)
M;33;7120,94;214320;ENGENHEIRO ELETRICISTA DE PROJ;SOLTEIRO(A)
M;53;8288,65;142305;GERENTE COMERCIAL;CASADO(A)
M;45;6789,30;410240;SUPERVISOR DE LOGÍSTICA;CASADO(A)
M;48;3112,85;521105;VENDEDOR EM COMERCIO ATACADIST;SEPARADO(A) JUDICIALMENTE
M;56;4174,56;342115;CONTROLADOR DE SERV DE MAQ E V;OUTROS
M;28;3069,46;252725;ANALISTA DE GESTÃO DE ESTOQUE;SOLTEIRO(A)
M;65;1100,00;621005;TRABALHADOR AGROPECUARIO EM GE;SOLTEIRO(A)
F;34;4654,35;252210;CONTADOR;CASADO(A)
M;46;3420,84;914425;MECANICO DE VEICULOS AUTOMOTOR;CASADO(A)
M;30;3925,90;313105;ELETROTECNICO;SOLTEIRO(A)
M;32;2734,85;411010;ASSISTENTE ADMINISTRATIVO;CASADO(A)
F;41;1955,83;521105;VENDEDOR EM COMERCIO ATACADIST;SOLTEIRO(A)
F;55;1664,25;411010;ASSISTENTE ADMINISTRATIVO;CASADO(A)
M;47;4869,03;914425;MECANICO DE VEICULOS AUTOMOTOR;CASADO(A)
M;43;4957,72;914425;MECANICO DE VEICULOS AUTOMOTOR;CASADO(A)
M;35;3588,07;913120;MECÂNICO DE MANUTENÇÃO DE MÁQUIN;SOLTEIRO(A)
M;25;900,00;411005;AUXILIAR DE ESCRITORIO, EM GER;SOLTEIRO(A)
M;23;1542,24;414105;ALMOXARIFE;SOLTEIRO(A)
M;39;3774,08;354205;COMPRADOR;CASADO(A)
M;35;4006,56;313105;ELETROTECNICO;CASADO(A)
M;40;2604,87;313105;ELETROTECNICO;CASADO(A)
M;42;4022,91;521105;VENDEDOR EM COMERCIO ATACADIST;CASADO(A)
F;29;2246,75;521105;VENDEDOR EM COMERCIO ATACADIST;SOLTEIRO(A)
F;41;8234,56;142405;GERENTE DE COMPRAS;SOLTEIRO(A)
F;45;2754,01;521105;VENDEDOR EM COMERCIO ATACADIST;CASADO(A)
M;21;630,55;411005;AUXILIAR DE ESCRITORIO, EM GER;SOLTEIRO(A)
M;31;3549,90;300305;TÉCNICO EM ELETROMECÂNICA;CASADO(A)
M;42;2952,88;521105;VENDEDOR EM COMERCIO ATACADIST;OUTROS
F;30;2957,07;318705;DESENHISTA PROJETISTA DE ELETR;SOLTEIRO(A)
M;38;1100,00;621005;TRABALHADOR AGROPECUARIO EM GE;SOLTEIRO(A)
F;56;5625,43;142705;GERENTE DE PROJETOS E SERVICOS DE MANUTE;CASADO(A)
M;27;2572,90;313105;ELETROTECNICO;SOLTEIRO(A)
M;34;5323,33;252210;CONTADOR;SOLTEIRO(A)
M;32;4075,28;214405;ENGENHEIRO MECANICO;SOLTEIRO(A)
M;31;1576,37;414105;ALMOXARIFE;SOLTEIRO(A)
M;51;16707,72;141605;GERENTE DE OPERACOES DE TRANSP;CASADO(A)
M;37;3194,89;313105;ELETROTECNICO;SOLTEIRO(A)
F;45;3182,13;521105;VENDEDOR EM COMERCIO ATACADIST;SOLTEIRO(A)
M;34;3947,00;252210;CONTADOR;SOLTEIRO(A)
M;42;7141,43;141420;GERENTE DE OPERACOES DE SERVICOS DE ASSI;SOLTEIRO(A)
F;28;2631,83;241010;ADVOGADO DE EMPRESA;SOLTEIRO(A)
M;32;5810,05;860115;SUPERVISOR DE OPERAÇÃO ELÉTRICA (GERA;CASADO(A)
M;59;2214,24;782220;OPERADOR DE EMPILHADEIRA;SEPARADO(A) JUDICIALMENTE
M;36;2329,09;411010;ASSISTENTE ADMINISTRATIVO;SOLTEIRO(A)
M;36;3916,67;521105;VENDEDOR EM COMERCIO ATACADIST;SOLTEIRO(A)
M;20;692,32;411005;AUXILIAR DE ESCRITORIO, EM GER;SOLTEIRO(A)
M;30;1901,79;414105;ALMOXARIFE;OUTROS
M;32;2384,51;342115;CONTROLADOR DE SERV DE MAQ E V;SOLTEIRO(A)
M;61;1260,00;621005;TRABALHADOR AGROPECUARIO EM GE;CASADO(A)
M;42;2510,57;521105;VENDEDOR EM COMERCIO ATACADIST;SEPARADO(A) JUDICIALMENTE
F;28;4590,41;253405;ANALISTA DE MÍDIAS SOCIAIS;SOLTEIRO(A)
M;33;4453,91;241010;ADVOGADO DE EMPRESA;SOLTEIRO(A)
F;33;2066,79;411010;ASSISTENTE ADMINISTRATIVO;SEPARADO(A) JUDICIALMENTE
M;33;1693,85;411010;ASSISTENTE ADMINISTRATIVO;SOLTEIRO(A)
M;36;2139,93;414105;ALMOXARIFE;SOLTEIRO(A)
M;24;1632,77;411005;AUXILIAR DE ESCRITORIO, EM GER;SOLTEIRO(A)
M;29;3698,71;318705;DESENHISTA PROJETISTA DE ELETR;SOLTEIRO(A)
M;34;3852,07;521105;VENDEDOR EM COMERCIO ATACADIST;SOLTEIRO(A)
M;47;4930,96;300305;TÉCNICO EM ELETROMECÂNICA;CASADO(A)
M;25;1563,27;914425;MECANICO DE VEICULOS AUTOMOTOR;SOLTEIRO(A)
M;32;3905,03;910210;SUPERVISOR DA MANUT E REPAR DE;CASADO(A)
F;44;2602,84;411010;ASSISTENTE ADMINISTRATIVO;SOLTEIRO(A)
F;30;3404,83;214320;ENGENHEIRO ELETRICISTA DE PROJ;SOLTEIRO(A)
M;39;9812,68;414210;ANOTADOR DE PRODUCAO;CASADO(A)
M;42;2754,83;521105;VENDEDOR EM COMERCIO ATACADIST;CASADO(A)
M;49;3179,70;354205;COMPRADOR;CASADO(A)
F;40;7346,21;252210;CONTADOR;SOLTEIRO(A)
M;24;1504,16;914425;MECANICO DE VEICULOS AUTOMOTOR;SOLTEIRO(A)
M;38;1260,00;621005;TRABALHADOR AGROPECUARIO EM GE;SOLTEIRO(A)
M;24;1585,23;914425;MECANICO DE VEICULOS AUTOMOTOR;SOLTEIRO(A)
M;38;1644,11;521105;VENDEDOR EM COMERCIO ATACADIST;CASADO(A)
F;33;5323,33;253115;AGENTE PUBLICITARIO;SOLTEIRO(A)
M;57;2801,24;914425;MECANICO DE VEICULOS AUTOMOTOR;SEPARADO(A) JUDICIALMENTE
M;39;3622,06;212405;ANALISTA DE SISTEMA;CASADO(A)
M;27;2230,23;414120;CONFERENTE MERC (EXCETO CARGA E DESC;SOLTEIRO(A)
M;33;1550,68;414105;ALMOXARIFE;SOLTEIRO(A)
M;22;704,72;411005;AUXILIAR DE ESCRITORIO, EM GER;SOLTEIRO(A)
M;19;704,72;411005;AUXILIAR DE ESCRITORIO, EM GER;SOLTEIRO(A)
F;31;2551,16;521105;VENDEDOR EM COMERCIO ATACADIST;CASADO(A)
M;23;1300,00;411005;AUXILIAR DE ESCRITORIO, EM GER;SOLTEIRO(A)
M;25;1611,77;414105;ALMOXARIFE;SOLTEIRO(A)
M;30;4235,85;214405;ENGENHEIRO MECANICO;CASADO(A)
M;39;1750,00;621005;TRABALHADOR AGROPECUARIO EM GE;SOLTEIRO(A)
M;36;2720,82;414120;CONFERENTE MERC (EXCETO CARGA E DESC;SOLTEIRO(A)
M;38;1944,04;521105;VENDEDOR EM COMERCIO ATACADIST;SOLTEIRO(A)
M;19;792,55;414140;AUXILIAR DE LOGISTICA;SOLTEIRO(A)
F;34;1901,95;411010;ASSISTENTE ADMINISTRATIVO;SOLTEIRO(A)
M;40;2831,52;521105;VENDEDOR EM COMERCIO ATACADIST;CASADO(A)
F;22;663,39;411005;AUXILIAR DE ESCRITORIO, EM GER;SOLTEIRO(A)
M;56;2469,57;521105;VENDEDOR EM COMERCIO ATACADIST;CASADO(A)
M;43;13600,00;142320;GERENTE DE VENDAS;CASADO(A)
F;29;3080,25;391145;ANALISTA DE PLANEJAMENTO DE MANUTENCAO;SOLTEIRO(A)
M;38;2692,64;521105;VENDEDOR EM COMERCIO ATACADIST;CASADO(A)
F;24;3671,65;318705;DESENHISTA PROJETISTA DE ELETR;SOLTEIRO(A)
F;21;1746,68;411005;AUXILIAR DE ESCRITORIO, EM GER;SOLTEIRO(A)
M;21;2995,23;313105;ELETROTECNICO;SOLTEIRO(A)
M;16;851,97;411005;AUXILIAR DE ESCRITORIO, EM GER;SOLTEIRO(A)
M;24;1960,61;784205;AUXILIAR DE LINHA DE PRODUCAO;SOLTEIRO(A)
F;40;3857,50;411010;ASSISTENTE ADMINISTRATIVO;SOLTEIRO(A)
M;25;2660,61;411010;ASSISTENTE ADMINISTRATIVO;SOLTEIRO(A)
M;21;2463,92;414120;CONFERENTE MERC (EXCETO CARGA E DESC;SOLTEIRO(A)
M;40;3744,62;411010;ASSISTENTE ADMINISTRATIVO;CASADO(A)
F;20;1915,43;411005;AUXILIAR DE ESCRITORIO, EM GER;SOLTEIRO(A)
F;40;3279,63;411010;ASSISTENTE ADMINISTRATIVO;CASADO(A)
M;47;3493,63;313105;ELETROTECNICO;CASADO(A)
F;45;4590,42;411010;ASSISTENTE ADMINISTRATIVO;SEPARADO(A) JUDICIALMENTE
M;17;769,82;411005;AUXILIAR DE ESCRITORIO, EM GER;SOLTEIRO(A)
M;28;3671,65;252725;ANALISTA DE GESTÃO DE ESTOQUE;SOLTEIRO(A)
M;35;3899,96;521105;VENDEDOR EM COMERCIO ATACADIST;CASADO(A)
M;62;3647,02;521105;VENDEDOR EM COMERCIO ATACADIST;CASADO(A)
M;17;761,55;411005;AUXILIAR DE ESCRITORIO, EM GER;SOLTEIRO(A)
M;55;2660,61;782305;MOTORISTA DE CARRO DE PASSEIO;SOLTEIRO(A)
M;25;2556,25;914425;MECANICO DE VEICULOS AUTOMOTOR;SOLTEIRO(A)
M;37;4952,32;521105;VENDEDOR EM COMERCIO ATACADIST;OUTROS
M;32;5795,06;521105;VENDEDOR EM COMERCIO ATACADIST;CASADO(A)
F;60;2070,50;514310;AUXILIAR DE MANUTENCAO PREDIAL;CASADO(A)
M;17;832,85;411005;AUXILIAR DE ESCRITORIO, EM GER;SOLTEIRO(A)
M;30;4456,11;214405;ENGENHEIRO MECANICO;CASADO(A)
M;44;6983,78;313105;ELETROTECNICO;SOLTEIRO(A)
M;34;4590,42;252405;ANALISTA DE RECURSOS HUMANOS;SOLTEIRO(A)
M;26;3725,50;521105;VENDEDOR EM COMERCIO ATACADIST;SOLTEIRO(A)
F;20;774,99;411005;AUXILIAR DE ESCRITORIO, EM GER;SOLTEIRO(A)
M;50;4290,00;313105;ELETROTECNICO;CASADO(A)
M;18;748,64;411005;AUXILIAR DE ESCRITORIO, EM GER;SOLTEIRO(A)
M;61;2756,11;521105;VENDEDOR EM COMERCIO ATACADIST;OUTROS
M;28;4310,25;253115;AGENTE PUBLICITARIO;SOLTEIRO(A)
M;48;4452,52;521105;VENDEDOR EM COMERCIO ATACADIST;SEPARADO(A) JUDICIALMENTE
M;50;2463,92;992120;LAVADOR DE PECAS;CASADO(A)
M;26;2374,84;521105;VENDEDOR EM COMERCIO ATACADIST;SOLTEIRO(A)
M;34;4082,72;521105;VENDEDOR EM COMERCIO ATACADIST;SOLTEIRO(A)
M;27;2997,37;914425;MECANICO DE VEICULOS AUTOMOTOR;CASADO(A)
M;35;2997,37;313105;ELETROTECNICO;SEPARADO(A) JUDICIALMENTE
M;45;3856,69;342115;CONTROLADOR DE SERV DE MAQ E V;CASADO(A)
M;46;3036,91;300305;TÉCNICO EM ELETROMECÂNICA;SOLTEIRO(A)
M;23;1823,58;914425;MECANICO DE VEICULOS AUTOMOTOR;SOLTEIRO(A)
M;31;3250,58;521105;VENDEDOR EM COMERCIO ATACADIST;CASADO(A)
F;44;5381,94;521105;VENDEDOR EM COMERCIO ATACADIST;CASADO(A)
M;25;2823,64;313105;ELETROTECNICO;SOLTEIRO(A)
M;36;1750,00;621005;TRABALHADOR AGROPECUARIO EM GE;CASADO(A)
M;24;2643,29;411010;ASSISTENTE ADMINISTRATIVO;CASADO(A)
M;52;3793,67;914425;MECANICO DE VEICULOS AUTOMOTOR;CASADO(A)
M;44;2583,48;782515;MOTORISTA OPER DE GUINCHO;CASADO(A)
F;37;3000,19;411010;ASSISTENTE ADMINISTRATIVO;SOLTEIRO(A)
M;42;3200,00;621005;TRABALHADOR AGROPECUARIO EM GE;SOLTEIRO(A)
M;43;1598,04;782510;MOTORISTA DE CAMINHAO;CASADO(A)
M;51;1816,85;414105;ALMOXARIFE;SOLTEIRO(A)
F;39;2238,28;252210;CONTADOR;SOLTEIRO(A)
M;36;1207,24;318705;DESENHISTA PROJETISTA DE ELETR;SOLTEIRO(A)
M;41;1602,92;782515;MOTORISTA OPER DE GUINCHO;SOLTEIRO(A)
M;37;2441,68;914425;MECANICO DE VEICULOS AUTOMOTOR;SOLTEIRO(A)
M;51;2824,41;411010;ASSISTENTE ADMINISTRATIVO;SOLTEIRO(A)
M;36;915,87;782510;MOTORISTA DE CAMINHAO;SOLTEIRO(A)
M;44;1561,61;914425;MECANICO DE VEICULOS AUTOMOTOR;SOLTEIRO(A)
M;51;1883,44;313105;ELETROTECNICO;CASADO(A)
M;49;864,00;914425;MECANICO DE VEICULOS AUTOMOTOR;CASADO(A)
F;58;2347,50;521105;VENDEDOR EM COMERCIO ATACADIST;CASADO(A)
M;74;1920,92;411010;ASSISTENTE ADMINISTRATIVO;DESQUITADO(A)
F;50;2924,58;252305;SECRETARIA(O) EXECUTIVA(O);SOLTEIRO(A)
M;51;5323,40;520110;SUPERVISOR DE VENDAS COMERCIAL;SOLTEIRO(A)
M;53;4011,12;521105;VENDEDOR EM COMERCIO ATACADIST;CASADO(A)
M;69;12410,30;142320;GERENTE DE VENDAS;CASADO(A)
M;59;3520,65;521105;VENDEDOR EM COMERCIO ATACADIST;CASADO(A)
M;46;3508,33;142705;GERENTE DE PROJETOS E SERVICOS DE MANUTE;CASADO(A)
M;45;860,00;313105;ELETROTECNICO;SOLTEIRO(A)
M;32;971,22;914425;MECANICO DE VEICULOS AUTOMOTOR;SOLTEIRO(A)
M;43;6208,72;142320;GERENTE DE VENDAS;SOLTEIRO(A)
M;37;2754,83;521105;VENDEDOR EM COMERCIO ATACADIST;SOLTEIRO(A)
M;37;1065,00;914425;MECANICO DE VEICULOS AUTOMOTOR;SOLTEIRO(A)
M;51;1924,38;351605;TECNICO EM SEGURANCA DO TRABAL;CASADO(A)
M;40;2164,64;521105;VENDEDOR EM COMERCIO ATACADIST;SEPARADO(A) JUDICIALMENTE
M;36;1972,29;313105;ELETROTECNICO;SOLTEIRO(A)
M;55;1600,00;521105;VENDEDOR EM COMERCIO ATACADIST;SOLTEIRO(A)
M;32;600,00;0;SEM CBO;SOLTEIRO(A)
M;54;1446,84;521105;VENDEDOR EM COMERCIO ATACADIST;CASADO(A)
M;47;3082,56;914425;MECANICO DE VEICULOS AUTOMOTOR;CASADO(A)
M;35;1309,14;411010;ASSISTENTE ADMINISTRATIVO;SOLTEIRO(A)
F;35;1951,12;241010;ADVOGADO DE EMPRESA;SOLTEIRO(A)
M;53;2038,42;517410;PORTEIRO DE EDIFICIOS;SEPARADO(A) JUDICIALMENTE
F;42;2000,90;411010;ASSISTENTE ADMINISTRATIVO;SOLTEIRO(A)
F;38;4605,84;354125;ASSISTENTE DE VENDAS;CASADO(A)
M;49;2709,22;914425;MECANICO DE VEICULOS AUTOMOTOR;CASADO(A)
F;47;1626,69;411010;ASSISTENTE ADMINISTRATIVO;CASADO(A)
M;48;10558,61;142305;GERENTE COMERCIAL;CASADO(A)
F;43;1565,33;411010;ASSISTENTE ADMINISTRATIVO;SOLTEIRO(A)
F;29;453,68;411005;AUXILIAR DE ESCRITORIO, EM GER;SOLTEIRO(A)
M;48;2222,30;914425;MECANICO DE VEICULOS AUTOMOTOR;CASADO(A)
M;43;4628,89;142330;ANALISTA DE NEGOCIOS;SOLTEIRO(A)
M;64;7342,31;521105;VENDEDOR EM COMERCIO ATACADIST;OUTROS
M;49;2530,00;521105;VENDEDOR EM COMERCIO ATACADIST;CASADO(A)
M;46;1971,50;914425;MECANICO DE VEICULOS AUTOMOTOR;CASADO(A)
M;33;3994,34;521105;VENDEDOR EM COMERCIO ATACADIST;SOLTEIRO(A)
M;33;1200,00;411005;AUXILIAR DE ESCRITORIO, EM GER;SOLTEIRO(A)
F;51;14259,41;410105;SUPERVISOR ADMINISTRATIVO;SOLTEIRO(A)
M;43;1587,52;313105;ELETROTECNICO;CASADO(A)
M;38;1577,28;313105;ELETROTECNICO;SOLTEIRO(A)
M;49;1926,56;914425;MECANICO DE VEICULOS AUTOMOTOR;CASADO(A)
F;37;2128,30;411010;ASSISTENTE ADMINISTRATIVO;CASADO(A)
M;38;1956,13;342115;CONTROLADOR DE SERV DE MAQ E V;SOLTEIRO(A)
M;58;1056,99;782510;MOTORISTA DE CAMINHAO;OUTROS
M;36;1682,53;411010;ASSISTENTE ADMINISTRATIVO;SOLTEIRO(A)
M;38;913,75;313105;ELETROTECNICO;SOLTEIRO(A)
M;40;3075,68;521105;VENDEDOR EM COMERCIO ATACADIST;SEPARADO(A) JUDICIALMENTE
M;42;4657,34;252725;ANALISTA DE GESTÃO DE ESTOQUE;CASADO(A)
M;36;2501,67;252210;CONTADOR;SOLTEIRO(A)
M;47;3117,30;910205;SUPERVISOR DA MANUTENÇÃO E REPARAÇ;CASADO(A)
F;40;3976,54;521105;VENDEDOR EM COMERCIO ATACADIST;CASADO(A)
M;40;1345,91;313105;ELETROTECNICO;CASADO(A)
M;38;2131,59;413105;ANALISTA DE FOLHA DE PAGAMENTO;SOLTEIRO(A)
M;56;2979,06;521105;VENDEDOR EM COMERCIO ATACADIST;SEPARADO(A) JUDICIALMENTE
M;30;1440,00;621005;TRABALHADOR AGROPECUARIO EM GE;SOLTEIRO(A)
F;33;1718,87;414215;CONFERENTE DE CARGA E DESCARGA;CASADO(A)
M;43;1020,00;621005;TRABALHADOR AGROPECUARIO EM GE;SOLTEIRO(A)
M;59;2562,56;521105;VENDEDOR EM COMERCIO ATACADIST;CASADO(A)
F;34;1293,48;411005;AUXILIAR DE ESCRITORIO, EM GER;SOLTEIRO(A)
F;42;2061,77;411010;ASSISTENTE ADMINISTRATIVO;CASADO(A)
M;34;1737,51;411010;ASSISTENTE ADMINISTRATIVO;SOLTEIRO(A)
M;32;2562,31;521105;VENDEDOR EM COMERCIO ATACADIST;SOLTEIRO(A)
M;35;2565,71;252210;CONTADOR;SOLTEIRO(A)
F;42;2349,07;411010;ASSISTENTE ADMINISTRATIVO;CASADO(A)
M;60;4931,28;142705;GERENTE DE PROJETOS E SERVICOS DE MANUTE;CASADO(A)
M;43;1488,72;914425;MECANICO DE VEICULOS AUTOMOTOR;CASADO(A)
M;50;7114,09;212405;ANALISTA DE SISTEMA;SOLTEIRO(A)
M;45;11349,22;142210;GERENTE DE DEPARTAMENTO PESSOA;CASADO(A)
F;42;1792,85;411010;ASSISTENTE ADMINISTRATIVO;CASADO(A)
M;41;2217,33;342115;CONTROLADOR DE SERV DE MAQ E V;CASADO(A)
F;35;2565,73;252210;CONTADOR;CASADO(A)
M;33;900,00;411005;AUXILIAR DE ESCRITORIO, EM GER;SOLTEIRO(A)
M;39;1974,72;914425;MECANICO DE VEICULOS AUTOMOTOR;CASADO(A)
F;32;1293,48;411010;ASSISTENTE ADMINISTRATIVO;SOLTEIRO(A)
M;43;1390,62;914425;MECANICO DE VEICULOS AUTOMOTOR;CASADO(A)
M;30;900,00;411005;AUXILIAR DE ESCRITORIO, EM GER;SOLTEIRO(A)
M;49;3290,40;910210;SUPERVISOR DA MANUT E REPAR DE;CASADO(A)
M;54;6840,47;212405;ANALISTA DE SISTEMA;CASADO(A)
F;52;1936,96;521105;VENDEDOR EM COMERCIO ATACADIST;OUTROS
F;37;1124,93;411005;AUXILIAR DE ESCRITORIO, EM GER;CASADO(A)
M;28;3574,86;252210;CONTADOR;SOLTEIRO(A)
M;29;1491,84;411010;ASSISTENTE ADMINISTRATIVO;SOLTEIRO(A)
M;43;1020,00;621005;TRABALHADOR AGROPECUARIO EM GE;CASADO(A)
F;33;1303,63;411005;AUXILIAR DE ESCRITORIO, EM GER;OUTROS
M;37;2974,50;253115;AGENTE PUBLICITARIO;SOLTEIRO(A)
F;37;1793,56;521105;VENDEDOR EM COMERCIO ATACADIST;CASADO(A)
M;34;1467,73;313105;ELETROTECNICO;SOLTEIRO(A)
M;38;1665,33;521105;VENDEDOR EM COMERCIO ATACADIST;SOLTEIRO(A)
M;34;1899,99;914425;MECANICO DE VEICULOS AUTOMOTOR;SOLTEIRO(A)
F;23;521,50;414140;AUXILIAR DE LOGISTICA;SOLTEIRO(A)
M;34;3583,33;521105;VENDEDOR EM COMERCIO ATACADIST;SOLTEIRO(A)
M;29;1542,23;411010;ASSISTENTE ADMINISTRATIVO;SOLTEIRO(A)
F;46;1775,77;521105;VENDEDOR EM COMERCIO ATACADIST;SOLTEIRO(A)
F;36;1861,52;521105;VENDEDOR EM COMERCIO ATACADIST;CASADO(A)
M;39;1607,52;521105;VENDEDOR EM COMERCIO ATACADIST;CASADO(A)
M;42;1354,61;992120;LAVADOR DE PECAS;SOLTEIRO(A)
M;33;1590,45;313105;ELETROTECNICO;SOLTEIRO(A)
F;38;1554,46;411005;AUXILIAR DE ESCRITORIO, EM GER;CASADO(A)
F;28;900,00;411005;AUXILIAR DE ESCRITORIO, EM GER;SOLTEIRO(A)
M;47;3795,46;300305;TÉCNICO EM ELETROMECÂNICA;CASADO(A)
F;23;658,72;411005;AUXILIAR DE ESCRITORIO, EM GER;SOLTEIRO(A)
F;22;569,26;411005;AUXILIAR DE ESCRITORIO, EM GER;SOLTEIRO(A)
F;27;900,00;411005;AUXILIAR DE ESCRITORIO, EM GER;SOLTEIRO(A)
M;48;5505,87;354125;ASSISTENTE DE VENDAS;CASADO(A)
M;45;1425,10;414105;ALMOXARIFE;CASADO(A)
M;31;1548,21;862150;OPERADOR DE MAQUINAS FIXAS, EM;SOLTEIRO(A)
F;30;2580,02;391145;ANALISTA DE PLANEJAMENTO DE MANUTENCAO;SOLTEIRO(A)
M;48;2127,54;914425;MECANICO DE VEICULOS AUTOMOTOR;CASADO(A)
F;39;1999,79;521105;VENDEDOR EM COMERCIO ATACADIST;CASADO(A)
M;45;5593,30;410205;SUPERVISOR DE ALMOXARIFADO;SOLTEIRO(A)
M;25;638,78;411005;AUXILIAR DE ESCRITORIO, EM GER;SOLTEIRO(A)
M;47;2904,91;521105;VENDEDOR EM COMERCIO ATACADIST;CASADO(A)
F;34;2937,03;252405;ANALISTA DE RECURSOS HUMANOS;SOLTEIRO(A)
M;28;4202,24;914425;MECANICO DE VEICULOS AUTOMOTOR;SOLTEIRO(A)
M;44;2420,70;521105;VENDEDOR EM COMERCIO ATACADIST;CASADO(A)
M;51;2920,83;914425;MECANICO DE VEICULOS AUTOMOTOR;SOLTEIRO(A)
M;61;2692,64;521105;VENDEDOR EM COMERCIO ATACADIST;OUTROS
F;34;1907,12;411010;ASSISTENTE ADMINISTRATIVO;SOLTEIRO(A)
F;45;3372,72;411010;ASSISTENTE ADMINISTRATIVO;CASADO(A)
M;55;2401,81;782305;MOTORISTA DE CARRO DE PASSEIO;SOLTEIRO(A)
M;22;553,94;411005;AUXILIAR DE ESCRITORIO, EM GER;SOLTEIRO(A)
M;61;2500,00;623110;TRABALHADOR DA PECUARIA (BOVIN;DESQUITADO(A)
M;34;6633,77;914425;MECANICO DE VEICULOS AUTOMOTOR;CASADO(A)
M;40;4002,75;313105;ELETROTECNICO;CASADO(A)
M;31;4053,12;411010;ASSISTENTE ADMINISTRATIVO;SOLTEIRO(A)
M;37;2493,09;914425;MECANICO DE VEICULOS AUTOMOTOR;OUTROS
M;44;1300,00;621005;TRABALHADOR AGROPECUARIO EM GE;CASADO(A)
M;34;4897,96;411010;ASSISTENTE ADMINISTRATIVO;CASADO(A)
M;39;3645,03;252725;ANALISTA DE GESTÃO DE ESTOQUE;SOLTEIRO(A)
M;26;4532,02;313105;ELETROTECNICO;SOLTEIRO(A)
M;45;1260,00;621005;TRABALHADOR AGROPECUARIO EM GE;SOLTEIRO(A)
M;33;3111,12;521105;VENDEDOR EM COMERCIO ATACADIST;SOLTEIRO(A)
M;37;2491,82;342115;CONTROLADOR DE SERV DE MAQ E V;CASADO(A)
M;21;658,72;411005;AUXILIAR DE ESCRITORIO, EM GER;SOLTEIRO(A)
F;32;3004,55;253115;AGENTE PUBLICITARIO;OUTROS
M;41;3407,46;914425;MECANICO DE VEICULOS AUTOMOTOR;SOLTEIRO(A)
M;42;2603,57;313105;ELETROTECNICO;SOLTEIRO(A)
M;24;2824,42;414120;CONFERENTE MERC (EXCETO CARGA E DESC;SOLTEIRO(A)
M;43;4852,52;914425;MECANICO DE VEICULOS AUTOMOTOR;CASADO(A)
F;29;1554,46;411005;AUXILIAR DE ESCRITORIO, EM GER;SOLTEIRO(A)
M;56;3896,23;914425;MECANICO DE VEICULOS AUTOMOTOR;CASADO(A)
M;42;4532,02;313105;ELETROTECNICO;CASADO(A)
M;44;2872,19;914425;MECANICO DE VEICULOS AUTOMOTOR;CASADO(A)
M;32;2404,29;342115;CONTROLADOR DE SERV DE MAQ E V;SOLTEIRO(A)
M;39;3596,02;782515;MOTORISTA OPER DE GUINCHO;CASADO(A)
M;44;4271,41;141115;GERENTE DE PROD E OP AGROPECUA;OUTROS
M;42;2146,27;914425;MECANICO DE VEICULOS AUTOMOTOR;SOLTEIRO(A)
M;35;2409,48;913120;MECÂNICO DE MANUTENÇÃO DE MÁQUIN;CASADO(A)
F;46;3725,50;521105;VENDEDOR EM COMERCIO ATACADIST;SOLTEIRO(A)
M;30;3491,37;300305;TÉCNICO EM ELETROMECÂNICA;CASADO(A)
M;29;2268,60;521105;VENDEDOR EM COMERCIO ATACADIST;SOLTEIRO(A)
F;25;3326,39;411010;ASSISTENTE ADMINISTRATIVO;CASADO(A)
F;38;7172,16;252405;ANALISTA DE RECURSOS HUMANOS;SOLTEIRO(A)
M;40;3881,94;342115;CONTROLADOR DE SERV DE MAQ E V;OUTROS
M;49;1750,00;621005;TRABALHADOR AGROPECUARIO EM GE;SOLTEIRO(A)
M;41;4033,47;313105;ELETROTECNICO;SEPARADO(A) JUDICIALMENTE
F;49;5625,44;410240;SUPERVISOR DE LOGÍSTICA;OUTROS
M;44;3120,93;521105;VENDEDOR EM COMERCIO ATACADIST;CASADO(A)
F;34;3001,64;252405;ANALISTA DE RECURSOS HUMANOS;SOLTEIRO(A)
M;46;2385,11;521105;VENDEDOR EM COMERCIO ATACADIST;OUTROS
M;53;2904,91;521105;VENDEDOR EM COMERCIO ATACADIST;CASADO(A)
M;36;3994,35;914425;MECANICO DE VEICULOS AUTOMOTOR;SOLTEIRO(A)
M;32;3558,43;914425;MECANICO DE VEICULOS AUTOMOTOR;SOLTEIRO(A)
M;29;9354,76;410240;SUPERVISOR DE LOGÍSTICA;CASADO(A)
M;19;685,94;411005;AUXILIAR DE ESCRITORIO, EM GER;SOLTEIRO(A)
M;35;1513,43;414105;ALMOXARIFE;CASADO(A)
M;34;2273,78;914425;MECANICO DE VEICULOS AUTOMOTOR;SOLTEIRO(A)
M;27;2703,87;913120;MECÂNICO DE MANUTENÇÃO DE MÁQUIN;SOLTEIRO(A)
M;32;3030,96;521105;VENDEDOR EM COMERCIO ATACADIST;CASADO(A)
M;48;3267,19;521105;VENDEDOR EM COMERCIO ATACADIST;CASADO(A)
M;37;3363,96;313105;ELETROTECNICO;SOLTEIRO(A)
M;43;2800,00;620115;SUPERVISOR DE EXPLORAÇÃO PECUÁRIA;CASADO(A)
F;31;4956,88;252405;ANALISTA DE RECURSOS HUMANOS;CASADO(A)
F;20;692,32;411005;AUXILIAR DE ESCRITORIO, EM GER;SOLTEIRO(A)
M;37;3795,37;411010;ASSISTENTE ADMINISTRATIVO;OUTROS
M;35;1817,65;414105;ALMOXARIFE;SOLTEIRO(A)
M;29;3584,02;914425;MECANICO DE VEICULOS AUTOMOTOR;SOLTEIRO(A)
M;23;1784,01;313105;ELETROTECNICO;SOLTEIRO(A)
F;39;4223,96;411010;ASSISTENTE ADMINISTRATIVO;CASADO(A)
M;38;3907,36;914425;MECANICO DE VEICULOS AUTOMOTOR;CASADO(A)
M;35;6334,78;142125;ANALISTA DE COMPLIANCE;SOLTEIRO(A)
M;44;2760,68;414120;CONFERENTE MERC (EXCETO CARGA E DESC;SOLTEIRO(A)
M;52;1540,00;621005;TRABALHADOR AGROPECUARIO EM GE;CASADO(A)
F;32;3080,25;351605;TECNICO EM SEGURANCA DO TRABAL;SOLTEIRO(A)
M;32;2374,83;521105;VENDEDOR EM COMERCIO ATACADIST;SOLTEIRO(A)
M;27;7509,25;410205;SUPERVISOR DE ALMOXARIFADO;SOLTEIRO(A)
M;26;2145,95;411010;ASSISTENTE ADMINISTRATIVO;SOLTEIRO(A)
M;37;13643,23;252710;ANALISTA DE PLANEJAMENTO DE MATERIAS;CASADO(A)
F;58;2600,45;521105;VENDEDOR EM COMERCIO ATACADIST;CASADO(A)
M;49;3032,44;621005;TRABALHADOR AGROPECUARIO EM GE;SOLTEIRO(A)
M;18;1621,00;411005;AUXILIAR DE ESCRITORIO, EM GER;SOLTEIRO(A)
F;21;1611,77;411005;AUXILIAR DE ESCRITORIO, EM GER;SOLTEIRO(A)
M;16;809,09;411005;AUXILIAR DE ESCRITORIO, EM GER;SOLTEIRO(A)
M;37;3899,96;521105;VENDEDOR EM COMERCIO ATACADIST;CASADO(A)
M;28;3173,57;300305;TÉCNICO EM ELETROMECÂNICA;SOLTEIRO(A)
M;39;2691,03;521105;VENDEDOR EM COMERCIO ATACADIST;SEPARADO(A) JUDICIALMENTE
M;26;1813,61;411005;AUXILIAR DE ESCRITORIO, EM GER;CASADO(A)
M;37;2508,19;313105;ELETROTECNICO;OUTROS
M;32;3128,75;414120;CONFERENTE MERC (EXCETO CARGA E DESC;SOLTEIRO(A)
M;24;2971,28;414120;CONFERENTE MERC (EXCETO CARGA E DESC;SOLTEIRO(A)
M;24;2267,22;414120;CONFERENTE MERC (EXCETO CARGA E DESC;SOLTEIRO(A)
M;43;1792,95;782510;MOTORISTA DE CAMINHAO;CASADO(A)
M;53;8222,64;911305;MECANICO DE MANUTENÇÃO DE MAQUINAS, EM GERAL;SEPARADO(A) JUDICIALMENTE
M;53;8095,56;911305;MECANICO DE MANUTENÇÃO DE MAQUINAS, EM GERAL;CASADO(A)
M;21;754,32;411005;AUXILIAR DE ESCRITORIO, EM GER;SOLTEIRO(A)
M;31;3111,61;521105;VENDEDOR EM COMERCIO ATACADIST;CASADO(A)
M;19;704,53;411005;AUXILIAR DE ESCRITORIO, EM GER;SOLTEIRO(A)
M;31;1863,70;784205;AUXILIAR DE LINHA DE PRODUCAO;CASADO(A)
M;34;1859,45;914425;MECANICO DE VEICULOS AUTOMOTOR;SEPARADO(A) JUDICIALMENTE
M;41;4522,66;521105;VENDEDOR EM COMERCIO ATACADIST;CASADO(A)
M;22;1956,14;914425;MECANICO DE VEICULOS AUTOMOTOR;SOLTEIRO(A)
M;53;7422,80;911305;MECANICO DE MANUTENÇÃO DE MAQUINAS, EM GERAL;SEPARADO(A) JUDICIALMENTE
M;34;2788,47;914425;MECANICO DE VEICULOS AUTOMOTOR;CASADO(A)
M;53;2463,92;514120;ZELADOR DE EDIFÍCIO;CASADO(A)
M;38;5607,76;212405;ANALISTA DE SISTEMA;CASADO(A)
M;52;8936,02;212405;ANALISTA DE SISTEMA;CASADO(A)
M;40;4823,73;521105;VENDEDOR EM COMERCIO ATACADIST;CASADO(A)
M;39;3943,10;252725;ANALISTA DE GESTÃO DE ESTOQUE;SOLTEIRO(A)
M;39;4107,07;521105;VENDEDOR EM COMERCIO ATACADIST;SEPARADO(A) JUDICIALMENTE
F;44;2599,63;411010;ASSISTENTE ADMINISTRATIVO;SOLTEIRO(A)
M;31;2871,74;914425;MECANICO DE VEICULOS AUTOMOTOR;SEPARADO(A) JUDICIALMENTE
M;35;2484,12;521105;VENDEDOR EM COMERCIO ATACADIST;SOLTEIRO(A)
M;34;2844,47;313105;ELETROTECNICO;CASADO(A)
M;32;4074,97;913120;MECÂNICO DE MANUTENÇÃO DE MÁQUIN;SOLTEIRO(A)
M;33;2544,25;914425;MECANICO DE VEICULOS AUTOMOTOR;SEPARADO(A) JUDICIALMENTE
M;20;2083,14;914425;MECANICO DE VEICULOS AUTOMOTOR;SOLTEIRO(A)
M;26;1823,17;914425;MECANICO DE VEICULOS AUTOMOTOR;SOLTEIRO(A)
M;36;11775,37;142330;ANALISTA DE NEGOCIOS;SOLTEIRO(A)
M;29;5866,02;262410;DESENHISTA INDUSTRIAL GRÁFICO (DESIGNER ;SOLTEIRO(A)
M;24;2153,11;414120;CONFERENTE MERC (EXCETO CARGA E DESC;CASADO(A)
M;19;803,35;411005;AUXILIAR DE ESCRITORIO, EM GER;SOLTEIRO(A)
M;33;7829,81;410105;SUPERVISOR ADMINISTRATIVO;SOLTEIRO(A)
F;22;2267,22;414215;CONFERENTE DE CARGA E DESCARGA;SOLTEIRO(A)
M;23;1773,82;414105;ALMOXARIFE;SOLTEIRO(A)
M;22;2560,64;313105;ELETROTECNICO;SOLTEIRO(A)
M;27;2995,25;313105;ELETROTECNICO;SOLTEIRO(A)
F;31;2826,06;521105;VENDEDOR EM COMERCIO ATACADIST;CASADO(A)
M;15;851,97;411005;AUXILIAR DE ESCRITORIO, EM GER;SOLTEIRO(A)
F;19;1650,00;411005;AUXILIAR DE ESCRITORIO, EM GER;SOLTEIRO(A)
M;36;4522,66;521105;VENDEDOR EM COMERCIO ATACADIST;SOLTEIRO(A)
F;26;5829,05;241010;ADVOGADO DE EMPRESA;SOLTEIRO(A)
M;34;4522,65;521105;VENDEDOR EM COMERCIO ATACADIST;CASADO(A)
M;43;3857,50;391145;ANALISTA DE PLANEJAMENTO DE MANUTENCAO;CASADO(A)
M;26;3671,65;411010;ASSISTENTE ADMINISTRATIVO;SOLTEIRO(A)
M;37;3773,12;313105;ELETROTECNICO;CASADO(A)
M;39;3834,57;252725;ANALISTA DE GESTÃO DE ESTOQUE;SOLTEIRO(A)
M;25;1704,93;914425;MECANICO DE VEICULOS AUTOMOTOR;SOLTEIRO(A)
F;51;3916,67;521105;VENDEDOR EM COMERCIO ATACADIST;SOLTEIRO(A)
F;23;1771,01;411005;AUXILIAR DE ESCRITORIO, EM GER;SOLTEIRO(A)
M;35;5543,95;913120;MECÂNICO DE MANUTENÇÃO DE MÁQUIN;CASADO(A)
F;44;7513,94;411010;ASSISTENTE ADMINISTRATIVO;CASADO(A)
M;45;5827,27;142210;GERENTE DE DEPARTAMENTO PESSOA;CASADO(A)
F;41;4470,58;521105;VENDEDOR EM COMERCIO ATACADIST;CASADO(A)
M;47;1337,20;521105;VENDEDOR EM COMERCIO ATACADIST;CASADO(A)
M;46;2480,01;782515;MOTORISTA OPER DE GUINCHO;CASADO(A)
M;39;834,64;252105;ADMINISTRADOR;SOLTEIRO(A)
M;57;4082,75;520110;SUPERVISOR DE VENDAS COMERCIAL;CASADO(A)
M;54;4863,14;142705;GERENTE DE PROJETOS E SERVICOS DE MANUTE;CASADO(A)
M;48;2449,80;411010;ASSISTENTE ADMINISTRATIVO;CASADO(A)
M;42;4528,55;520110;SUPERVISOR DE VENDAS COMERCIAL;OUTROS
F;37;900,00;0;SEM CBO;CASADO(A)
F;37;1303,00;411010;ASSISTENTE ADMINISTRATIVO;SOLTEIRO(A)
M;43;800,00;313105;ELETROTECNICO;CASADO(A)
M;49;5405,04;313105;ELETROTECNICO;CASADO(A)
M;42;3994,52;914425;MECANICO DE VEICULOS AUTOMOTOR;SOLTEIRO(A)
M;40;3647,05;521105;VENDEDOR EM COMERCIO ATACADIST;CASADO(A)
F;49;1505,75;411010;ASSISTENTE ADMINISTRATIVO;CASADO(A)
M;54;1394,48;782515;MOTORISTA OPER DE GUINCHO;CASADO(A)
M;39;2353,03;214320;ENGENHEIRO ELETRICISTA DE PROJ;SOLTEIRO(A)
M;34;1513,21;521105;VENDEDOR EM COMERCIO ATACADIST;SOLTEIRO(A)
M;44;1265,22;914425;MECANICO DE VEICULOS AUTOMOTOR;CASADO(A)
F;49;20754,35;122405;DIRETOR DE OPERACOES COMERCIAI;CASADO(A)
M;43;2355,81;914425;MECANICO DE VEICULOS AUTOMOTOR;CASADO(A)
M;41;900,00;0;SEM CBO;SOLTEIRO(A)
F;40;3674,04;413105;ANALISTA DE FOLHA DE PAGAMENTO;CASADO(A)
M;53;1094,11;782515;MOTORISTA OPER DE GUINCHO;CASADO(A)
M;34;1468,46;992120;LAVADOR DE PECAS;SOLTEIRO(A)
M;49;1394,30;914425;MECANICO DE VEICULOS AUTOMOTOR;CASADO(A)
M;36;3059,90;214320;ENGENHEIRO ELETRICISTA DE PROJ;SOLTEIRO(A)
M;35;900,00;411005;AUXILIAR DE ESCRITORIO, EM GER;SOLTEIRO(A)
M;33;868,32;914425;MECANICO DE VEICULOS AUTOMOTOR;SOLTEIRO(A)
M;32;900,00;411005;AUXILIAR DE ESCRITORIO, EM GER;SOLTEIRO(A)
F;36;900,00;411005;AUXILIAR DE ESCRITORIO, EM GER;SOLTEIRO(A)
M;71;2351,84;521105;VENDEDOR EM COMERCIO ATACADIST;CASADO(A)
M;66;6694,25;950110;SUPERVISOR DE MANUTENCAO ELETR;CASADO(A)
M;55;13727,73;411010;ASSISTENTE ADMINISTRATIVO;CASADO(A)
M;53;4000,00;141115;GERENTE DE PROD E OP AGROPECUA;SOLTEIRO(A)
M;54;3698,62;914425;MECANICO DE VEICULOS AUTOMOTOR;CASADO(A)
M;39;1545,97;313105;ELETROTECNICO;SOLTEIRO(A)
M;37;3600,25;313105;ELETROTECNICO;CASADO(A)
M;50;4211,43;313105;ELETROTECNICO;CASADO(A)
M;47;2000,00;411005;AUXILIAR DE ESCRITORIO, EM GER;SOLTEIRO(A)
F;32;900,00;411005;AUXILIAR DE ESCRITORIO, EM GER;SOLTEIRO(A)
M;62;1533,89;782515;MOTORISTA OPER DE GUINCHO;CASADO(A)
M;62;4175,34;521105;VENDEDOR EM COMERCIO ATACADIST;CASADO(A)
M;54;1596,56;521105;VENDEDOR EM COMERCIO ATACADIST;CASADO(A)
F;33;2040,31;411010;ASSISTENTE ADMINISTRATIVO;SOLTEIRO(A)
M;50;3730,59;914425;MECANICO DE VEICULOS AUTOMOTOR;CASADO(A)
F;36;802,50;411005;AUXILIAR DE ESCRITORIO, EM GER;SOLTEIRO(A)
M;57;2997,39;410240;SUPERVISOR DE LOGÍSTICA;CASADO(A)
F;47;4100,78;411010;ASSISTENTE ADMINISTRATIVO;SOLTEIRO(A)
F;36;1567,21;411010;ASSISTENTE ADMINISTRATIVO;SOLTEIRO(A)
F;33;802,50;411005;AUXILIAR DE ESCRITORIO, EM GER;SOLTEIRO(A)
M;32;1008,68;414105;ALMOXARIFE;SEPARADO(A) JUDICIALMENTE
M;29;1825,31;411010;ASSISTENTE ADMINISTRATIVO;SOLTEIRO(A)
M;35;5974,69;391145;ANALISTA DE PLANEJAMENTO DE MANUTENCAO;CASADO(A)
M;42;1284,00;414215;CONFERENTE DE CARGA E DESCARGA;CASADO(A)
M;41;1136,00;914425;MECANICO DE VEICULOS AUTOMOTOR;SOLTEIRO(A)
M;44;1678,64;991305;FUNILEIRO DE VEICULOS (REPARAC;CASADO(A)
M;52;3424,65;914425;MECANICO DE VEICULOS AUTOMOTOR;CASADO(A)
M;60;4128,68;914425;MECANICO DE VEICULOS AUTOMOTOR;CASADO(A)
F;42;3043,37;252405;ANALISTA DE RECURSOS HUMANOS;CASADO(A)
M;44;5840,61;410105;SUPERVISOR ADMINISTRATIVO;CASADO(A)
M;43;1272,00;414215;CONFERENTE DE CARGA E DESCARGA;CASADO(A)
M;43;2226,67;914425;MECANICO DE VEICULOS AUTOMOTOR;CASADO(A)
F;46;9094,00;142105;GERENTE ADMINISTRATIVO;SOLTEIRO(A)
M;32;2143,83;521105;VENDEDOR EM COMERCIO ATACADIST;SOLTEIRO(A)
F;29;1562,71;411010;ASSISTENTE ADMINISTRATIVO;SOLTEIRO(A)
F;45;2040,37;521105;VENDEDOR EM COMERCIO ATACADIST;SOLTEIRO(A)
M;31;1516,59;313105;ELETROTECNICO;SOLTEIRO(A)
M;28;413,34;411005;AUXILIAR DE ESCRITORIO, EM GER;SOLTEIRO(A)
M;47;11762,50;142605;GERENTE DE PESQUISA E DESENVOL;CASADO(A)
F;52;1226,51;411005;AUXILIAR DE ESCRITORIO, EM GER;OUTROS
F;52;1439,13;411010;ASSISTENTE ADMINISTRATIVO;SOLTEIRO(A)
M;38;1989,02;521105;VENDEDOR EM COMERCIO ATACADIST;SOLTEIRO(A)
M;27;519,87;411005;AUXILIAR DE ESCRITORIO, EM GER;SOLTEIRO(A)
M;31;500,00;411005;AUXILIAR DE ESCRITORIO, EM GER;SOLTEIRO(A)
M;43;3895,22;914425;MECANICO DE VEICULOS AUTOMOTOR;SOLTEIRO(A)
M;37;1478,47;414105;ALMOXARIFE;CASADO(A)
M;44;4540,78;342115;CONTROLADOR DE SERV DE MAQ E V;OUTROS
F;41;3857,49;411010;ASSISTENTE ADMINISTRATIVO;SOLTEIRO(A)
M;48;2151,54;521105;VENDEDOR EM COMERCIO ATACADIST;SOLTEIRO(A)
F;45;2860,07;391210;TECNICO DE GARANTIA DA QUALIDA;CASADO(A)
M;42;3406,09;313105;ELETROTECNICO;CASADO(A)
M;51;2265,87;313105;ELETROTECNICO;CASADO(A)
M;53;4675,50;914425;MECANICO DE VEICULOS AUTOMOTOR;SOLTEIRO(A)
M;52;2568,90;521105;VENDEDOR EM COMERCIO ATACADIST;CASADO(A)
M;42;1533,89;782515;MOTORISTA OPER DE GUINCHO;SOLTEIRO(A)
M;34;1493,40;414105;ALMOXARIFE;CASADO(A)
M;31;900,00;0;SEM CBO;SOLTEIRO(A)
M;34;1137,46;914425;MECANICO DE VEICULOS AUTOMOTOR;CASADO(A)
M;32;2937,04;214320;ENGENHEIRO ELETRICISTA DE PROJ;CASADO(A)
M;49;2088,88;521105;VENDEDOR EM COMERCIO ATACADIST;SEPARADO(A) JUDICIALMENTE
F;26;3857,49;252210;CONTADOR;SOLTEIRO(A)
M;48;1601,51;521105;VENDEDOR EM COMERCIO ATACADIST;CASADO(A)
F;41;2040,29;411010;ASSISTENTE ADMINISTRATIVO;SOLTEIRO(A)
M;33;2739,11;252210;CONTADOR;SOLTEIRO(A)
M;52;4290,71;913120;MECÂNICO DE MANUTENÇÃO DE MÁQUIN;CASADO(A)
M;30;1825,30;411010;ASSISTENTE ADMINISTRATIVO;SOLTEIRO(A)
M;49;5032,93;521105;VENDEDOR EM COMERCIO ATACADIST;CASADO(A)
F;37;7346,21;252210;CONTADOR;SOLTEIRO(A)
M;46;1428,94;414105;ALMOXARIFE;SOLTEIRO(A)
M;27;3917,40;252725;ANALISTA DE GESTÃO DE ESTOQUE;CASADO(A)
F;32;1621,66;411010;ASSISTENTE ADMINISTRATIVO;CASADO(A)
M;40;1731,44;521105;VENDEDOR EM COMERCIO ATACADIST;CASADO(A)
F;29;900,00;411005;AUXILIAR DE ESCRITORIO, EM GER;SOLTEIRO(A)
F;24;498,04;411005;AUXILIAR DE ESCRITORIO, EM GER;SOLTEIRO(A)
M;34;5693,82;913120;MECÂNICO DE MANUTENÇÃO DE MÁQUIN;SOLTEIRO(A)
M;45;3358,50;521105;VENDEDOR EM COMERCIO ATACADIST;OUTROS
F;45;1666,01;411010;ASSISTENTE ADMINISTRATIVO;CASADO(A)
M;37;3072,64;521105;VENDEDOR EM COMERCIO ATACADIST;OUTROS
M;33;1843,48;411010;ASSISTENTE ADMINISTRATIVO;SEPARADO(A) JUDICIALMENTE
M;34;3424,66;914425;MECANICO DE VEICULOS AUTOMOTOR;CASADO(A)
M;35;1944,69;313105;ELETROTECNICO;SOLTEIRO(A)
M;47;2618,62;521105;VENDEDOR EM COMERCIO ATACADIST;CASADO(A)
M;47;6306,99;913120;MECÂNICO DE MANUTENÇÃO DE MÁQUIN;CASADO(A)
F;24;571,41;411005;AUXILIAR DE ESCRITORIO, EM GER;SOLTEIRO(A)
M;42;1606,54;914425;MECANICO DE VEICULOS AUTOMOTOR;CASADO(A)
M;29;900,00;0;SEM CBO;SOLTEIRO(A)
F;42;2663,36;411010;ASSISTENTE ADMINISTRATIVO;CASADO(A)
F;44;3216,04;252305;SECRETARIA(O) EXECUTIVA(O);CASADO(A)
F;50;2795,19;252210;CONTADOR;DESQUITADO(A)
M;35;2703,87;313105;ELETROTECNICO;CASADO(A)
F;55;1493,41;521105;VENDEDOR EM COMERCIO ATACADIST;CASADO(A)
F;31;1352,15;411005;AUXILIAR DE ESCRITORIO, EM GER;SOLTEIRO(A)
F;27;1300,00;411005;AUXILIAR DE ESCRITORIO, EM GER;SOLTEIRO(A)
M;29;2800,98;411010;ASSISTENTE ADMINISTRATIVO;SOLTEIRO(A)
M;51;3136,83;521105;VENDEDOR EM COMERCIO ATACADIST;CASADO(A)
M;32;6656,03;910205;SUPERVISOR DA MANUTENÇÃO E REPARAÇ;SOLTEIRO(A)
F;45;15319,11;142115;GERENTE FINANCEIRO;CASADO(A)
M;56;7631,14;142320;GERENTE DE VENDAS;CASADO(A)
F;29;1542,23;411010;ASSISTENTE ADMINISTRATIVO;SOLTEIRO(A)
M;46;11144,54;354305;ANALISTA DE EXPORTAÇÃO E IMPORTAÇÃO;CASADO(A)
M;37;2974,49;253115;AGENTE PUBLICITARIO;SOLTEIRO(A)
M;30;1748,26;914425;MECANICO DE VEICULOS AUTOMOTOR;SOLTEIRO(A)
M;42;4849,60;313105;ELETROTECNICO;CASADO(A)
F;21;629,38;411005;AUXILIAR DE ESCRITORIO, EM GER;SOLTEIRO(A)
M;52;3083,01;782515;MOTORISTA OPER DE GUINCHO;SEPARADO(A) JUDICIALMENTE
M;53;2320,63;914425;MECANICO DE VEICULOS AUTOMOTOR;SEPARADO(A) JUDICIALMENTE
F;25;1443,65;411010;ASSISTENTE ADMINISTRATIVO;SOLTEIRO(A)
M;39;1454,49;914425;MECANICO DE VEICULOS AUTOMOTOR;SOLTEIRO(A)
M;28;1593,38;411010;ASSISTENTE ADMINISTRATIVO;SOLTEIRO(A)
M;28;1531,39;414105;ALMOXARIFE;SOLTEIRO(A)
F;26;3917,42;411010;ASSISTENTE ADMINISTRATIVO;SOLTEIRO(A)
M;52;1789,84;521105;VENDEDOR EM COMERCIO ATACADIST;CASADO(A)
M;37;2757,38;521105;VENDEDOR EM COMERCIO ATACADIST;SOLTEIRO(A)
M;32;1237,92;414105;ALMOXARIFE;CASADO(A)
M;27;2599,62;914425;MECANICO DE VEICULOS AUTOMOTOR;SEPARADO(A) JUDICIALMENTE
M;38;2447,85;414120;CONFERENTE MERC (EXCETO CARGA E DESC;CASADO(A)
F;27;2268,60;521105;VENDEDOR EM COMERCIO ATACADIST;CASADO(A)
M;30;1451,93;414105;ALMOXARIFE;SOLTEIRO(A)
M;25;1501,83;414105;ALMOXARIFE;SOLTEIRO(A)
M;49;4156,47;521105;VENDEDOR EM COMERCIO ATACADIST;SEPARADO(A) JUDICIALMENTE
M;30;4849,60;913120;MECÂNICO DE MANUTENÇÃO DE MÁQUIN;SOLTEIRO(A)
M;30;1542,24;414105;ALMOXARIFE;SOLTEIRO(A)
M;60;4138,79;521105;VENDEDOR EM COMERCIO ATACADIST;OUTROS
M;39;2540,31;414120;CONFERENTE MERC (EXCETO CARGA E DESC;CASADO(A)
F;35;2294,10;411010;ASSISTENTE ADMINISTRATIVO;SOLTEIRO(A)
M;39;1978,73;782515;MOTORISTA OPER DE GUINCHO;CASADO(A)
M;67;3140,65;521105;VENDEDOR EM COMERCIO ATACADIST;OUTROS
M;31;3067,66;914425;MECANICO DE VEICULOS AUTOMOTOR;SOLTEIRO(A)
F;39;1820,03;411010;ASSISTENTE ADMINISTRATIVO;CASADO(A)
F;43;2619,35;411010;ASSISTENTE ADMINISTRATIVO;CASADO(A)
M;58;2999,13;521105;VENDEDOR EM COMERCIO ATACADIST;CASADO(A)
M;36;2824,42;414120;CONFERENTE MERC (EXCETO CARGA E DESC;CASADO(A)
F;24;2000,47;411010;ASSISTENTE ADMINISTRATIVO;SOLTEIRO(A)
F;21;604,83;411005;AUXILIAR DE ESCRITORIO, EM GER;SOLTEIRO(A)
M;37;2613,66;521105;VENDEDOR EM COMERCIO ATACADIST;SOLTEIRO(A)
M;44;1940,19;414105;ALMOXARIFE;SOLTEIRO(A)
M;25;3857,50;252210;CONTADOR;CASADO(A)
M;37;17384,00;142605;GERENTE DE PESQUISA E DESENVOL;CASADO(A)
M;26;2490,87;914425;MECANICO DE VEICULOS AUTOMOTOR;SOLTEIRO(A)
M;21;700,00;411005;AUXILIAR DE ESCRITORIO, EM GER;SOLTEIRO(A)
F;33;1863,70;411005;AUXILIAR DE ESCRITORIO, EM GER;SOLTEIRO(A)
M;51;4452,52;521105;VENDEDOR EM COMERCIO ATACADIST;OUTROS
M;46;4088,50;342115;CONTROLADOR DE SERV DE MAQ E V;CASADO(A)
M;34;6883,88;391145;ANALISTA DE PLANEJAMENTO DE MANUTENCAO;SOLTEIRO(A)
M;26;2072,03;521105;VENDEDOR EM COMERCIO ATACADIST;SOLTEIRO(A)
M;27;1960,00;621005;TRABALHADOR AGROPECUARIO EM GE;CASADO(A)
M;34;1960,61;414105;ALMOXARIFE;SOLTEIRO(A)
F;33;2410,43;411010;ASSISTENTE ADMINISTRATIVO;SOLTEIRO(A)
M;34;3226,68;914425;MECANICO DE VEICULOS AUTOMOTOR;CASADO(A)
M;47;3281,54;411010;ASSISTENTE ADMINISTRATIVO;CASADO(A)
F;30;3857,50;252210;CONTADOR;CASADO(A)
M;43;3254,25;313105;ELETROTECNICO;SEPARADO(A) JUDICIALMENTE
M;59;2004,31;521105;VENDEDOR EM COMERCIO ATACADIST;OUTROS
M;34;1975,47;914425;MECANICO DE VEICULOS AUTOMOTOR;SOLTEIRO(A)
M;48;2465,90;313105;ELETROTECNICO;CASADO(A)
M;21;634,08;411005;AUXILIAR DE ESCRITORIO, EM GER;SOLTEIRO(A)
M;23;4157,75;913120;MECÂNICO DE MANUTENÇÃO DE MÁQUIN;SOLTEIRO(A)
M;35;4290,70;913120;MECÂNICO DE MANUTENÇÃO DE MÁQUIN;SOLTEIRO(A)
M;35;2484,93;782220;OPERADOR DE EMPILHADEIRA;CASADO(A)
F;26;2720,82;411010;ASSISTENTE ADMINISTRATIVO;SOLTEIRO(A)
M;39;6113,08;354205;COMPRADOR;SOLTEIRO(A)
M;34;2326,32;313105;ELETROTECNICO;SEPARADO(A) JUDICIALMENTE
M;28;2511,66;411010;ASSISTENTE ADMINISTRATIVO;SOLTEIRO(A)
M;38;1942,99;414105;ALMOXARIFE;SOLTEIRO(A)
M;47;5881,71;252210;CONTADOR;SOLTEIRO(A)
M;38;3686,71;300305;TÉCNICO EM ELETROMECÂNICA;SOLTEIRO(A)
F;40;2338,01;521105;VENDEDOR EM COMERCIO ATACADIST;SOLTEIRO(A)
M;46;2977,94;342115;CONTROLADOR DE SERV DE MAQ E V;CASADO(A)
F;40;1693,85;411010;ASSISTENTE ADMINISTRATIVO;OUTROS
M;48;6059,23;914425;MECANICO DE VEICULOS AUTOMOTOR;SOLTEIRO(A)
M;34;3754,73;252725;ANALISTA DE GESTÃO DE ESTOQUE;CASADO(A)
F;36;2874,03;253115;AGENTE PUBLICITARIO;OUTROS
M;34;2813,00;414105;ALMOXARIFE;SOLTEIRO(A)
M;35;3387,15;521105;VENDEDOR EM COMERCIO ATACADIST;SEPARADO(A) JUDICIALMENTE
M;42;3878,30;313105;ELETROTECNICO;CASADO(A)
F;23;2145,94;411010;ASSISTENTE ADMINISTRATIVO;SOLTEIRO(A)
M;60;2754,82;521105;VENDEDOR EM COMERCIO ATACADIST;CASADO(A)
F;30;2252,45;411010;ASSISTENTE ADMINISTRATIVO;SOLTEIRO(A)
M;32;4490,37;313105;ELETROTECNICO;SOLTEIRO(A)
M;36;3698,63;914425;MECANICO DE VEICULOS AUTOMOTOR;SOLTEIRO(A)
F;18;751,22;411005;AUXILIAR DE ESCRITORIO, EM GER;SOLTEIRO(A)
M;19;1813,61;414105;ALMOXARIFE;SOLTEIRO(A)
F;33;4124,65;253115;AGENTE PUBLICITARIO;SOLTEIRO(A)
M;34;14000,00;142320;GERENTE DE VENDAS;SOLTEIRO(A)
M;40;2224,25;414120;CONFERENTE MERC (EXCETO CARGA E DESC;SOLTEIRO(A)
F;27;4453,93;241010;ADVOGADO DE EMPRESA;SOLTEIRO(A)
M;53;4271,41;141115;GERENTE DE PROD E OP AGROPECUA;SOLTEIRO(A)
M;27;3144,66;313105;ELETROTECNICO;SOLTEIRO(A)
M;38;4490,37;913120;MECÂNICO DE MANUTENÇÃO DE MÁQUIN;OUTROS
M;23;1611,77;414105;ALMOXARIFE;SOLTEIRO(A)
M;43;22291,40;142410;GERENTE DE SUPRIMENTOS;CASADO(A)
F;54;17977,30;142315;GERENTE DE MARKETING;OUTROS
M;67;6808,57;520110;SUPERVISOR DE VENDAS COMERCIAL;CASADO(A)
F;29;2915,15;521105;VENDEDOR EM COMERCIO ATACADIST;SOLTEIRO(A)
M;25;2447,87;414120;CONFERENTE MERC (EXCETO CARGA E DESC;SOLTEIRO(A)
M;37;5323,34;354205;COMPRADOR;SOLTEIRO(A)
M;20;1650,00;411005;AUXILIAR DE ESCRITORIO, EM GER;SOLTEIRO(A)
F;18;774,99;411005;AUXILIAR DE ESCRITORIO, EM GER;SOLTEIRO(A)
M;29;3219,77;521105;VENDEDOR EM COMERCIO ATACADIST;CASADO(A)
M;40;2180,08;517410;PORTEIRO DE EDIFICIOS;OUTROS
M;22;1773,82;414105;ALMOXARIFE;SOLTEIRO(A)
M;33;1412,00;621005;TRABALHADOR AGROPECUARIO EM GE;CASADO(A)
M;29;9841,20;410240;SUPERVISOR DE LOGÍSTICA;CASADO(A)
M;33;4849,60;913120;MECÂNICO DE MANUTENÇÃO DE MÁQUIN;CASADO(A)
M;35;3588,63;521105;VENDEDOR EM COMERCIO ATACADIST;OUTROS
M;48;5161,25;914425;MECANICO DE VEICULOS AUTOMOTOR;CASADO(A)
M;49;5987,46;313105;ELETROTECNICO;CASADO(A)
M;21;2267,22;414120;CONFERENTE MERC (EXCETO CARGA E DESC;SOLTEIRO(A)
M;22;2025,57;411010;ASSISTENTE ADMINISTRATIVO;SOLTEIRO(A)
F;23;3400,21;318705;DESENHISTA PROJETISTA DE ELETR;SOLTEIRO(A)
M;33;5441,50;521105;VENDEDOR EM COMERCIO ATACADIST;SOLTEIRO(A)
F;20;803,35;411005;AUXILIAR DE ESCRITORIO, EM GER;SOLTEIRO(A)
M;41;4807,25;521105;VENDEDOR EM COMERCIO ATACADIST;CASADO(A)
M;23;2463,92;411010;ASSISTENTE ADMINISTRATIVO;SOLTEIRO(A)
M;35;2521,16;411010;ASSISTENTE ADMINISTRATIVO;SOLTEIRO(A)
F;17;777,30;411005;AUXILIAR DE ESCRITORIO, EM GER;SOLTEIRO(A)
M;27;2267,22;414120;CONFERENTE MERC (EXCETO CARGA E DESC;SOLTEIRO(A)
M;28;1921,40;521105;VENDEDOR EM COMERCIO ATACADIST;SOLTEIRO(A)
F;41;2267,21;411010;ASSISTENTE ADMINISTRATIVO;OUTROS
F;18;805,99;411005;AUXILIAR DE ESCRITORIO, EM GER;SOLTEIRO(A)
M;43;3702,24;521105;VENDEDOR EM COMERCIO ATACADIST;SOLTEIRO(A)
F;42;6002,10;410240;SUPERVISOR DE LOGÍSTICA;SOLTEIRO(A)
M;36;1731,52;313105;ELETROTECNICO;SOLTEIRO(A)
M;26;2057,04;414120;CONFERENTE MERC (EXCETO CARGA E DESC;SOLTEIRO(A)
M;23;2038,42;414105;ALMOXARIFE;SOLTEIRO(A)
M;22;2200,00;621005;TRABALHADOR AGROPECUARIO EM GE;SOLTEIRO(A)
M;46;1869,12;514310;AUXILIAR DE MANUTENCAO PREDIAL;CASADO(A)
F;17;787,39;411005;AUXILIAR DE ESCRITORIO, EM GER;SOLTEIRO(A)
M;41;2560,64;313105;ELETROTECNICO;SEPARADO(A) JUDICIALMENTE
M;45;3725,50;521105;VENDEDOR EM COMERCIO ATACADIST;CASADO(A)
M;55;5772,95;410105;SUPERVISOR ADMINISTRATIVO;OUTROS
M;31;5799,92;410240;SUPERVISOR DE LOGÍSTICA;SOLTEIRO(A)
M;29;11500,00;410105;SUPERVISOR ADMINISTRATIVO;CASADO(A)
F;24;1886,12;411005;AUXILIAR DE ESCRITORIO, EM GER;SOLTEIRO(A)
F;23;1886,13;411005;AUXILIAR DE ESCRITORIO, EM GER;SOLTEIRO(A)
M;34;1802,05;914425;MECANICO DE VEICULOS AUTOMOTOR;CASADO(A)
M;40;4522,66;521105;VENDEDOR EM COMERCIO ATACADIST;CASADO(A)
M;40;4295,03;521105;VENDEDOR EM COMERCIO ATACADIST;CASADO(A)
F;38;1640,08;411005;AUXILIAR DE ESCRITORIO, EM GER;CASADO(A)
M;38;4753,05;913120;MECÂNICO DE MANUTENÇÃO DE MÁQUIN;CASADO(A)
M;28;4424,95;914425;MECANICO DE VEICULOS AUTOMOTOR;SOLTEIRO(A)
M;31;3917,41;214320;ENGENHEIRO ELETRICISTA DE PROJ;SOLTEIRO(A)
M;42;4424,94;914425;MECANICO DE VEICULOS AUTOMOTOR;SOLTEIRO(A)
M;53;4522,65;521105;VENDEDOR EM COMERCIO ATACADIST;SOLTEIRO(A)
M;18;787,39;411005;AUXILIAR DE ESCRITORIO, EM GER;SOLTEIRO(A)
F;41;2374,85;521105;VENDEDOR EM COMERCIO ATACADIST;CASADO(A)
M;37;6778,81;141420;GERENTE DE OPERACOES DE SERVICOS DE ASSI;CASADO(A)
M;51;3128,74;411010;ASSISTENTE ADMINISTRATIVO;SOLTEIRO(A)
M;27;2995,22;913120;MECÂNICO DE MANUTENÇÃO DE MÁQUIN;SOLTEIRO(A)
